number,value,datetime_start,datetime_complete,duration,params_batch_size,params_dropout,params_lr,params_num_conv_layers,params_path_attention_type,params_path_dim,params_regressor_dim,params_ts_out_channels,params_weight_decay,user_attrs_val_metrics,state
0,0.3901383926471074,2026-02-01 17:25:43.384186,2026-02-01 17:26:20.042764,0 days 00:00:36.658578,16,0.4854204309010693,7.157331734988076e-05,2,mean,4,256,16,0.008230890885145187,"{'val_rmse_mean': 0.9673724174499512, 'val_mae_mean': 0.7471948862075806, 'val_r2_mean': -39.532371520996094, 'val_rmse_target_0': 1.0357422828674316, 'val_mae_target_0': 0.6607571840286255, 'val_r2_target_0': -56.722660064697266, 'val_rmse_target_1': 0.9428861141204834, 'val_mae_target_1': 0.6491881608963013, 'val_r2_target_1': -34.72811508178711, 'val_rmse_target_2': 0.9572699666023254, 'val_mae_target_2': 0.8061234951019287, 'val_r2_target_2': -17.331104278564453, 'val_rmse_target_3': 0.9731686115264893, 'val_mae_target_3': 0.7273471355438232, 'val_r2_target_3': -23.26754379272461, 'val_rmse_target_4': 0.9373804330825806, 'val_mae_target_4': 0.7929226160049438, 'val_r2_target_4': -16.710546493530273, 'val_rmse_target_5': 0.9351610541343689, 'val_mae_target_5': 0.7504577040672302, 'val_r2_target_5': -17.31182289123535, 'val_rmse_target_6': 0.8519269824028015, 'val_mae_target_6': 0.7297791242599487, 'val_r2_target_6': -11.048080444335938, 'val_rmse_target_7': 0.9641614556312561, 'val_mae_target_7': 0.7956520915031433, 'val_r2_target_7': -31.804264068603516, 'val_rmse_target_8': 1.018984079360962, 'val_mae_target_8': 0.8445512056350708, 'val_r2_target_8': -162.90809631347656, 'val_rmse_target_9': 0.9499768614768982, 'val_mae_target_9': 0.7269167900085449, 'val_r2_target_9': -21.780515670776367, 'val_rmse_target_10': 1.0056451559066772, 'val_mae_target_10': 0.7820214629173279, 'val_r2_target_10': -30.109386444091797, 'val_rmse_target_11': 1.0360567569732666, 'val_mae_target_11': 0.7356833219528198, 'val_r2_target_11': -60.93947219848633, 'val_rmse_target_12': 1.0000929832458496, 'val_mae_target_12': 0.7065956592559814, 'val_r2_target_12': -47.818355560302734, 'val_rmse_target_13': 0.9347617626190186, 'val_mae_target_13': 0.7527328729629517, 'val_r2_target_13': -20.973142623901367}",COMPLETE
1,0.38341164202601824,2026-02-01 17:26:20.112510,2026-02-01 17:26:56.039485,0 days 00:00:35.926975,16,0.37033293602184947,0.00036267411823691755,2,mean,4,256,16,0.0015960302116844976,"{'val_rmse_mean': 0.9504112601280212, 'val_mae_mean': 0.7412170171737671, 'val_r2_mean': -8.10012435913086, 'val_rmse_target_0': 1.062061071395874, 'val_mae_target_0': 0.7093112468719482, 'val_r2_target_0': -13.660995483398438, 'val_rmse_target_1': 0.9720917344093323, 'val_mae_target_1': 0.7043291926383972, 'val_r2_target_1': -5.707003116607666, 'val_rmse_target_2': 0.92522794008255, 'val_mae_target_2': 0.7584831714630127, 'val_r2_target_2': -2.562828540802002, 'val_rmse_target_3': 0.9665024876594543, 'val_mae_target_3': 0.7433212995529175, 'val_r2_target_3': -3.619823455810547, 'val_rmse_target_4': 0.8850190043449402, 'val_mae_target_4': 0.6983498334884644, 'val_r2_target_4': -1.2283272743225098, 'val_rmse_target_5': 0.7593147158622742, 'val_mae_target_5': 0.610832154750824, 'val_r2_target_5': -0.18882179260253906, 'val_rmse_target_6': 0.757413387298584, 'val_mae_target_6': 0.6481688022613525, 'val_r2_target_6': -0.21042263507843018, 'val_rmse_target_7': 0.941731333732605, 'val_mae_target_7': 0.7668429613113403, 'val_r2_target_7': -1.8519563674926758, 'val_rmse_target_8': 1.1114000082015991, 'val_mae_target_8': 0.940750241279602, 'val_r2_target_8': -41.05674743652344, 'val_rmse_target_9': 0.8667535781860352, 'val_mae_target_9': 0.6896229386329651, 'val_r2_target_9': -1.521721363067627, 'val_rmse_target_10': 1.0331454277038574, 'val_mae_target_10': 0.8443343639373779, 'val_r2_target_10': -4.775757312774658, 'val_rmse_target_11': 1.0681579113006592, 'val_mae_target_11': 0.7897360324859619, 'val_r2_target_11': -19.406665802001953, 'val_rmse_target_12': 1.036238193511963, 'val_mae_target_12': 0.735735297203064, 'val_r2_target_12': -15.951671600341797, 'val_rmse_target_13': 0.9207003116607666, 'val_mae_target_13': 0.7372214198112488, 'val_r2_target_13': -1.6590015888214111}",COMPLETE
2,0.4052142517434226,2026-02-01 17:26:56.111275,2026-02-01 17:27:33.487326,0 days 00:00:37.376051,16,0.31696647982247794,6.69927843066113e-05,2,mean,16,128,16,0.003121979671536676,"{'val_rmse_mean': 0.986867368221283, 'val_mae_mean': 0.7717154622077942, 'val_r2_mean': -101.69799041748047, 'val_rmse_target_0': 1.018537998199463, 'val_mae_target_0': 0.6615397334098816, 'val_r2_target_0': -156.28929138183594, 'val_rmse_target_1': 0.981675922870636, 'val_mae_target_1': 0.6872143149375916, 'val_r2_target_1': -145.5712127685547, 'val_rmse_target_2': 0.984322726726532, 'val_mae_target_2': 0.813766598701477, 'val_r2_target_2': -69.63412475585938, 'val_rmse_target_3': 0.9770983457565308, 'val_mae_target_3': 0.7419126033782959, 'val_r2_target_3': -68.94084167480469, 'val_rmse_target_4': 0.9707024097442627, 'val_mae_target_4': 0.8120774030685425, 'val_r2_target_4': -74.12560272216797, 'val_rmse_target_5': 0.9717547297477722, 'val_mae_target_5': 0.8062334656715393, 'val_r2_target_5': -64.75045013427734, 'val_rmse_target_6': 0.9763892292976379, 'val_mae_target_6': 0.8393524289131165, 'val_r2_target_6': -58.366817474365234, 'val_rmse_target_7': 0.9939524531364441, 'val_mae_target_7': 0.8290957808494568, 'val_r2_target_7': -114.26732635498047, 'val_rmse_target_8': 1.0190954208374023, 'val_mae_target_8': 0.837901771068573, 'val_r2_target_8': -168.21888732910156, 'val_rmse_target_9': 0.9630939364433289, 'val_mae_target_9': 0.7382118105888367, 'val_r2_target_9': -127.68185424804688, 'val_rmse_target_10': 0.9869965314865112, 'val_mae_target_10': 0.8017012476921082, 'val_r2_target_10': -63.3123779296875, 'val_rmse_target_11': 1.0220344066619873, 'val_mae_target_11': 0.7215681672096252, 'val_r2_target_11': -174.57122802734375, 'val_rmse_target_12': 0.9934523701667786, 'val_mae_target_12': 0.7507156133651733, 'val_r2_target_12': -60.303977966308594, 'val_rmse_target_13': 0.9570370316505432, 'val_mae_target_13': 0.7627261877059937, 'val_r2_target_13': -77.73797607421875}",COMPLETE
3,0.38245202435387504,2026-02-01 17:27:33.557886,2026-02-01 17:28:10.771485,0 days 00:00:37.213599,16,0.4803182392664801,0.00033570581856249876,2,mean,4,256,16,0.004929604508974267,"{'val_rmse_mean': 0.9476724863052368, 'val_mae_mean': 0.7379767298698425, 'val_r2_mean': -10.857969284057617, 'val_rmse_target_0': 1.0294948816299438, 'val_mae_target_0': 0.6729550957679749, 'val_r2_target_0': -16.469640731811523, 'val_rmse_target_1': 0.9685103297233582, 'val_mae_target_1': 0.7026386260986328, 'val_r2_target_1': -7.2833251953125, 'val_rmse_target_2': 0.9964039921760559, 'val_mae_target_2': 0.8407509922981262, 'val_r2_target_2': -3.3593063354492188, 'val_rmse_target_3': 0.9698519706726074, 'val_mae_target_3': 0.7350617051124573, 'val_r2_target_3': -4.364165782928467, 'val_rmse_target_4': 0.9040172100067139, 'val_mae_target_4': 0.7259880900382996, 'val_r2_target_4': -1.6364154815673828, 'val_rmse_target_5': 0.7456858158111572, 'val_mae_target_5': 0.5859379172325134, 'val_r2_target_5': -0.3884481191635132, 'val_rmse_target_6': 0.7566394805908203, 'val_mae_target_6': 0.6582778692245483, 'val_r2_target_6': -0.45388686656951904, 'val_rmse_target_7': 0.9283982515335083, 'val_mae_target_7': 0.757093071937561, 'val_r2_target_7': -1.9088819026947021, 'val_rmse_target_8': 1.0802056789398193, 'val_mae_target_8': 0.9109954833984375, 'val_r2_target_8': -55.862266540527344, 'val_rmse_target_9': 0.8256494402885437, 'val_mae_target_9': 0.6461355686187744, 'val_r2_target_9': -2.1822550296783447, 'val_rmse_target_10': 1.0389001369476318, 'val_mae_target_10': 0.838226318359375, 'val_r2_target_10': -6.433135509490967, 'val_rmse_target_11': 1.08832585811615, 'val_mae_target_11': 0.7929502129554749, 'val_r2_target_11': -28.528902053833008, 'val_rmse_target_12': 1.0240637063980103, 'val_mae_target_12': 0.7364331483840942, 'val_r2_target_12': -20.865978240966797, 'val_rmse_target_13': 0.9112686514854431, 'val_mae_target_13': 0.7282305359840393, 'val_r2_target_13': -2.2749593257904053}",COMPLETE
4,0.41761572576231426,2026-02-01 17:28:10.843904,2026-02-01 17:28:45.627315,0 days 00:00:34.783411,16,0.3175008305796169,7.215985732536735e-05,2,mean,8,32,16,0.0018951897101331006,"{'val_rmse_mean': 1.0065115690231323, 'val_mae_mean': 0.7819615602493286, 'val_r2_mean': -54.42521286010742, 'val_rmse_target_0': 0.9871973395347595, 'val_mae_target_0': 0.6333842873573303, 'val_r2_target_0': -78.700927734375, 'val_rmse_target_1': 1.012476921081543, 'val_mae_target_1': 0.7159336805343628, 'val_r2_target_1': -70.54811096191406, 'val_rmse_target_2': 1.02317476272583, 'val_mae_target_2': 0.8228267431259155, 'val_r2_target_2': -43.73335647583008, 'val_rmse_target_3': 1.0169870853424072, 'val_mae_target_3': 0.7627372145652771, 'val_r2_target_3': -35.99219512939453, 'val_rmse_target_4': 1.0053364038467407, 'val_mae_target_4': 0.8230647444725037, 'val_r2_target_4': -46.037330627441406, 'val_rmse_target_5': 0.9940270781517029, 'val_mae_target_5': 0.841312825679779, 'val_r2_target_5': -33.54813766479492, 'val_rmse_target_6': 1.026983618736267, 'val_mae_target_6': 0.8721714615821838, 'val_r2_target_6': -48.0539665222168, 'val_rmse_target_7': 1.021539568901062, 'val_mae_target_7': 0.8482147455215454, 'val_r2_target_7': -63.746673583984375, 'val_rmse_target_8': 1.0019210577011108, 'val_mae_target_8': 0.8457685112953186, 'val_r2_target_8': -58.65093994140625, 'val_rmse_target_9': 1.016245722770691, 'val_mae_target_9': 0.7974739670753479, 'val_r2_target_9': -35.43202590942383, 'val_rmse_target_10': 0.9965528845787048, 'val_mae_target_10': 0.7821640372276306, 'val_r2_target_10': -45.66781997680664, 'val_rmse_target_11': 0.9980617165565491, 'val_mae_target_11': 0.7034465074539185, 'val_r2_target_11': -68.73792266845703, 'val_rmse_target_12': 1.0027145147323608, 'val_mae_target_12': 0.752501904964447, 'val_r2_target_12': -85.39358520507812, 'val_rmse_target_13': 0.9879448413848877, 'val_mae_target_13': 0.7464619874954224, 'val_r2_target_13': -47.71000289916992}",COMPLETE
5,0.3864255359879247,2026-02-01 17:28:45.703356,2026-02-01 17:29:19.784942,0 days 00:00:34.081586,16,0.2453762326795015,0.0004520670553675236,2,mean,16,32,16,0.0033996924449531977,"{'val_rmse_mean': 0.9619883298873901, 'val_mae_mean': 0.7432489395141602, 'val_r2_mean': -24.794963836669922, 'val_rmse_target_0': 1.0244756937026978, 'val_mae_target_0': 0.6422840356826782, 'val_r2_target_0': -52.02797317504883, 'val_rmse_target_1': 0.9635946154594421, 'val_mae_target_1': 0.66998291015625, 'val_r2_target_1': -27.10563087463379, 'val_rmse_target_2': 0.8960544466972351, 'val_mae_target_2': 0.7314969301223755, 'val_r2_target_2': -8.502450942993164, 'val_rmse_target_3': 0.9450662732124329, 'val_mae_target_3': 0.716102659702301, 'val_r2_target_3': -12.647457122802734, 'val_rmse_target_4': 0.9553638100624084, 'val_mae_target_4': 0.8210605978965759, 'val_r2_target_4': -6.865497589111328, 'val_rmse_target_5': 0.9352632761001587, 'val_mae_target_5': 0.7774478793144226, 'val_r2_target_5': -7.5054473876953125, 'val_rmse_target_6': 0.9122515916824341, 'val_mae_target_6': 0.7759382724761963, 'val_r2_target_6': -10.160399436950684, 'val_rmse_target_7': 0.9861294031143188, 'val_mae_target_7': 0.7951784729957581, 'val_r2_target_7': -23.67409324645996, 'val_rmse_target_8': 1.077396273612976, 'val_mae_target_8': 0.8933581709861755, 'val_r2_target_8': -41.67723083496094, 'val_rmse_target_9': 0.860686719417572, 'val_mae_target_9': 0.6340102553367615, 'val_r2_target_9': -11.957894325256348, 'val_rmse_target_10': 0.968299388885498, 'val_mae_target_10': 0.7726742029190063, 'val_r2_target_10': -15.547281265258789, 'val_rmse_target_11': 1.0402498245239258, 'val_mae_target_11': 0.752748429775238, 'val_r2_target_11': -78.86890411376953, 'val_rmse_target_12': 0.9814980030059814, 'val_mae_target_12': 0.7071385383605957, 'val_r2_target_12': -35.617820739746094, 'val_rmse_target_13': 0.9215065836906433, 'val_mae_target_13': 0.7160629630088806, 'val_r2_target_13': -14.971416473388672}",COMPLETE
6,0.41077753128828826,2026-02-01 17:29:19.857010,2026-02-01 17:29:56.683710,0 days 00:00:36.826700,16,0.32015517600323873,9.872120045816118e-05,2,mean,4,32,16,0.001720094763921366,"{'val_rmse_mean': 0.9963561296463013, 'val_mae_mean': 0.7778365015983582, 'val_r2_mean': -31.486162185668945, 'val_rmse_target_0': 1.0530707836151123, 'val_mae_target_0': 0.6728236675262451, 'val_r2_target_0': -30.957860946655273, 'val_rmse_target_1': 0.9881502985954285, 'val_mae_target_1': 0.711884081363678, 'val_r2_target_1': -35.87644958496094, 'val_rmse_target_2': 0.9652963280677795, 'val_mae_target_2': 0.8098938465118408, 'val_r2_target_2': -24.283275604248047, 'val_rmse_target_3': 0.9715580940246582, 'val_mae_target_3': 0.7147391438484192, 'val_r2_target_3': -42.901023864746094, 'val_rmse_target_4': 0.9592035412788391, 'val_mae_target_4': 0.8033207654953003, 'val_r2_target_4': -21.0196475982666, 'val_rmse_target_5': 0.9698667526245117, 'val_mae_target_5': 0.8113800287246704, 'val_r2_target_5': -30.61802864074707, 'val_rmse_target_6': 0.9315503239631653, 'val_mae_target_6': 0.7948140501976013, 'val_r2_target_6': -33.6323356628418, 'val_rmse_target_7': 1.0086036920547485, 'val_mae_target_7': 0.8324470520019531, 'val_r2_target_7': -27.472171783447266, 'val_rmse_target_8': 1.0355677604675293, 'val_mae_target_8': 0.8643162250518799, 'val_r2_target_8': -25.268932342529297, 'val_rmse_target_9': 1.017501950263977, 'val_mae_target_9': 0.7888745069503784, 'val_r2_target_9': -33.05525207519531, 'val_rmse_target_10': 1.024587631225586, 'val_mae_target_10': 0.8450390696525574, 'val_r2_target_10': -22.345561981201172, 'val_rmse_target_11': 1.0039957761764526, 'val_mae_target_11': 0.7251827120780945, 'val_r2_target_11': -41.662559509277344, 'val_rmse_target_12': 1.0188313722610474, 'val_mae_target_12': 0.7476745843887329, 'val_r2_target_12': -42.15595245361328, 'val_rmse_target_13': 1.00120210647583, 'val_mae_target_13': 0.7673220634460449, 'val_r2_target_13': -29.557260513305664}",COMPLETE
7,0.41343946120253317,2026-02-01 17:29:56.757366,2026-02-01 17:30:33.183142,0 days 00:00:36.425776,16,0.4702230014068291,9.734288916409769e-05,2,mean,16,32,16,0.0012709085928378535,"{'val_rmse_mean': 0.9980236887931824, 'val_mae_mean': 0.7753979563713074, 'val_r2_mean': -79.52417755126953, 'val_rmse_target_0': 1.0087745189666748, 'val_mae_target_0': 0.6501122117042542, 'val_r2_target_0': -79.90069580078125, 'val_rmse_target_1': 0.9190460443496704, 'val_mae_target_1': 0.6368393301963806, 'val_r2_target_1': -35.4696159362793, 'val_rmse_target_2': 1.0376811027526855, 'val_mae_target_2': 0.8522069454193115, 'val_r2_target_2': -61.96553039550781, 'val_rmse_target_3': 1.0091948509216309, 'val_mae_target_3': 0.7664183378219604, 'val_r2_target_3': -75.054931640625, 'val_rmse_target_4': 1.0109204053878784, 'val_mae_target_4': 0.8448250889778137, 'val_r2_target_4': -174.30189514160156, 'val_rmse_target_5': 0.99177485704422, 'val_mae_target_5': 0.8279638886451721, 'val_r2_target_5': -81.22967529296875, 'val_rmse_target_6': 0.9774697422981262, 'val_mae_target_6': 0.8274627327919006, 'val_r2_target_6': -56.61595153808594, 'val_rmse_target_7': 0.9742385745048523, 'val_mae_target_7': 0.8051146268844604, 'val_r2_target_7': -61.00541687011719, 'val_rmse_target_8': 1.0344771146774292, 'val_mae_target_8': 0.8426681756973267, 'val_r2_target_8': -127.27227783203125, 'val_rmse_target_9': 0.9567080736160278, 'val_mae_target_9': 0.7445946335792542, 'val_r2_target_9': -89.13841247558594, 'val_rmse_target_10': 1.0098600387573242, 'val_mae_target_10': 0.8025239109992981, 'val_r2_target_10': -59.733428955078125, 'val_rmse_target_11': 1.0149093866348267, 'val_mae_target_11': 0.7034527659416199, 'val_r2_target_11': -72.65321350097656, 'val_rmse_target_12': 1.024160623550415, 'val_mae_target_12': 0.757470965385437, 'val_r2_target_12': -79.54553985595703, 'val_rmse_target_13': 1.0031166076660156, 'val_mae_target_13': 0.7939178347587585, 'val_r2_target_13': -59.45198059082031}",COMPLETE
8,0.40929103559917873,2026-02-01 17:30:33.256101,2026-02-01 17:31:08.319563,0 days 00:00:35.063462,16,0.43845364663797176,6.259645367566677e-05,2,mean,8,128,16,0.0023708961863813777,"{'val_rmse_mean': 0.994648277759552, 'val_mae_mean': 0.7743739485740662, 'val_r2_mean': -74.41217041015625, 'val_rmse_target_0': 0.9976963400840759, 'val_mae_target_0': 0.6513148546218872, 'val_r2_target_0': -96.47434997558594, 'val_rmse_target_1': 1.0077801942825317, 'val_mae_target_1': 0.7126543521881104, 'val_r2_target_1': -115.88639068603516, 'val_rmse_target_2': 1.0126986503601074, 'val_mae_target_2': 0.8590155243873596, 'val_r2_target_2': -58.718994140625, 'val_rmse_target_3': 0.9545392394065857, 'val_mae_target_3': 0.7220569252967834, 'val_r2_target_3': -43.107967376708984, 'val_rmse_target_4': 0.9944267272949219, 'val_mae_target_4': 0.8369427919387817, 'val_r2_target_4': -56.863250732421875, 'val_rmse_target_5': 0.9665543437004089, 'val_mae_target_5': 0.7710543274879456, 'val_r2_target_5': -31.434574127197266, 'val_rmse_target_6': 0.9399077296257019, 'val_mae_target_6': 0.8035210371017456, 'val_r2_target_6': -49.39047622680664, 'val_rmse_target_7': 1.0013574361801147, 'val_mae_target_7': 0.8207013607025146, 'val_r2_target_7': -49.070560455322266, 'val_rmse_target_8': 1.045969009399414, 'val_mae_target_8': 0.868558406829834, 'val_r2_target_8': -93.03694915771484, 'val_rmse_target_9': 0.9335860013961792, 'val_mae_target_9': 0.7062437534332275, 'val_r2_target_9': -58.273860931396484, 'val_rmse_target_10': 1.026037335395813, 'val_mae_target_10': 0.8319435119628906, 'val_r2_target_10': -86.7959213256836, 'val_rmse_target_11': 1.0302430391311646, 'val_mae_target_11': 0.7137156128883362, 'val_r2_target_11': -179.3717803955078, 'val_rmse_target_12': 1.0593270063400269, 'val_mae_target_12': 0.7882762551307678, 'val_r2_target_12': -57.488800048828125, 'val_rmse_target_13': 0.9549527168273926, 'val_mae_target_13': 0.7552359700202942, 'val_r2_target_13': -65.85655212402344}",COMPLETE
9,0.3696866984720583,2026-02-01 17:31:08.392198,2026-02-01 17:31:42.453481,0 days 00:00:34.061283,16,0.4560920657058551,0.0003758120824546525,2,mean,16,256,16,0.0014324408101573898,"{'val_rmse_mean': 0.9299010634422302, 'val_mae_mean': 0.7210206389427185, 'val_r2_mean': -10.020733833312988, 'val_rmse_target_0': 1.0363719463348389, 'val_mae_target_0': 0.6698787808418274, 'val_r2_target_0': -18.455883026123047, 'val_rmse_target_1': 0.9637507200241089, 'val_mae_target_1': 0.708088755607605, 'val_r2_target_1': -6.4434356689453125, 'val_rmse_target_2': 0.8973995447158813, 'val_mae_target_2': 0.7558684945106506, 'val_r2_target_2': -2.8566746711730957, 'val_rmse_target_3': 0.9380956888198853, 'val_mae_target_3': 0.7090176343917847, 'val_r2_target_3': -4.095470905303955, 'val_rmse_target_4': 0.8621871471405029, 'val_mae_target_4': 0.6917290687561035, 'val_r2_target_4': -1.7934377193450928, 'val_rmse_target_5': 0.755913496017456, 'val_mae_target_5': 0.5695061087608337, 'val_r2_target_5': -0.5819334983825684, 'val_rmse_target_6': 0.763846755027771, 'val_mae_target_6': 0.6641486287117004, 'val_r2_target_6': -0.5978330373764038, 'val_rmse_target_7': 0.8865932822227478, 'val_mae_target_7': 0.7328311800956726, 'val_r2_target_7': -2.695512533187866, 'val_rmse_target_8': 1.0815962553024292, 'val_mae_target_8': 0.9132813811302185, 'val_r2_target_8': -43.89653015136719, 'val_rmse_target_9': 0.8682374954223633, 'val_mae_target_9': 0.6681742668151855, 'val_r2_target_9': -2.8503963947296143, 'val_rmse_target_10': 1.0055278539657593, 'val_mae_target_10': 0.8098459839820862, 'val_r2_target_10': -6.5969014167785645, 'val_rmse_target_11': 1.0626274347305298, 'val_mae_target_11': 0.7747723460197449, 'val_r2_target_11': -32.91628646850586, 'val_rmse_target_12': 1.015242099761963, 'val_mae_target_12': 0.716025173664093, 'val_r2_target_12': -14.18393611907959, 'val_rmse_target_13': 0.8812248706817627, 'val_mae_target_13': 0.7111209034919739, 'val_r2_target_13': -2.3260276317596436}",COMPLETE
10,0.3980117252579442,2026-02-01 17:31:42.523916,2026-02-01 17:32:18.669037,0 days 00:00:36.145121,16,0.40626726180762784,0.00023066855740607955,2,mean,16,64,16,0.0010333630550584951,"{'val_rmse_mean': 0.9797555804252625, 'val_mae_mean': 0.7584055066108704, 'val_r2_mean': -66.8709945678711, 'val_rmse_target_0': 1.0143563747406006, 'val_mae_target_0': 0.6426509618759155, 'val_r2_target_0': -114.4245834350586, 'val_rmse_target_1': 0.9570932984352112, 'val_mae_target_1': 0.6542649269104004, 'val_r2_target_1': -86.1113510131836, 'val_rmse_target_2': 0.9883484244346619, 'val_mae_target_2': 0.8288565278053284, 'val_r2_target_2': -43.448699951171875, 'val_rmse_target_3': 0.9916275143623352, 'val_mae_target_3': 0.7507694363594055, 'val_r2_target_3': -76.38436889648438, 'val_rmse_target_4': 0.9295667409896851, 'val_mae_target_4': 0.7634594440460205, 'val_r2_target_4': -34.00165557861328, 'val_rmse_target_5': 0.9267733693122864, 'val_mae_target_5': 0.7738376259803772, 'val_r2_target_5': -26.437694549560547, 'val_rmse_target_6': 0.9182841181755066, 'val_mae_target_6': 0.7898958921432495, 'val_r2_target_6': -20.190902709960938, 'val_rmse_target_7': 0.9509008526802063, 'val_mae_target_7': 0.7844422459602356, 'val_r2_target_7': -48.65177917480469, 'val_rmse_target_8': 1.0672889947891235, 'val_mae_target_8': 0.8922519683837891, 'val_r2_target_8': -122.70503997802734, 'val_rmse_target_9': 0.9435282349586487, 'val_mae_target_9': 0.7119781970977783, 'val_r2_target_9': -50.66648864746094, 'val_rmse_target_10': 0.9972473978996277, 'val_mae_target_10': 0.7917546033859253, 'val_r2_target_10': -111.29801940917969, 'val_rmse_target_11': 1.031058669090271, 'val_mae_target_11': 0.736720621585846, 'val_r2_target_11': -98.1757583618164, 'val_rmse_target_12': 1.0286458730697632, 'val_mae_target_12': 0.7414395809173584, 'val_r2_target_12': -71.91181945800781, 'val_rmse_target_13': 0.9718586206436157, 'val_mae_target_13': 0.7553541660308838, 'val_r2_target_13': -31.785770416259766}",COMPLETE
11,0.3805540755943016,2026-02-01 17:32:18.740627,2026-02-01 17:32:55.281770,0 days 00:00:36.541143,16,0.49432811791253556,0.00025188360704557185,2,mean,4,256,16,0.005988034442628942,"{'val_rmse_mean': 0.9470138549804688, 'val_mae_mean': 0.7369441986083984, 'val_r2_mean': -13.73930549621582, 'val_rmse_target_0': 1.0452367067337036, 'val_mae_target_0': 0.6779354214668274, 'val_r2_target_0': -26.09619140625, 'val_rmse_target_1': 0.9645317792892456, 'val_mae_target_1': 0.6939818263053894, 'val_r2_target_1': -8.257801055908203, 'val_rmse_target_2': 0.9936936497688293, 'val_mae_target_2': 0.8460806608200073, 'val_r2_target_2': -4.325321674346924, 'val_rmse_target_3': 0.9708343148231506, 'val_mae_target_3': 0.7498087286949158, 'val_r2_target_3': -5.744431972503662, 'val_rmse_target_4': 0.8807797431945801, 'val_mae_target_4': 0.7238437533378601, 'val_r2_target_4': -2.047409772872925, 'val_rmse_target_5': 0.7741920948028564, 'val_mae_target_5': 0.5985226631164551, 'val_r2_target_5': -0.6088252067565918, 'val_rmse_target_6': 0.7428707480430603, 'val_mae_target_6': 0.6484885215759277, 'val_r2_target_6': -0.5843920707702637, 'val_rmse_target_7': 0.9209190011024475, 'val_mae_target_7': 0.7382441163063049, 'val_r2_target_7': -3.0149688720703125, 'val_rmse_target_8': 1.090667724609375, 'val_mae_target_8': 0.9115074276924133, 'val_r2_target_8': -69.62421417236328, 'val_rmse_target_9': 0.8664522767066956, 'val_mae_target_9': 0.6760030388832092, 'val_r2_target_9': -4.472253322601318, 'val_rmse_target_10': 1.00325608253479, 'val_mae_target_10': 0.8130186796188354, 'val_r2_target_10': -7.405109405517578, 'val_rmse_target_11': 1.0649962425231934, 'val_mae_target_11': 0.7714070081710815, 'val_r2_target_11': -34.14218521118164, 'val_rmse_target_12': 1.0296674966812134, 'val_mae_target_12': 0.7448947429656982, 'val_r2_target_12': -22.796133041381836, 'val_rmse_target_13': 0.9100965261459351, 'val_mae_target_13': 0.7234822511672974, 'val_r2_target_13': -3.2310519218444824}",COMPLETE
12,0.3788032239234006,2026-02-01 17:32:55.352791,2026-02-01 17:33:32.038340,0 days 00:00:36.685549,16,0.42314018060991015,0.0001892577366350273,2,mean,4,256,16,0.008748991928996875,"{'val_rmse_mean': 0.9454112648963928, 'val_mae_mean': 0.7329159379005432, 'val_r2_mean': -16.05295181274414, 'val_rmse_target_0': 1.0341475009918213, 'val_mae_target_0': 0.6633719205856323, 'val_r2_target_0': -34.47967529296875, 'val_rmse_target_1': 0.9673683047294617, 'val_mae_target_1': 0.7044462561607361, 'val_r2_target_1': -10.358414649963379, 'val_rmse_target_2': 0.9760446548461914, 'val_mae_target_2': 0.8147364854812622, 'val_r2_target_2': -6.342973232269287, 'val_rmse_target_3': 0.9429072141647339, 'val_mae_target_3': 0.7296870946884155, 'val_r2_target_3': -6.448136806488037, 'val_rmse_target_4': 0.8846346735954285, 'val_mae_target_4': 0.7183117270469666, 'val_r2_target_4': -3.1500988006591797, 'val_rmse_target_5': 0.776145875453949, 'val_mae_target_5': 0.5925742983818054, 'val_r2_target_5': -1.2825281620025635, 'val_rmse_target_6': 0.7617831230163574, 'val_mae_target_6': 0.6715601682662964, 'val_r2_target_6': -1.4259653091430664, 'val_rmse_target_7': 0.9311901330947876, 'val_mae_target_7': 0.7575370073318481, 'val_r2_target_7': -4.2621893882751465, 'val_rmse_target_8': 1.0880247354507446, 'val_mae_target_8': 0.9119365811347961, 'val_r2_target_8': -70.86699676513672, 'val_rmse_target_9': 0.8621456623077393, 'val_mae_target_9': 0.6671239137649536, 'val_r2_target_9': -5.158103942871094, 'val_rmse_target_10': 1.0230175256729126, 'val_mae_target_10': 0.8173194527626038, 'val_r2_target_10': -9.573559761047363, 'val_rmse_target_11': 1.061108112335205, 'val_mae_target_11': 0.7658474445343018, 'val_r2_target_11': -42.62747573852539, 'val_rmse_target_12': 1.025370478630066, 'val_mae_target_12': 0.7368351221084595, 'val_r2_target_12': -24.327781677246094, 'val_rmse_target_13': 0.9018701910972595, 'val_mae_target_13': 0.7095359563827515, 'val_r2_target_13': -4.437412261962891}",COMPLETE
13,0.37626502966439285,2026-02-01 17:33:32.109288,2026-02-01 17:34:07.940047,0 days 00:00:35.830759,16,0.41523066824704336,0.0001655730178021158,2,mean,16,256,16,0.009996664517718992,"{'val_rmse_mean': 0.9460123777389526, 'val_mae_mean': 0.7286553978919983, 'val_r2_mean': -33.48299026489258, 'val_rmse_target_0': 1.027309775352478, 'val_mae_target_0': 0.6510963439941406, 'val_r2_target_0': -83.53807067871094, 'val_rmse_target_1': 0.9552571773529053, 'val_mae_target_1': 0.6690026521682739, 'val_r2_target_1': -29.054882049560547, 'val_rmse_target_2': 0.9195353388786316, 'val_mae_target_2': 0.7796516418457031, 'val_r2_target_2': -10.080522537231445, 'val_rmse_target_3': 0.9404670000076294, 'val_mae_target_3': 0.7097035646438599, 'val_r2_target_3': -11.803319931030273, 'val_rmse_target_4': 0.9242192506790161, 'val_mae_target_4': 0.7528038024902344, 'val_r2_target_4': -9.126794815063477, 'val_rmse_target_5': 0.8099324703216553, 'val_mae_target_5': 0.6234992146492004, 'val_r2_target_5': -4.003122329711914, 'val_rmse_target_6': 0.8046572208404541, 'val_mae_target_6': 0.7018870115280151, 'val_r2_target_6': -4.177029609680176, 'val_rmse_target_7': 0.9232237935066223, 'val_mae_target_7': 0.7607592940330505, 'val_r2_target_7': -9.60575008392334, 'val_rmse_target_8': 1.065830945968628, 'val_mae_target_8': 0.9044552445411682, 'val_r2_target_8': -116.21070861816406, 'val_rmse_target_9': 0.9025822877883911, 'val_mae_target_9': 0.6861960887908936, 'val_r2_target_9': -13.73140811920166, 'val_rmse_target_10': 1.0154411792755127, 'val_mae_target_10': 0.7975968718528748, 'val_r2_target_10': -29.227567672729492, 'val_rmse_target_11': 1.0295599699020386, 'val_mae_target_11': 0.7272129654884338, 'val_r2_target_11': -93.26825714111328, 'val_rmse_target_12': 1.007992148399353, 'val_mae_target_12': 0.7178959250450134, 'val_r2_target_12': -41.71503448486328, 'val_rmse_target_13': 0.9181647896766663, 'val_mae_target_13': 0.719415545463562, 'val_r2_target_13': -13.219399452209473}",COMPLETE
14,0.4059088776508967,2026-02-01 17:34:08.012938,2026-02-01 17:34:43.228966,0 days 00:00:35.216028,16,0.3829761439394015,0.00014693453900038275,2,mean,16,64,16,0.004765008476314963,"{'val_rmse_mean': 0.9889053702354431, 'val_mae_mean': 0.7645430564880371, 'val_r2_mean': -85.5274658203125, 'val_rmse_target_0': 1.0312459468841553, 'val_mae_target_0': 0.6572203040122986, 'val_r2_target_0': -180.40821838378906, 'val_rmse_target_1': 0.982636034488678, 'val_mae_target_1': 0.6922855377197266, 'val_r2_target_1': -89.90940856933594, 'val_rmse_target_2': 0.9966842532157898, 'val_mae_target_2': 0.8127888441085815, 'val_r2_target_2': -77.32911682128906, 'val_rmse_target_3': 0.9942170977592468, 'val_mae_target_3': 0.7541757225990295, 'val_r2_target_3': -51.32643508911133, 'val_rmse_target_4': 0.971660315990448, 'val_mae_target_4': 0.8181223273277283, 'val_r2_target_4': -79.63216400146484, 'val_rmse_target_5': 0.9588409066200256, 'val_mae_target_5': 0.7945588231086731, 'val_r2_target_5': -69.90003204345703, 'val_rmse_target_6': 0.9678090214729309, 'val_mae_target_6': 0.8208209276199341, 'val_r2_target_6': -41.59284591674805, 'val_rmse_target_7': 0.981476366519928, 'val_mae_target_7': 0.8065494298934937, 'val_r2_target_7': -62.985328674316406, 'val_rmse_target_8': 1.0199748277664185, 'val_mae_target_8': 0.8313929438591003, 'val_r2_target_8': -107.67082977294922, 'val_rmse_target_9': 0.9484292268753052, 'val_mae_target_9': 0.7350988984107971, 'val_r2_target_9': -63.676475524902344, 'val_rmse_target_10': 0.9832637310028076, 'val_mae_target_10': 0.7987306118011475, 'val_r2_target_10': -67.32330322265625, 'val_rmse_target_11': 1.0299766063690186, 'val_mae_target_11': 0.6995300650596619, 'val_r2_target_11': -130.702392578125, 'val_rmse_target_12': 1.0246191024780273, 'val_mae_target_12': 0.7202382683753967, 'val_r2_target_12': -119.0482177734375, 'val_rmse_target_13': 0.9538413882255554, 'val_mae_target_13': 0.7620907425880432, 'val_r2_target_13': -55.87984085083008}",COMPLETE
15,0.38990746935208637,2026-02-01 17:34:43.301376,2026-02-01 17:35:19.813105,0 days 00:00:36.511729,16,0.44335278524597377,0.00013453855042395817,2,mean,16,256,16,0.0028725552555934762,"{'val_rmse_mean': 0.9649206399917603, 'val_mae_mean': 0.7443398833274841, 'val_r2_mean': -36.59840774536133, 'val_rmse_target_0': 1.0274025201797485, 'val_mae_target_0': 0.6545729637145996, 'val_r2_target_0': -55.77476501464844, 'val_rmse_target_1': 0.9640892148017883, 'val_mae_target_1': 0.667836606502533, 'val_r2_target_1': -29.847270965576172, 'val_rmse_target_2': 0.9528331160545349, 'val_mae_target_2': 0.7825465798377991, 'val_r2_target_2': -22.593061447143555, 'val_rmse_target_3': 0.9837009310722351, 'val_mae_target_3': 0.7375393509864807, 'val_r2_target_3': -19.603113174438477, 'val_rmse_target_4': 0.9431717395782471, 'val_mae_target_4': 0.7708486914634705, 'val_r2_target_4': -19.4509220123291, 'val_rmse_target_5': 0.8588531017303467, 'val_mae_target_5': 0.6878599524497986, 'val_r2_target_5': -7.572986602783203, 'val_rmse_target_6': 0.846874475479126, 'val_mae_target_6': 0.7248912453651428, 'val_r2_target_6': -7.521596908569336, 'val_rmse_target_7': 0.9243378043174744, 'val_mae_target_7': 0.7694243788719177, 'val_r2_target_7': -14.587074279785156, 'val_rmse_target_8': 1.0764544010162354, 'val_mae_target_8': 0.8999168276786804, 'val_r2_target_8': -106.0257339477539, 'val_rmse_target_9': 0.9155380725860596, 'val_mae_target_9': 0.7147514224052429, 'val_r2_target_9': -19.197513580322266, 'val_rmse_target_10': 1.0137490034103394, 'val_mae_target_10': 0.7973321080207825, 'val_r2_target_10': -47.9794807434082, 'val_rmse_target_11': 1.0377485752105713, 'val_mae_target_11': 0.7389122247695923, 'val_r2_target_11': -83.1447525024414, 'val_rmse_target_12': 1.0115712881088257, 'val_mae_target_12': 0.718988835811615, 'val_r2_target_12': -59.4527702331543, 'val_rmse_target_13': 0.9525662660598755, 'val_mae_target_13': 0.7553379535675049, 'val_r2_target_13': -19.62668800354004}",COMPLETE
16,0.36739586293697357,2026-02-01 17:35:19.894030,2026-02-01 17:35:56.113620,0 days 00:00:36.219590,16,0.2310338691546544,0.0004883424546346566,2,mean,16,256,16,0.006777582768301487,"{'val_rmse_mean': 0.9226306676864624, 'val_mae_mean': 0.7161224484443665, 'val_r2_mean': -4.424046993255615, 'val_rmse_target_0': 1.024539828300476, 'val_mae_target_0': 0.687934160232544, 'val_r2_target_0': -4.709311008453369, 'val_rmse_target_1': 0.982122004032135, 'val_mae_target_1': 0.7156794667243958, 'val_r2_target_1': -2.1931960582733154, 'val_rmse_target_2': 0.7809887528419495, 'val_mae_target_2': 0.6515364646911621, 'val_r2_target_2': -0.5731397867202759, 'val_rmse_target_3': 0.9700085520744324, 'val_mae_target_3': 0.7597293853759766, 'val_r2_target_3': -1.6639268398284912, 'val_rmse_target_4': 0.8310198187828064, 'val_mae_target_4': 0.6654655337333679, 'val_r2_target_4': -0.37591850757598877, 'val_rmse_target_5': 0.7450509667396545, 'val_mae_target_5': 0.6073607206344604, 'val_r2_target_5': 0.02227187156677246, 'val_rmse_target_6': 0.7943227291107178, 'val_mae_target_6': 0.6570606231689453, 'val_r2_target_6': -0.12526273727416992, 'val_rmse_target_7': 0.9561936855316162, 'val_mae_target_7': 0.7450975775718689, 'val_r2_target_7': -1.3385777473449707, 'val_rmse_target_8': 1.1431547403335571, 'val_mae_target_8': 0.984561026096344, 'val_r2_target_8': -20.253746032714844, 'val_rmse_target_9': 0.8262491822242737, 'val_mae_target_9': 0.650137722492218, 'val_r2_target_9': -0.5459797382354736, 'val_rmse_target_10': 0.9324461221694946, 'val_mae_target_10': 0.7535319328308105, 'val_r2_target_10': -1.9553675651550293, 'val_rmse_target_11': 1.0873116254806519, 'val_mae_target_11': 0.7946233153343201, 'val_r2_target_11': -22.73827362060547, 'val_rmse_target_12': 0.9625615477561951, 'val_mae_target_12': 0.6579757928848267, 'val_r2_target_12': -4.715496063232422, 'val_rmse_target_13': 0.8808584213256836, 'val_mae_target_13': 0.6950196027755737, 'val_r2_target_13': -0.770737886428833}",COMPLETE
17,0.3650599624271746,2026-02-01 17:35:56.185726,2026-02-01 17:36:33.547903,0 days 00:00:37.362177,16,0.21862480646729435,0.000452657194482237,2,mean,16,256,16,0.0064545350807370975,"{'val_rmse_mean': 0.9192622303962708, 'val_mae_mean': 0.7143259048461914, 'val_r2_mean': -4.553339958190918, 'val_rmse_target_0': 0.975182056427002, 'val_mae_target_0': 0.6513980031013489, 'val_r2_target_0': -5.473506927490234, 'val_rmse_target_1': 1.0171260833740234, 'val_mae_target_1': 0.740790069103241, 'val_r2_target_1': -2.874626398086548, 'val_rmse_target_2': 0.8193464875221252, 'val_mae_target_2': 0.6747514009475708, 'val_r2_target_2': -1.0963184833526611, 'val_rmse_target_3': 0.9274712204933167, 'val_mae_target_3': 0.7202514410018921, 'val_r2_target_3': -2.0517420768737793, 'val_rmse_target_4': 0.81010901927948, 'val_mae_target_4': 0.6634497046470642, 'val_r2_target_4': -0.47288763523101807, 'val_rmse_target_5': 0.7789374589920044, 'val_mae_target_5': 0.6321580410003662, 'val_r2_target_5': -0.15231585502624512, 'val_rmse_target_6': 0.7949506640434265, 'val_mae_target_6': 0.6557273268699646, 'val_r2_target_6': -0.22145771980285645, 'val_rmse_target_7': 0.9056124687194824, 'val_mae_target_7': 0.7053796052932739, 'val_r2_target_7': -1.3031654357910156, 'val_rmse_target_8': 1.1477638483047485, 'val_mae_target_8': 0.9862655997276306, 'val_r2_target_8': -22.2603816986084, 'val_rmse_target_9': 0.7971714735031128, 'val_mae_target_9': 0.6288081407546997, 'val_r2_target_9': -0.45960497856140137, 'val_rmse_target_10': 0.9714487791061401, 'val_mae_target_10': 0.78935307264328, 'val_r2_target_10': -2.3714818954467773, 'val_rmse_target_11': 1.0896985530853271, 'val_mae_target_11': 0.8222957849502563, 'val_r2_target_11': -18.692474365234375, 'val_rmse_target_12': 0.97355055809021, 'val_mae_target_12': 0.6602141857147217, 'val_r2_target_12': -5.514215469360352, 'val_rmse_target_13': 0.8613009452819824, 'val_mae_target_13': 0.6697199940681458, 'val_r2_target_13': -0.8025813102722168}",COMPLETE
18,0.363814667419151,2026-02-01 17:36:33.619662,2026-02-01 17:37:09.559074,0 days 00:00:35.939412,16,0.20129981345913686,0.00046894472981546696,2,mean,8,128,16,0.006137618779553248,"{'val_rmse_mean': 0.9187870621681213, 'val_mae_mean': 0.7119485139846802, 'val_r2_mean': -6.2956037521362305, 'val_rmse_target_0': 1.0312814712524414, 'val_mae_target_0': 0.6604748368263245, 'val_r2_target_0': -8.774016380310059, 'val_rmse_target_1': 0.9817326068878174, 'val_mae_target_1': 0.7128971815109253, 'val_r2_target_1': -3.84031343460083, 'val_rmse_target_2': 0.8158851265907288, 'val_mae_target_2': 0.6899599432945251, 'val_r2_target_2': -1.1699957847595215, 'val_rmse_target_3': 0.894996702671051, 'val_mae_target_3': 0.7172718644142151, 'val_r2_target_3': -2.2027759552001953, 'val_rmse_target_4': 0.8082676529884338, 'val_mae_target_4': 0.6718360781669617, 'val_r2_target_4': -0.7494114637374878, 'val_rmse_target_5': 0.7339534163475037, 'val_mae_target_5': 0.5847039222717285, 'val_r2_target_5': -0.11230111122131348, 'val_rmse_target_6': 0.7728697657585144, 'val_mae_target_6': 0.6340817213058472, 'val_r2_target_6': -0.36305415630340576, 'val_rmse_target_7': 0.9434096813201904, 'val_mae_target_7': 0.758707582950592, 'val_r2_target_7': -2.2813761234283447, 'val_rmse_target_8': 1.1398965120315552, 'val_mae_target_8': 0.9647734761238098, 'val_r2_target_8': -28.050655364990234, 'val_rmse_target_9': 0.760611891746521, 'val_mae_target_9': 0.5830244421958923, 'val_r2_target_9': -0.7907043695449829, 'val_rmse_target_10': 1.0021815299987793, 'val_mae_target_10': 0.8220096826553345, 'val_r2_target_10': -4.666386604309082, 'val_rmse_target_11': 1.0833359956741333, 'val_mae_target_11': 0.7890413999557495, 'val_r2_target_11': -23.818620681762695, 'val_rmse_target_12': 1.0052403211593628, 'val_mae_target_12': 0.6891007423400879, 'val_r2_target_12': -9.897506713867188, 'val_rmse_target_13': 0.8893561959266663, 'val_mae_target_13': 0.6893956065177917, 'val_r2_target_13': -1.4213356971740723}",COMPLETE
19,0.3798823008934657,2026-02-01 17:37:09.632152,2026-02-01 17:37:47.512411,0 days 00:00:37.880259,16,0.27462256377127575,0.00027667558722158125,2,mean,8,128,16,0.004259765033562739,"{'val_rmse_mean': 0.9505471587181091, 'val_mae_mean': 0.7306391596794128, 'val_r2_mean': -20.589462280273438, 'val_rmse_target_0': 1.027175784111023, 'val_mae_target_0': 0.6600506901741028, 'val_r2_target_0': -38.90626907348633, 'val_rmse_target_1': 0.9478357434272766, 'val_mae_target_1': 0.6513819098472595, 'val_r2_target_1': -17.098403930664062, 'val_rmse_target_2': 0.9224400520324707, 'val_mae_target_2': 0.7647455930709839, 'val_r2_target_2': -7.645480155944824, 'val_rmse_target_3': 0.9560571908950806, 'val_mae_target_3': 0.7116124629974365, 'val_r2_target_3': -10.981804847717285, 'val_rmse_target_4': 0.9154365062713623, 'val_mae_target_4': 0.7617042660713196, 'val_r2_target_4': -5.687848091125488, 'val_rmse_target_5': 0.834735095500946, 'val_mae_target_5': 0.649799644947052, 'val_r2_target_5': -3.2697196006774902, 'val_rmse_target_6': 0.816573977470398, 'val_mae_target_6': 0.7236233353614807, 'val_r2_target_6': -2.918879985809326, 'val_rmse_target_7': 0.9132505655288696, 'val_mae_target_7': 0.7432288527488708, 'val_r2_target_7': -7.045032501220703, 'val_rmse_target_8': 1.087130069732666, 'val_mae_target_8': 0.9092172980308533, 'val_r2_target_8': -80.50426483154297, 'val_rmse_target_9': 0.8888249397277832, 'val_mae_target_9': 0.6814426183700562, 'val_r2_target_9': -8.586986541748047, 'val_rmse_target_10': 0.995662271976471, 'val_mae_target_10': 0.7812979817390442, 'val_r2_target_10': -15.637903213500977, 'val_rmse_target_11': 1.0563747882843018, 'val_mae_target_11': 0.7495032548904419, 'val_r2_target_11': -47.72710037231445, 'val_rmse_target_12': 1.040262222290039, 'val_mae_target_12': 0.7305960059165955, 'val_r2_target_12': -34.294471740722656, 'val_rmse_target_13': 0.9059005379676819, 'val_mae_target_13': 0.7107449173927307, 'val_r2_target_13': -7.948314666748047}",COMPLETE
20,0.36799673956853374,2026-02-01 17:37:47.583618,2026-02-01 17:38:25.620356,0 days 00:00:38.036738,16,0.2110041048812297,0.00031277314017795455,2,mean,8,128,16,0.006333020473810339,"{'val_rmse_mean': 0.9320068359375, 'val_mae_mean': 0.7177618741989136, 'val_r2_mean': -15.318741798400879, 'val_rmse_target_0': 1.0126677751541138, 'val_mae_target_0': 0.6488330960273743, 'val_r2_target_0': -40.74855422973633, 'val_rmse_target_1': 0.9756390452384949, 'val_mae_target_1': 0.6881337761878967, 'val_r2_target_1': -12.960723876953125, 'val_rmse_target_2': 0.8851822018623352, 'val_mae_target_2': 0.7240129113197327, 'val_r2_target_2': -4.300806522369385, 'val_rmse_target_3': 0.9390972852706909, 'val_mae_target_3': 0.7130358815193176, 'val_r2_target_3': -5.4351487159729, 'val_rmse_target_4': 0.838729202747345, 'val_mae_target_4': 0.681241512298584, 'val_r2_target_4': -2.9736168384552, 'val_rmse_target_5': 0.7849377393722534, 'val_mae_target_5': 0.6227200627326965, 'val_r2_target_5': -1.3227629661560059, 'val_rmse_target_6': 0.759485125541687, 'val_mae_target_6': 0.6630296111106873, 'val_r2_target_6': -1.1575591564178467, 'val_rmse_target_7': 0.9157353043556213, 'val_mae_target_7': 0.7353466153144836, 'val_r2_target_7': -5.633250713348389, 'val_rmse_target_8': 1.1136059761047363, 'val_mae_target_8': 0.940807580947876, 'val_r2_target_8': -54.161598205566406, 'val_rmse_target_9': 0.8264310359954834, 'val_mae_target_9': 0.6227123737335205, 'val_r2_target_9': -4.980445384979248, 'val_rmse_target_10': 1.0219987630844116, 'val_mae_target_10': 0.8060721755027771, 'val_r2_target_10': -9.858560562133789, 'val_rmse_target_11': 1.0555464029312134, 'val_mae_target_11': 0.7703222632408142, 'val_r2_target_11': -34.256431579589844, 'val_rmse_target_12': 1.01904296875, 'val_mae_target_12': 0.7213642001152039, 'val_r2_target_12': -30.173995971679688, 'val_rmse_target_13': 0.8999954462051392, 'val_mae_target_13': 0.7110345363616943, 'val_r2_target_13': -6.498924255371094}",COMPLETE
21,0.3813803786480868,2026-02-01 17:38:25.694267,2026-02-01 17:39:02.735098,0 days 00:00:37.040831,16,0.2068948401820355,0.0004742163616332007,2,mean,8,128,16,0.00673339835029979,"{'val_rmse_mean': 0.9456663727760315, 'val_mae_mean': 0.7295219302177429, 'val_r2_mean': -7.356715202331543, 'val_rmse_target_0': 1.0196099281311035, 'val_mae_target_0': 0.6821631193161011, 'val_r2_target_0': -8.655006408691406, 'val_rmse_target_1': 0.9529191255569458, 'val_mae_target_1': 0.6962012052536011, 'val_r2_target_1': -3.9399757385253906, 'val_rmse_target_2': 0.8762208819389343, 'val_mae_target_2': 0.7078282833099365, 'val_r2_target_2': -1.7064814567565918, 'val_rmse_target_3': 0.9535185694694519, 'val_mae_target_3': 0.7270718812942505, 'val_r2_target_3': -2.4186010360717773, 'val_rmse_target_4': 0.860875129699707, 'val_mae_target_4': 0.7143298387527466, 'val_r2_target_4': -0.9945793151855469, 'val_rmse_target_5': 0.8183658719062805, 'val_mae_target_5': 0.6128484010696411, 'val_r2_target_5': -0.434536337852478, 'val_rmse_target_6': 0.82267165184021, 'val_mae_target_6': 0.6944981217384338, 'val_r2_target_6': -0.6537150144577026, 'val_rmse_target_7': 0.9324551224708557, 'val_mae_target_7': 0.7380576729774475, 'val_r2_target_7': -1.8897230625152588, 'val_rmse_target_8': 1.1398571729660034, 'val_mae_target_8': 0.9623687863349915, 'val_r2_target_8': -34.097904205322266, 'val_rmse_target_9': 0.8287143707275391, 'val_mae_target_9': 0.6522312760353088, 'val_r2_target_9': -1.5574121475219727, 'val_rmse_target_10': 1.0140594244003296, 'val_mae_target_10': 0.8166947960853577, 'val_r2_target_10': -3.954535961151123, 'val_rmse_target_11': 1.0821369886398315, 'val_mae_target_11': 0.7907364964485168, 'val_r2_target_11': -30.67803382873535, 'val_rmse_target_12': 1.0463958978652954, 'val_mae_target_12': 0.7147339582443237, 'val_r2_target_12': -10.495640754699707, 'val_rmse_target_13': 0.8915287852287292, 'val_mae_target_13': 0.7035434246063232, 'val_r2_target_13': -1.5178589820861816}",COMPLETE
22,0.3761027604341507,2026-02-01 17:39:02.808818,2026-02-01 17:39:38.594290,0 days 00:00:35.785472,16,0.2444219020283969,0.0004425297531318797,2,mean,8,64,16,0.007699177401229363,"{'val_rmse_mean': 0.9411423802375793, 'val_mae_mean': 0.7286020517349243, 'val_r2_mean': -15.800224304199219, 'val_rmse_target_0': 1.039062261581421, 'val_mae_target_0': 0.6678165197372437, 'val_r2_target_0': -24.201108932495117, 'val_rmse_target_1': 0.9671979546546936, 'val_mae_target_1': 0.6764521598815918, 'val_r2_target_1': -13.269768714904785, 'val_rmse_target_2': 0.894645631313324, 'val_mae_target_2': 0.7438491582870483, 'val_r2_target_2': -5.39772367477417, 'val_rmse_target_3': 0.9232496619224548, 'val_mae_target_3': 0.6813731789588928, 'val_r2_target_3': -7.709250450134277, 'val_rmse_target_4': 0.8778579235076904, 'val_mae_target_4': 0.7182245850563049, 'val_r2_target_4': -4.74620246887207, 'val_rmse_target_5': 0.825855553150177, 'val_mae_target_5': 0.6638770699501038, 'val_r2_target_5': -2.362636089324951, 'val_rmse_target_6': 0.7561663389205933, 'val_mae_target_6': 0.65010005235672, 'val_r2_target_6': -1.5697600841522217, 'val_rmse_target_7': 0.918411910533905, 'val_mae_target_7': 0.7686096429824829, 'val_r2_target_7': -7.314334869384766, 'val_rmse_target_8': 1.1024531126022339, 'val_mae_target_8': 0.9425315260887146, 'val_r2_target_8': -49.47587966918945, 'val_rmse_target_9': 0.8551594614982605, 'val_mae_target_9': 0.6624118685722351, 'val_r2_target_9': -5.7039475440979, 'val_rmse_target_10': 1.0308233499526978, 'val_mae_target_10': 0.8241011500358582, 'val_r2_target_10': -11.121015548706055, 'val_rmse_target_11': 1.0660501718521118, 'val_mae_target_11': 0.7802706360816956, 'val_r2_target_11': -40.39567184448242, 'val_rmse_target_12': 1.0298213958740234, 'val_mae_target_12': 0.7267611622810364, 'val_r2_target_12': -43.241390228271484, 'val_rmse_target_13': 0.8892374038696289, 'val_mae_target_13': 0.6940507292747498, 'val_r2_target_13': -4.694440841674805}",COMPLETE
23,0.35484024661558644,2026-02-01 17:39:38.665416,2026-02-01 17:40:15.278373,0 days 00:00:36.612957,16,0.24284758081436533,0.00048155643148119415,2,mean,16,128,16,0.0055691442631902715,"{'val_rmse_mean': 0.9061676263809204, 'val_mae_mean': 0.7001794576644897, 'val_r2_mean': -7.552523612976074, 'val_rmse_target_0': 1.0165170431137085, 'val_mae_target_0': 0.6588976979255676, 'val_r2_target_0': -12.004101753234863, 'val_rmse_target_1': 0.9631528258323669, 'val_mae_target_1': 0.6806339621543884, 'val_r2_target_1': -6.163340091705322, 'val_rmse_target_2': 0.7689546346664429, 'val_mae_target_2': 0.6363133192062378, 'val_r2_target_2': -0.9440792798995972, 'val_rmse_target_3': 0.8807389736175537, 'val_mae_target_3': 0.6888655424118042, 'val_r2_target_3': -2.056123733520508, 'val_rmse_target_4': 0.7793286442756653, 'val_mae_target_4': 0.6260597109794617, 'val_r2_target_4': -0.5945873260498047, 'val_rmse_target_5': 0.7472817301750183, 'val_mae_target_5': 0.5912028551101685, 'val_r2_target_5': -0.25916409492492676, 'val_rmse_target_6': 0.7678980231285095, 'val_mae_target_6': 0.6470662355422974, 'val_r2_target_6': -0.3159332275390625, 'val_rmse_target_7': 0.9560690522193909, 'val_mae_target_7': 0.7719151377677917, 'val_r2_target_7': -2.931936025619507, 'val_rmse_target_8': 1.1335452795028687, 'val_mae_target_8': 0.9517315626144409, 'val_r2_target_8': -34.3480224609375, 'val_rmse_target_9': 0.801044225692749, 'val_mae_target_9': 0.6292930841445923, 'val_r2_target_9': -1.577040672302246, 'val_rmse_target_10': 0.9589550495147705, 'val_mae_target_10': 0.7965511679649353, 'val_r2_target_10': -3.97708797454834, 'val_rmse_target_11': 1.0821908712387085, 'val_mae_target_11': 0.7831191420555115, 'val_r2_target_11': -28.40659523010254, 'val_rmse_target_12': 0.9621901512145996, 'val_mae_target_12': 0.6859384179115295, 'val_r2_target_12': -10.286880493164062, 'val_rmse_target_13': 0.868481457233429, 'val_mae_target_13': 0.6549248099327087, 'val_r2_target_13': -1.8704307079315186}",COMPLETE
24,0.36271502408716416,2026-02-01 17:40:15.344730,2026-02-01 17:40:52.333039,0 days 00:00:36.988309,16,0.27308611303747005,0.0003716589214135342,2,mean,16,128,16,0.005265977443923439,"{'val_rmse_mean': 0.9225039482116699, 'val_mae_mean': 0.7098818421363831, 'val_r2_mean': -11.1082763671875, 'val_rmse_target_0': 1.0114253759384155, 'val_mae_target_0': 0.6668820977210999, 'val_r2_target_0': -12.016714096069336, 'val_rmse_target_1': 0.9556261897087097, 'val_mae_target_1': 0.7004783749580383, 'val_r2_target_1': -8.380796432495117, 'val_rmse_target_2': 0.8077935576438904, 'val_mae_target_2': 0.6770687699317932, 'val_r2_target_2': -2.090691566467285, 'val_rmse_target_3': 0.9301053881645203, 'val_mae_target_3': 0.682121217250824, 'val_r2_target_3': -4.358499050140381, 'val_rmse_target_4': 0.8173204064369202, 'val_mae_target_4': 0.6778815388679504, 'val_r2_target_4': -1.3749291896820068, 'val_rmse_target_5': 0.79970383644104, 'val_mae_target_5': 0.6000250577926636, 'val_r2_target_5': -1.3050224781036377, 'val_rmse_target_6': 0.8103683590888977, 'val_mae_target_6': 0.669426679611206, 'val_r2_target_6': -1.1340923309326172, 'val_rmse_target_7': 0.9177470803260803, 'val_mae_target_7': 0.7464146018028259, 'val_r2_target_7': -4.075549602508545, 'val_rmse_target_8': 1.1034843921661377, 'val_mae_target_8': 0.9411262273788452, 'val_r2_target_8': -47.70069122314453, 'val_rmse_target_9': 0.8329572677612305, 'val_mae_target_9': 0.6503571271896362, 'val_r2_target_9': -3.068366050720215, 'val_rmse_target_10': 0.9984601140022278, 'val_mae_target_10': 0.8080818057060242, 'val_r2_target_10': -6.870373725891113, 'val_rmse_target_11': 1.056967854499817, 'val_mae_target_11': 0.7624278664588928, 'val_r2_target_11': -45.48613739013672, 'val_rmse_target_12': 0.9956265687942505, 'val_mae_target_12': 0.703257143497467, 'val_r2_target_12': -14.784656524658203, 'val_rmse_target_13': 0.8774699568748474, 'val_mae_target_13': 0.6527969241142273, 'val_r2_target_13': -2.8693339824676514}",COMPLETE
25,0.3676414136533384,2026-02-01 17:40:52.401138,2026-02-01 17:41:27.335012,0 days 00:00:34.933874,16,0.27686198881419405,0.00037456163864730614,2,mean,8,128,16,0.0038583620776742244,"{'val_rmse_mean': 0.9288355708122253, 'val_mae_mean': 0.7172403335571289, 'val_r2_mean': -12.474845886230469, 'val_rmse_target_0': 1.0231419801712036, 'val_mae_target_0': 0.6472324132919312, 'val_r2_target_0': -24.72236442565918, 'val_rmse_target_1': 0.9392633438110352, 'val_mae_target_1': 0.6610798239707947, 'val_r2_target_1': -10.09730052947998, 'val_rmse_target_2': 0.9043217301368713, 'val_mae_target_2': 0.7674481868743896, 'val_r2_target_2': -2.8169288635253906, 'val_rmse_target_3': 0.9174541234970093, 'val_mae_target_3': 0.7281284928321838, 'val_r2_target_3': -3.429035186767578, 'val_rmse_target_4': 0.8586944937705994, 'val_mae_target_4': 0.701611340045929, 'val_r2_target_4': -1.795470952987671, 'val_rmse_target_5': 0.762350857257843, 'val_mae_target_5': 0.5815771818161011, 'val_r2_target_5': -0.43000173568725586, 'val_rmse_target_6': 0.7631555199623108, 'val_mae_target_6': 0.6561354994773865, 'val_r2_target_6': -0.5601775646209717, 'val_rmse_target_7': 0.9113240242004395, 'val_mae_target_7': 0.7442392706871033, 'val_r2_target_7': -3.8109583854675293, 'val_rmse_target_8': 1.0759168863296509, 'val_mae_target_8': 0.9100490212440491, 'val_r2_target_8': -47.20221710205078, 'val_rmse_target_9': 0.8400363326072693, 'val_mae_target_9': 0.6447190046310425, 'val_r2_target_9': -4.659814357757568, 'val_rmse_target_10': 0.9856461882591248, 'val_mae_target_10': 0.7970089912414551, 'val_r2_target_10': -9.379619598388672, 'val_rmse_target_11': 1.0910090208053589, 'val_mae_target_11': 0.7831063270568848, 'val_r2_target_11': -36.3108024597168, 'val_rmse_target_12': 1.0334339141845703, 'val_mae_target_12': 0.7389323711395264, 'val_r2_target_12': -26.354808807373047, 'val_rmse_target_13': 0.8979492783546448, 'val_mae_target_13': 0.6800968050956726, 'val_r2_target_13': -3.0783329010009766}",COMPLETE
26,0.3820995484237318,2026-02-01 17:41:27.403649,2026-02-01 17:42:02.769784,0 days 00:00:35.366135,16,0.27231958279712465,0.0002182962223962608,2,mean,16,128,16,0.005087732129416722,"{'val_rmse_mean': 0.9529817700386047, 'val_mae_mean': 0.734413743019104, 'val_r2_mean': -29.27019691467285, 'val_rmse_target_0': 1.0143555402755737, 'val_mae_target_0': 0.6589013338088989, 'val_r2_target_0': -44.75554656982422, 'val_rmse_target_1': 0.9712779521942139, 'val_mae_target_1': 0.6647803783416748, 'val_r2_target_1': -18.371362686157227, 'val_rmse_target_2': 0.9203171133995056, 'val_mae_target_2': 0.748778223991394, 'val_r2_target_2': -16.270973205566406, 'val_rmse_target_3': 0.9414867162704468, 'val_mae_target_3': 0.7007134556770325, 'val_r2_target_3': -15.039142608642578, 'val_rmse_target_4': 0.9080286622047424, 'val_mae_target_4': 0.7517037987709045, 'val_r2_target_4': -12.962189674377441, 'val_rmse_target_5': 0.8504984378814697, 'val_mae_target_5': 0.6794022917747498, 'val_r2_target_5': -6.502127647399902, 'val_rmse_target_6': 0.8295848965644836, 'val_mae_target_6': 0.7249112129211426, 'val_r2_target_6': -4.984313011169434, 'val_rmse_target_7': 0.9658671617507935, 'val_mae_target_7': 0.785063624382019, 'val_r2_target_7': -16.66398811340332, 'val_rmse_target_8': 1.0879985094070435, 'val_mae_target_8': 0.9135029911994934, 'val_r2_target_8': -114.59765625, 'val_rmse_target_9': 0.9074757099151611, 'val_mae_target_9': 0.697674572467804, 'val_r2_target_9': -16.615121841430664, 'val_rmse_target_10': 0.9769466519355774, 'val_mae_target_10': 0.7701199054718018, 'val_r2_target_10': -27.008724212646484, 'val_rmse_target_11': 1.0541954040527344, 'val_mae_target_11': 0.7548304200172424, 'val_r2_target_11': -63.14844512939453, 'val_rmse_target_12': 1.0082560777664185, 'val_mae_target_12': 0.7122874855995178, 'val_r2_target_12': -41.488128662109375, 'val_rmse_target_13': 0.9054552912712097, 'val_mae_target_13': 0.719122052192688, 'val_r2_target_13': -11.375017166137695}",COMPLETE
27,0.3685131183377019,2026-02-01 17:42:02.838614,2026-02-01 17:42:36.557539,0 days 00:00:33.718925,16,0.2568428923993466,0.0002990143954022304,2,mean,8,128,16,0.005684062272706722,"{'val_rmse_mean': 0.9302420616149902, 'val_mae_mean': 0.7195462584495544, 'val_r2_mean': -15.073030471801758, 'val_rmse_target_0': 1.0291061401367188, 'val_mae_target_0': 0.6653999090194702, 'val_r2_target_0': -43.62561798095703, 'val_rmse_target_1': 0.9875356554985046, 'val_mae_target_1': 0.7071967124938965, 'val_r2_target_1': -13.090559959411621, 'val_rmse_target_2': 0.9209393262863159, 'val_mae_target_2': 0.7896161079406738, 'val_r2_target_2': -4.4398193359375, 'val_rmse_target_3': 0.9103657603263855, 'val_mae_target_3': 0.6945759057998657, 'val_r2_target_3': -5.426868438720703, 'val_rmse_target_4': 0.8191933631896973, 'val_mae_target_4': 0.6679688692092896, 'val_r2_target_4': -2.4336049556732178, 'val_rmse_target_5': 0.7460838556289673, 'val_mae_target_5': 0.5768027901649475, 'val_r2_target_5': -1.3293232917785645, 'val_rmse_target_6': 0.7723274827003479, 'val_mae_target_6': 0.6796612739562988, 'val_r2_target_6': -1.532402753829956, 'val_rmse_target_7': 0.9077087044715881, 'val_mae_target_7': 0.7434852123260498, 'val_r2_target_7': -4.7247090339660645, 'val_rmse_target_8': 1.109310269355774, 'val_mae_target_8': 0.941506564617157, 'val_r2_target_8': -43.57843017578125, 'val_rmse_target_9': 0.8640923500061035, 'val_mae_target_9': 0.6351848840713501, 'val_r2_target_9': -5.0322723388671875, 'val_rmse_target_10': 1.0000903606414795, 'val_mae_target_10': 0.798697292804718, 'val_r2_target_10': -15.169984817504883, 'val_rmse_target_11': 1.0731450319290161, 'val_mae_target_11': 0.7755154967308044, 'val_r2_target_11': -39.62215042114258, 'val_rmse_target_12': 1.0027530193328857, 'val_mae_target_12': 0.7176012396812439, 'val_r2_target_12': -25.234718322753906, 'val_rmse_target_13': 0.8807360529899597, 'val_mae_target_13': 0.6804361939430237, 'val_r2_target_13': -5.781980991363525}",COMPLETE
28,0.36079400391490374,2026-02-01 17:42:36.624094,2026-02-01 17:43:11.188173,0 days 00:00:34.564079,16,0.29135055297495366,0.00038725104994266103,2,mean,16,128,16,0.003993643939901025,"{'val_rmse_mean': 0.921710193157196, 'val_mae_mean': 0.7069000005722046, 'val_r2_mean': -15.107836723327637, 'val_rmse_target_0': 0.9930062294006348, 'val_mae_target_0': 0.6578847169876099, 'val_r2_target_0': -27.689083099365234, 'val_rmse_target_1': 0.9618630409240723, 'val_mae_target_1': 0.6736446022987366, 'val_r2_target_1': -12.10694694519043, 'val_rmse_target_2': 0.8079227805137634, 'val_mae_target_2': 0.6560553312301636, 'val_r2_target_2': -2.026329278945923, 'val_rmse_target_3': 0.8990064859390259, 'val_mae_target_3': 0.7006585001945496, 'val_r2_target_3': -3.794558525085449, 'val_rmse_target_4': 0.8309648633003235, 'val_mae_target_4': 0.6837339997291565, 'val_r2_target_4': -1.604990005493164, 'val_rmse_target_5': 0.7859041690826416, 'val_mae_target_5': 0.612713098526001, 'val_r2_target_5': -0.8092724084854126, 'val_rmse_target_6': 0.8223919868469238, 'val_mae_target_6': 0.7154702544212341, 'val_r2_target_6': -1.146641731262207, 'val_rmse_target_7': 0.9089524149894714, 'val_mae_target_7': 0.73980712890625, 'val_r2_target_7': -5.555150508880615, 'val_rmse_target_8': 1.084517478942871, 'val_mae_target_8': 0.9165797233581543, 'val_r2_target_8': -69.7171630859375, 'val_rmse_target_9': 0.8947463035583496, 'val_mae_target_9': 0.6747605204582214, 'val_r2_target_9': -6.084287166595459, 'val_rmse_target_10': 0.9934653043746948, 'val_mae_target_10': 0.7766515016555786, 'val_r2_target_10': -9.851130485534668, 'val_rmse_target_11': 1.049157977104187, 'val_mae_target_11': 0.7512076497077942, 'val_r2_target_11': -33.51028823852539, 'val_rmse_target_12': 1.007738709449768, 'val_mae_target_12': 0.7006852626800537, 'val_r2_target_12': -34.37914276123047, 'val_rmse_target_13': 0.864305853843689, 'val_mae_target_13': 0.6367470622062683, 'val_r2_target_13': -3.2347445487976074}",COMPLETE
29,0.37429053363976655,2026-02-01 17:43:11.256792,2026-02-01 17:43:47.712122,0 days 00:00:36.455330,16,0.29690252972036113,0.0002734992453038466,2,mean,16,128,16,0.0039030713569088624,"{'val_rmse_mean': 0.9436498284339905, 'val_mae_mean': 0.7228096127510071, 'val_r2_mean': -24.33785629272461, 'val_rmse_target_0': 1.0411360263824463, 'val_mae_target_0': 0.6489925980567932, 'val_r2_target_0': -71.76737213134766, 'val_rmse_target_1': 0.9949653744697571, 'val_mae_target_1': 0.6799285411834717, 'val_r2_target_1': -19.79998016357422, 'val_rmse_target_2': 0.8864843249320984, 'val_mae_target_2': 0.7372066378593445, 'val_r2_target_2': -4.792710304260254, 'val_rmse_target_3': 0.9159495830535889, 'val_mae_target_3': 0.6930739283561707, 'val_r2_target_3': -8.393176078796387, 'val_rmse_target_4': 0.8745870590209961, 'val_mae_target_4': 0.6843547224998474, 'val_r2_target_4': -4.409849166870117, 'val_rmse_target_5': 0.8192718029022217, 'val_mae_target_5': 0.6262418031692505, 'val_r2_target_5': -2.6013717651367188, 'val_rmse_target_6': 0.7776941061019897, 'val_mae_target_6': 0.6643689274787903, 'val_r2_target_6': -2.557908058166504, 'val_rmse_target_7': 0.922643780708313, 'val_mae_target_7': 0.7709864377975464, 'val_r2_target_7': -8.256485939025879, 'val_rmse_target_8': 1.0891364812850952, 'val_mae_target_8': 0.9084588289260864, 'val_r2_target_8': -76.42610168457031, 'val_rmse_target_9': 0.8928839564323425, 'val_mae_target_9': 0.6993125677108765, 'val_r2_target_9': -12.238347053527832, 'val_rmse_target_10': 1.0118712186813354, 'val_mae_target_10': 0.8204518556594849, 'val_r2_target_10': -16.180753707885742, 'val_rmse_target_11': 1.0579372644424438, 'val_mae_target_11': 0.7493342161178589, 'val_r2_target_11': -63.43229675292969, 'val_rmse_target_12': 1.0161586999893188, 'val_mae_target_12': 0.7213945984840393, 'val_r2_target_12': -38.16954803466797, 'val_rmse_target_13': 0.9103777408599854, 'val_mae_target_13': 0.7152291536331177, 'val_r2_target_13': -11.70406723022461}",COMPLETE
30,0.3622212051241486,2026-02-01 17:43:47.780182,2026-02-01 17:44:23.296995,0 days 00:00:35.516813,16,0.3531230888636858,0.0004008791103096891,2,mean,16,128,16,0.0023101972411003124,"{'val_rmse_mean': 0.9207545518875122, 'val_mae_mean': 0.7066078782081604, 'val_r2_mean': -12.404937744140625, 'val_rmse_target_0': 0.9979628324508667, 'val_mae_target_0': 0.6614995002746582, 'val_r2_target_0': -20.816312789916992, 'val_rmse_target_1': 0.9506447911262512, 'val_mae_target_1': 0.6795198917388916, 'val_r2_target_1': -11.764409065246582, 'val_rmse_target_2': 0.8696070909500122, 'val_mae_target_2': 0.707409679889679, 'val_r2_target_2': -3.77586030960083, 'val_rmse_target_3': 0.8882787227630615, 'val_mae_target_3': 0.6550317406654358, 'val_r2_target_3': -4.212224006652832, 'val_rmse_target_4': 0.8574361205101013, 'val_mae_target_4': 0.6936225891113281, 'val_r2_target_4': -2.5454366207122803, 'val_rmse_target_5': 0.7976016402244568, 'val_mae_target_5': 0.6018875241279602, 'val_r2_target_5': -1.3874602317810059, 'val_rmse_target_6': 0.7945334315299988, 'val_mae_target_6': 0.6968652009963989, 'val_r2_target_6': -1.1744964122772217, 'val_rmse_target_7': 0.8915209174156189, 'val_mae_target_7': 0.73513263463974, 'val_r2_target_7': -4.275486946105957, 'val_rmse_target_8': 1.118874430656433, 'val_mae_target_8': 0.9433121085166931, 'val_r2_target_8': -33.336402893066406, 'val_rmse_target_9': 0.8161551356315613, 'val_mae_target_9': 0.640892744064331, 'val_r2_target_9': -3.5096635818481445, 'val_rmse_target_10': 0.9680681228637695, 'val_mae_target_10': 0.7724826335906982, 'val_r2_target_10': -9.9675931930542, 'val_rmse_target_11': 1.0514158010482788, 'val_mae_target_11': 0.7446675896644592, 'val_r2_target_11': -48.36716079711914, 'val_rmse_target_12': 1.0164587497711182, 'val_mae_target_12': 0.6970248222351074, 'val_r2_target_12': -25.159103393554688, 'val_rmse_target_13': 0.872006893157959, 'val_mae_target_13': 0.6631608605384827, 'val_r2_target_13': -3.3775157928466797}",COMPLETE
31,0.3631744898027844,2026-02-01 17:44:23.365357,2026-02-01 17:44:59.608237,0 days 00:00:36.242880,16,0.3504617500083519,0.0003937698032652966,2,mean,16,128,16,0.0024990759753876412,"{'val_rmse_mean': 0.920621931552887, 'val_mae_mean': 0.7112305760383606, 'val_r2_mean': -13.34179973602295, 'val_rmse_target_0': 1.0090450048446655, 'val_mae_target_0': 0.6414697170257568, 'val_r2_target_0': -20.798871994018555, 'val_rmse_target_1': 0.9505253434181213, 'val_mae_target_1': 0.6760769486427307, 'val_r2_target_1': -7.599372863769531, 'val_rmse_target_2': 0.846489667892456, 'val_mae_target_2': 0.7048023343086243, 'val_r2_target_2': -3.129741668701172, 'val_rmse_target_3': 0.9415912628173828, 'val_mae_target_3': 0.7121792435646057, 'val_r2_target_3': -4.57363224029541, 'val_rmse_target_4': 0.8379532098770142, 'val_mae_target_4': 0.6882458925247192, 'val_r2_target_4': -2.028738260269165, 'val_rmse_target_5': 0.7673470377922058, 'val_mae_target_5': 0.5952545404434204, 'val_r2_target_5': -1.0672202110290527, 'val_rmse_target_6': 0.7877931594848633, 'val_mae_target_6': 0.6847242712974548, 'val_r2_target_6': -1.2712476253509521, 'val_rmse_target_7': 0.9170613884925842, 'val_mae_target_7': 0.7654848694801331, 'val_r2_target_7': -4.246618270874023, 'val_rmse_target_8': 1.1042388677597046, 'val_mae_target_8': 0.9369310736656189, 'val_r2_target_8': -52.31608963012695, 'val_rmse_target_9': 0.816990315914154, 'val_mae_target_9': 0.6340968608856201, 'val_r2_target_9': -3.1948328018188477, 'val_rmse_target_10': 0.992168664932251, 'val_mae_target_10': 0.7984554171562195, 'val_r2_target_10': -8.783538818359375, 'val_rmse_target_11': 1.043995976448059, 'val_mae_target_11': 0.7494892477989197, 'val_r2_target_11': -50.67063903808594, 'val_rmse_target_12': 0.9953904151916504, 'val_mae_target_12': 0.6995812654495239, 'val_r2_target_12': -23.082483291625977, 'val_rmse_target_13': 0.8781177401542664, 'val_mae_target_13': 0.6704370975494385, 'val_r2_target_13': -4.022204875946045}",COMPLETE
32,0.3551568996023249,2026-02-01 17:44:59.676013,2026-02-01 17:45:36.803507,0 days 00:00:37.127494,16,0.34007268051932626,0.000401710809905555,2,mean,16,128,16,0.0021065463580663907,"{'val_rmse_mean': 0.9095984101295471, 'val_mae_mean': 0.7016115784645081, 'val_r2_mean': -12.082385063171387, 'val_rmse_target_0': 0.978653609752655, 'val_mae_target_0': 0.626301109790802, 'val_r2_target_0': -19.903879165649414, 'val_rmse_target_1': 0.9371778964996338, 'val_mae_target_1': 0.6860184669494629, 'val_r2_target_1': -7.110749244689941, 'val_rmse_target_2': 0.8471126556396484, 'val_mae_target_2': 0.6953672766685486, 'val_r2_target_2': -3.665541648864746, 'val_rmse_target_3': 0.8914434909820557, 'val_mae_target_3': 0.6900790333747864, 'val_r2_target_3': -4.453017234802246, 'val_rmse_target_4': 0.793313205242157, 'val_mae_target_4': 0.6432061791419983, 'val_r2_target_4': -1.9044363498687744, 'val_rmse_target_5': 0.7393283843994141, 'val_mae_target_5': 0.5986491441726685, 'val_r2_target_5': -0.9007983207702637, 'val_rmse_target_6': 0.7603914737701416, 'val_mae_target_6': 0.6488330960273743, 'val_r2_target_6': -0.9866210222244263, 'val_rmse_target_7': 0.9183452129364014, 'val_mae_target_7': 0.7436153888702393, 'val_r2_target_7': -4.287215709686279, 'val_rmse_target_8': 1.1005557775497437, 'val_mae_target_8': 0.9290270805358887, 'val_r2_target_8': -46.08342361450195, 'val_rmse_target_9': 0.8306484818458557, 'val_mae_target_9': 0.6260088682174683, 'val_r2_target_9': -4.213812351226807, 'val_rmse_target_10': 0.9856818318367004, 'val_mae_target_10': 0.7887616753578186, 'val_r2_target_10': -8.3792085647583, 'val_rmse_target_11': 1.076402187347412, 'val_mae_target_11': 0.7788501381874084, 'val_r2_target_11': -45.21258544921875, 'val_rmse_target_12': 1.0013065338134766, 'val_mae_target_12': 0.7075211405754089, 'val_r2_target_12': -18.963308334350586, 'val_rmse_target_13': 0.874017059803009, 'val_mae_target_13': 0.6603232622146606, 'val_r2_target_13': -3.088797092437744}",COMPLETE
33,0.35164268094080464,2026-02-01 17:45:36.872169,2026-02-01 17:46:14.416597,0 days 00:00:37.544428,16,0.348125107595717,0.00040676169738373464,2,mean,16,128,16,0.002207631975182225,"{'val_rmse_mean': 0.9094692468643188, 'val_mae_mean': 0.6932057738304138, 'val_r2_mean': -13.852980613708496, 'val_rmse_target_0': 1.0196893215179443, 'val_mae_target_0': 0.6577093601226807, 'val_r2_target_0': -25.21710777282715, 'val_rmse_target_1': 0.9419781565666199, 'val_mae_target_1': 0.6586962342262268, 'val_r2_target_1': -10.037635803222656, 'val_rmse_target_2': 0.8207717537879944, 'val_mae_target_2': 0.6788435578346252, 'val_r2_target_2': -1.7821896076202393, 'val_rmse_target_3': 0.8924664258956909, 'val_mae_target_3': 0.6765052080154419, 'val_r2_target_3': -3.4542737007141113, 'val_rmse_target_4': 0.7896071672439575, 'val_mae_target_4': 0.6388463377952576, 'val_r2_target_4': -1.2912774085998535, 'val_rmse_target_5': 0.7540408372879028, 'val_mae_target_5': 0.5793468952178955, 'val_r2_target_5': -0.635242223739624, 'val_rmse_target_6': 0.7401103377342224, 'val_mae_target_6': 0.6265748143196106, 'val_r2_target_6': -0.6034932136535645, 'val_rmse_target_7': 0.8913849592208862, 'val_mae_target_7': 0.7273104190826416, 'val_r2_target_7': -4.110664367675781, 'val_rmse_target_8': 1.0894618034362793, 'val_mae_target_8': 0.9197333455085754, 'val_r2_target_8': -56.06682586669922, 'val_rmse_target_9': 0.8711812496185303, 'val_mae_target_9': 0.6521517634391785, 'val_r2_target_9': -4.671458721160889, 'val_rmse_target_10': 0.984874963760376, 'val_mae_target_10': 0.7603825926780701, 'val_r2_target_10': -8.729204177856445, 'val_rmse_target_11': 1.061071753501892, 'val_mae_target_11': 0.7552877068519592, 'val_r2_target_11': -48.22847366333008, 'val_rmse_target_12': 1.0150256156921387, 'val_mae_target_12': 0.7124016880989075, 'val_r2_target_12': -26.00046730041504, 'val_rmse_target_13': 0.8609055280685425, 'val_mae_target_13': 0.6610912084579468, 'val_r2_target_13': -3.113399028778076}",COMPLETE
34,0.36197326249546474,2026-02-01 17:46:14.484537,2026-02-01 17:46:49.494355,0 days 00:00:35.009818,16,0.3001500790015826,0.0003289714111220846,2,mean,16,128,16,0.0019691760621647655,"{'val_rmse_mean': 0.9206897616386414, 'val_mae_mean': 0.7084444761276245, 'val_r2_mean': -15.219968795776367, 'val_rmse_target_0': 0.9875596165657043, 'val_mae_target_0': 0.6379965543746948, 'val_r2_target_0': -20.580825805664062, 'val_rmse_target_1': 0.9653946757316589, 'val_mae_target_1': 0.6887415647506714, 'val_r2_target_1': -11.116435050964355, 'val_rmse_target_2': 0.8430182337760925, 'val_mae_target_2': 0.6998947858810425, 'val_r2_target_2': -3.267512321472168, 'val_rmse_target_3': 0.9199813604354858, 'val_mae_target_3': 0.7205763459205627, 'val_r2_target_3': -4.543488502502441, 'val_rmse_target_4': 0.8676822185516357, 'val_mae_target_4': 0.7137821316719055, 'val_r2_target_4': -2.2593188285827637, 'val_rmse_target_5': 0.7383835911750793, 'val_mae_target_5': 0.5726168155670166, 'val_r2_target_5': -0.9849076271057129, 'val_rmse_target_6': 0.7384937405586243, 'val_mae_target_6': 0.6294083595275879, 'val_r2_target_6': -0.8886929750442505, 'val_rmse_target_7': 0.9330828785896301, 'val_mae_target_7': 0.7647262811660767, 'val_r2_target_7': -5.88182258605957, 'val_rmse_target_8': 1.1034640073776245, 'val_mae_target_8': 0.9214006066322327, 'val_r2_target_8': -72.3504867553711, 'val_rmse_target_9': 0.8520839214324951, 'val_mae_target_9': 0.6450313925743103, 'val_r2_target_9': -4.976712226867676, 'val_rmse_target_10': 0.9735742807388306, 'val_mae_target_10': 0.7655244469642639, 'val_r2_target_10': -12.312649726867676, 'val_rmse_target_11': 1.0620296001434326, 'val_mae_target_11': 0.7580944895744324, 'val_r2_target_11': -49.23561096191406, 'val_rmse_target_12': 1.0097320079803467, 'val_mae_target_12': 0.7219254374504089, 'val_r2_target_12': -19.52471923828125, 'val_rmse_target_13': 0.8951762318611145, 'val_mae_target_13': 0.6785027384757996, 'val_r2_target_13': -5.156373500823975}",COMPLETE
35,0.371038266354137,2026-02-01 17:46:49.568957,2026-02-01 17:47:25.758096,0 days 00:00:36.189139,16,0.33690646315836803,0.0003335607414205201,2,mean,16,128,16,0.0028671223686372285,"{'val_rmse_mean': 0.9336333274841309, 'val_mae_mean': 0.7220531702041626, 'val_r2_mean': -14.9275541305542, 'val_rmse_target_0': 0.9996028542518616, 'val_mae_target_0': 0.6394938230514526, 'val_r2_target_0': -29.315473556518555, 'val_rmse_target_1': 0.9765266180038452, 'val_mae_target_1': 0.6887355446815491, 'val_r2_target_1': -13.294968605041504, 'val_rmse_target_2': 0.8947921395301819, 'val_mae_target_2': 0.7502564787864685, 'val_r2_target_2': -5.4641194343566895, 'val_rmse_target_3': 0.9062080383300781, 'val_mae_target_3': 0.6686972379684448, 'val_r2_target_3': -6.195969581604004, 'val_rmse_target_4': 0.8365887403488159, 'val_mae_target_4': 0.7028411626815796, 'val_r2_target_4': -3.1059837341308594, 'val_rmse_target_5': 0.8073144555091858, 'val_mae_target_5': 0.6377208828926086, 'val_r2_target_5': -2.216402530670166, 'val_rmse_target_6': 0.810417890548706, 'val_mae_target_6': 0.7107242941856384, 'val_r2_target_6': -2.3403806686401367, 'val_rmse_target_7': 0.9071404337882996, 'val_mae_target_7': 0.7360570430755615, 'val_r2_target_7': -6.173208713531494, 'val_rmse_target_8': 1.1035585403442383, 'val_mae_target_8': 0.9323994517326355, 'val_r2_target_8': -54.20696258544922, 'val_rmse_target_9': 0.8730276823043823, 'val_mae_target_9': 0.6859203577041626, 'val_r2_target_9': -5.0674967765808105, 'val_rmse_target_10': 1.000313401222229, 'val_mae_target_10': 0.7936165928840637, 'val_r2_target_10': -12.8870210647583, 'val_rmse_target_11': 1.0424646139144897, 'val_mae_target_11': 0.7447311282157898, 'val_r2_target_11': -45.21648406982422, 'val_rmse_target_12': 1.006624460220337, 'val_mae_target_12': 0.7119540572166443, 'val_r2_target_12': -18.819730758666992, 'val_rmse_target_13': 0.906287431716919, 'val_mae_target_13': 0.705596387386322, 'val_r2_target_13': -4.681554794311523}",COMPLETE
36,0.3696220290881616,2026-02-01 17:47:25.827376,2026-02-01 17:48:03.190566,0 days 00:00:37.363190,16,0.3742060612409647,0.000417949101686222,2,mean,16,128,16,0.0034370939192208353,"{'val_rmse_mean': 0.9309865236282349, 'val_mae_mean': 0.7170359492301941, 'val_r2_mean': -15.644652366638184, 'val_rmse_target_0': 1.0193098783493042, 'val_mae_target_0': 0.6680538058280945, 'val_r2_target_0': -23.00033950805664, 'val_rmse_target_1': 0.9466236233711243, 'val_mae_target_1': 0.6688143610954285, 'val_r2_target_1': -9.175643920898438, 'val_rmse_target_2': 0.8658657073974609, 'val_mae_target_2': 0.7175365090370178, 'val_r2_target_2': -3.133084774017334, 'val_rmse_target_3': 0.930945873260498, 'val_mae_target_3': 0.7045479416847229, 'val_r2_target_3': -4.989983558654785, 'val_rmse_target_4': 0.849960207939148, 'val_mae_target_4': 0.7072109580039978, 'val_r2_target_4': -2.5567128658294678, 'val_rmse_target_5': 0.7976330518722534, 'val_mae_target_5': 0.6003349423408508, 'val_r2_target_5': -1.2051854133605957, 'val_rmse_target_6': 0.7745774388313293, 'val_mae_target_6': 0.6696171164512634, 'val_r2_target_6': -0.799141526222229, 'val_rmse_target_7': 0.9176522493362427, 'val_mae_target_7': 0.7484779953956604, 'val_r2_target_7': -4.484004020690918, 'val_rmse_target_8': 1.0785424709320068, 'val_mae_target_8': 0.9006854891777039, 'val_r2_target_8': -89.64366912841797, 'val_rmse_target_9': 0.8369554281234741, 'val_mae_target_9': 0.6367160081863403, 'val_r2_target_9': -3.7369232177734375, 'val_rmse_target_10': 1.0245274305343628, 'val_mae_target_10': 0.8311631679534912, 'val_r2_target_10': -7.958916664123535, 'val_rmse_target_11': 1.0587358474731445, 'val_mae_target_11': 0.7604056596755981, 'val_r2_target_11': -41.81882095336914, 'val_rmse_target_12': 1.0231664180755615, 'val_mae_target_12': 0.7210505604743958, 'val_r2_target_12': -23.072975158691406, 'val_rmse_target_13': 0.90931636095047, 'val_mae_target_13': 0.7038900852203369, 'val_r2_target_13': -3.4497461318969727}",COMPLETE
37,0.4060784616956004,2026-02-01 17:48:03.258436,2026-02-01 17:48:40.669047,0 days 00:00:37.410611,16,0.2972720383018555,5.2968306926163126e-05,2,mean,16,128,16,0.0021172486826800557,"{'val_rmse_mean': 0.9878806471824646, 'val_mae_mean': 0.7688840627670288, 'val_r2_mean': -87.36444854736328, 'val_rmse_target_0': 1.0017268657684326, 'val_mae_target_0': 0.6353520154953003, 'val_r2_target_0': -144.2355194091797, 'val_rmse_target_1': 0.9857317209243774, 'val_mae_target_1': 0.6965922713279724, 'val_r2_target_1': -65.7187271118164, 'val_rmse_target_2': 0.9931042790412903, 'val_mae_target_2': 0.822319746017456, 'val_r2_target_2': -86.15897369384766, 'val_rmse_target_3': 0.9627766609191895, 'val_mae_target_3': 0.7301616668701172, 'val_r2_target_3': -70.45025634765625, 'val_rmse_target_4': 0.9670964479446411, 'val_mae_target_4': 0.827483057975769, 'val_r2_target_4': -74.65245056152344, 'val_rmse_target_5': 0.9400496482849121, 'val_mae_target_5': 0.7738091945648193, 'val_r2_target_5': -50.46013259887695, 'val_rmse_target_6': 0.9415209889411926, 'val_mae_target_6': 0.8144505620002747, 'val_r2_target_6': -57.075374603271484, 'val_rmse_target_7': 0.9893723726272583, 'val_mae_target_7': 0.8013158440589905, 'val_r2_target_7': -70.72010803222656, 'val_rmse_target_8': 1.0409917831420898, 'val_mae_target_8': 0.8641785979270935, 'val_r2_target_8': -101.0986557006836, 'val_rmse_target_9': 0.9811055064201355, 'val_mae_target_9': 0.7661881446838379, 'val_r2_target_9': -71.00481414794922, 'val_rmse_target_10': 0.9997377395629883, 'val_mae_target_10': 0.7987496852874756, 'val_r2_target_10': -121.83038330078125, 'val_rmse_target_11': 1.0310851335525513, 'val_mae_target_11': 0.7417595982551575, 'val_r2_target_11': -96.59404754638672, 'val_rmse_target_12': 1.0020374059677124, 'val_mae_target_12': 0.7116835117340088, 'val_r2_target_12': -133.2831573486328, 'val_rmse_target_13': 0.9939932227134705, 'val_mae_target_13': 0.7803331017494202, 'val_r2_target_13': -79.8196792602539}",COMPLETE
38,0.40074941681491005,2026-02-01 17:48:40.738059,2026-02-01 17:49:13.357512,0 days 00:00:32.619453,16,0.33512112960321405,0.00034928514190696476,2,mean,4,32,16,0.0016292632247228362,"{'val_rmse_mean': 0.9795552492141724, 'val_mae_mean': 0.7607377767562866, 'val_r2_mean': -37.46049880981445, 'val_rmse_target_0': 1.0095374584197998, 'val_mae_target_0': 0.6389079689979553, 'val_r2_target_0': -109.25655364990234, 'val_rmse_target_1': 0.9727234840393066, 'val_mae_target_1': 0.6602051854133606, 'val_r2_target_1': -58.45205307006836, 'val_rmse_target_2': 0.937977135181427, 'val_mae_target_2': 0.7752127051353455, 'val_r2_target_2': -35.500633239746094, 'val_rmse_target_3': 0.969034731388092, 'val_mae_target_3': 0.7248634099960327, 'val_r2_target_3': -34.71851348876953, 'val_rmse_target_4': 0.9787703156471252, 'val_mae_target_4': 0.7810779213905334, 'val_r2_target_4': -28.40023422241211, 'val_rmse_target_5': 0.9245877861976624, 'val_mae_target_5': 0.7638077139854431, 'val_r2_target_5': -10.364198684692383, 'val_rmse_target_6': 0.8845899701118469, 'val_mae_target_6': 0.7598212361335754, 'val_r2_target_6': -11.306001663208008, 'val_rmse_target_7': 0.9469889998435974, 'val_mae_target_7': 0.812058687210083, 'val_r2_target_7': -22.432674407958984, 'val_rmse_target_8': 1.067203402519226, 'val_mae_target_8': 0.8933113813400269, 'val_r2_target_8': -47.817535400390625, 'val_rmse_target_9': 0.9606514573097229, 'val_mae_target_9': 0.7580711245536804, 'val_r2_target_9': -33.48088073730469, 'val_rmse_target_10': 1.017092227935791, 'val_mae_target_10': 0.8193627595901489, 'val_r2_target_10': -38.57337951660156, 'val_rmse_target_11': 1.0909252166748047, 'val_mae_target_11': 0.7864783406257629, 'val_r2_target_11': -37.41724395751953, 'val_rmse_target_12': 1.003347635269165, 'val_mae_target_12': 0.7414250373840332, 'val_r2_target_12': -38.113731384277344, 'val_rmse_target_13': 0.9503442049026489, 'val_mae_target_13': 0.7357265949249268, 'val_r2_target_13': -18.613393783569336}",COMPLETE
39,0.36249925582497206,2026-02-01 17:49:13.425614,2026-02-01 17:49:48.265252,0 days 00:00:34.839638,16,0.3968143389378216,0.0004974464776271093,2,mean,16,128,16,0.002731184896641541,"{'val_rmse_mean': 0.9199158549308777, 'val_mae_mean': 0.7094798684120178, 'val_r2_mean': -11.443056106567383, 'val_rmse_target_0': 1.0043151378631592, 'val_mae_target_0': 0.6458659768104553, 'val_r2_target_0': -15.45260238647461, 'val_rmse_target_1': 0.9554778337478638, 'val_mae_target_1': 0.7126971483230591, 'val_r2_target_1': -6.145400047302246, 'val_rmse_target_2': 0.8701505661010742, 'val_mae_target_2': 0.7132319808006287, 'val_r2_target_2': -2.3222925662994385, 'val_rmse_target_3': 0.9388996958732605, 'val_mae_target_3': 0.7348979711532593, 'val_r2_target_3': -3.933216094970703, 'val_rmse_target_4': 0.8422916531562805, 'val_mae_target_4': 0.6736427545547485, 'val_r2_target_4': -1.6010282039642334, 'val_rmse_target_5': 0.80015629529953, 'val_mae_target_5': 0.610320508480072, 'val_r2_target_5': -1.0956461429595947, 'val_rmse_target_6': 0.7716419100761414, 'val_mae_target_6': 0.668590247631073, 'val_r2_target_6': -0.9055408239364624, 'val_rmse_target_7': 0.9230181574821472, 'val_mae_target_7': 0.7561546564102173, 'val_r2_target_7': -3.952272415161133, 'val_rmse_target_8': 1.075573205947876, 'val_mae_target_8': 0.8985057473182678, 'val_r2_target_8': -57.40128707885742, 'val_rmse_target_9': 0.7962281703948975, 'val_mae_target_9': 0.6179691553115845, 'val_r2_target_9': -2.037966251373291, 'val_rmse_target_10': 0.9574511051177979, 'val_mae_target_10': 0.7590922117233276, 'val_r2_target_10': -4.743680000305176, 'val_rmse_target_11': 1.0533560514450073, 'val_mae_target_11': 0.7491386532783508, 'val_r2_target_11': -45.08818817138672, 'val_rmse_target_12': 1.015731930732727, 'val_mae_target_12': 0.7242026925086975, 'val_r2_target_12': -13.004495620727539, 'val_rmse_target_13': 0.8745307922363281, 'val_mae_target_13': 0.6684084534645081, 'val_r2_target_13': -2.519169807434082}",COMPLETE
40,0.36867826404394927,2026-02-01 17:49:48.332637,2026-02-01 17:50:25.894543,0 days 00:00:37.561906,16,0.309408447820667,0.0002940334080798519,2,mean,16,128,16,0.0018184247062299316,"{'val_rmse_mean': 0.9349642395973206, 'val_mae_mean': 0.7182449698448181, 'val_r2_mean': -19.288663864135742, 'val_rmse_target_0': 1.019471287727356, 'val_mae_target_0': 0.649042010307312, 'val_r2_target_0': -42.079471588134766, 'val_rmse_target_1': 0.9404720664024353, 'val_mae_target_1': 0.6395227909088135, 'val_r2_target_1': -16.37542724609375, 'val_rmse_target_2': 0.8776280283927917, 'val_mae_target_2': 0.7464099526405334, 'val_r2_target_2': -5.861204147338867, 'val_rmse_target_3': 0.9343334436416626, 'val_mae_target_3': 0.7153626680374146, 'val_r2_target_3': -7.559349060058594, 'val_rmse_target_4': 0.852902352809906, 'val_mae_target_4': 0.6933162808418274, 'val_r2_target_4': -3.975388526916504, 'val_rmse_target_5': 0.7934046983718872, 'val_mae_target_5': 0.6020457744598389, 'val_r2_target_5': -2.0929691791534424, 'val_rmse_target_6': 0.8015328049659729, 'val_mae_target_6': 0.7010785341262817, 'val_r2_target_6': -2.612971067428589, 'val_rmse_target_7': 0.9368536472320557, 'val_mae_target_7': 0.7793999314308167, 'val_r2_target_7': -7.466621398925781, 'val_rmse_target_8': 1.0881410837173462, 'val_mae_target_8': 0.9138506650924683, 'val_r2_target_8': -69.19355773925781, 'val_rmse_target_9': 0.8890419006347656, 'val_mae_target_9': 0.6803313493728638, 'val_r2_target_9': -9.276540756225586, 'val_rmse_target_10': 1.0079121589660645, 'val_mae_target_10': 0.7943764925003052, 'val_r2_target_10': -15.510534286499023, 'val_rmse_target_11': 1.0571998357772827, 'val_mae_target_11': 0.7626829743385315, 'val_r2_target_11': -51.97714614868164, 'val_rmse_target_12': 0.9876880049705505, 'val_mae_target_12': 0.6919646263122559, 'val_r2_target_12': -30.587228775024414, 'val_rmse_target_13': 0.9029189944267273, 'val_mae_target_13': 0.6860451698303223, 'val_r2_target_13': -5.472914695739746}",COMPLETE
41,0.3683953489418383,2026-02-01 17:50:25.962311,2026-02-01 17:51:01.020645,0 days 00:00:35.058334,16,0.32990715224010175,0.00033461150389576936,2,mean,16,128,16,0.0019109778867749544,"{'val_rmse_mean': 0.9327697157859802, 'val_mae_mean': 0.7145273089408875, 'val_r2_mean': -17.755748748779297, 'val_rmse_target_0': 0.9683416485786438, 'val_mae_target_0': 0.6061110496520996, 'val_r2_target_0': -48.833351135253906, 'val_rmse_target_1': 0.9428679347038269, 'val_mae_target_1': 0.6547825932502747, 'val_r2_target_1': -13.701044082641602, 'val_rmse_target_2': 0.8749818205833435, 'val_mae_target_2': 0.7039005756378174, 'val_r2_target_2': -4.134466171264648, 'val_rmse_target_3': 0.9176715016365051, 'val_mae_target_3': 0.683015763759613, 'val_r2_target_3': -5.692354202270508, 'val_rmse_target_4': 0.8768053650856018, 'val_mae_target_4': 0.7337550520896912, 'val_r2_target_4': -2.6479365825653076, 'val_rmse_target_5': 0.7764772772789001, 'val_mae_target_5': 0.5928668975830078, 'val_r2_target_5': -1.4090118408203125, 'val_rmse_target_6': 0.8141682147979736, 'val_mae_target_6': 0.7006602883338928, 'val_r2_target_6': -1.78326416015625, 'val_rmse_target_7': 0.8989872932434082, 'val_mae_target_7': 0.7299255728721619, 'val_r2_target_7': -6.536707878112793, 'val_rmse_target_8': 1.1105281114578247, 'val_mae_target_8': 0.9308834075927734, 'val_r2_target_8': -56.49086380004883, 'val_rmse_target_9': 0.8830088973045349, 'val_mae_target_9': 0.6743125319480896, 'val_r2_target_9': -7.8107452392578125, 'val_rmse_target_10': 0.9832925796508789, 'val_mae_target_10': 0.7834050059318542, 'val_r2_target_10': -14.725225448608398, 'val_rmse_target_11': 1.063218116760254, 'val_mae_target_11': 0.7522230744361877, 'val_r2_target_11': -47.86012649536133, 'val_rmse_target_12': 1.022801399230957, 'val_mae_target_12': 0.7292472720146179, 'val_r2_target_12': -31.460105895996094, 'val_rmse_target_13': 0.9256256222724915, 'val_mae_target_13': 0.7282931804656982, 'val_r2_target_13': -5.4952874183654785}",COMPLETE
42,0.35499801238377887,2026-02-01 17:51:01.089301,2026-02-01 17:51:38.983530,0 days 00:00:37.894229,16,0.29543397675460237,0.00040714390242771237,2,mean,16,128,16,0.0013684184627363945,"{'val_rmse_mean': 0.9084842801094055, 'val_mae_mean': 0.6965729594230652, 'val_r2_mean': -11.68376636505127, 'val_rmse_target_0': 0.953447163105011, 'val_mae_target_0': 0.6143481731414795, 'val_r2_target_0': -16.408687591552734, 'val_rmse_target_1': 0.9487772583961487, 'val_mae_target_1': 0.6881964802742004, 'val_r2_target_1': -6.872631072998047, 'val_rmse_target_2': 0.8604055643081665, 'val_mae_target_2': 0.695556640625, 'val_r2_target_2': -2.8093464374542236, 'val_rmse_target_3': 0.9034721851348877, 'val_mae_target_3': 0.7060281038284302, 'val_r2_target_3': -4.583296298980713, 'val_rmse_target_4': 0.882659375667572, 'val_mae_target_4': 0.7285736203193665, 'val_r2_target_4': -2.7511978149414062, 'val_rmse_target_5': 0.7506851553916931, 'val_mae_target_5': 0.5716472864151001, 'val_r2_target_5': -0.9185670614242554, 'val_rmse_target_6': 0.7817738652229309, 'val_mae_target_6': 0.6598625779151917, 'val_r2_target_6': -0.9900639057159424, 'val_rmse_target_7': 0.8999940156936646, 'val_mae_target_7': 0.7274197936058044, 'val_r2_target_7': -3.7101407051086426, 'val_rmse_target_8': 1.0940265655517578, 'val_mae_target_8': 0.9110537171363831, 'val_r2_target_8': -50.152156829833984, 'val_rmse_target_9': 0.8269233107566833, 'val_mae_target_9': 0.6168744564056396, 'val_r2_target_9': -2.645613193511963, 'val_rmse_target_10': 0.9559779763221741, 'val_mae_target_10': 0.7560468316078186, 'val_r2_target_10': -6.606616020202637, 'val_rmse_target_11': 1.0556769371032715, 'val_mae_target_11': 0.7512255907058716, 'val_r2_target_11': -43.133934020996094, 'val_rmse_target_12': 0.9738048315048218, 'val_mae_target_12': 0.6798567175865173, 'val_r2_target_12': -18.796457290649414, 'val_rmse_target_13': 0.8311547040939331, 'val_mae_target_13': 0.6453319191932678, 'val_r2_target_13': -3.1940221786499023}",COMPLETE
43,0.37015374060030337,2026-02-01 17:51:39.055572,2026-02-01 17:52:15.905499,0 days 00:00:36.849927,16,0.3612878801910513,0.00041128850484081834,2,mean,16,64,16,0.001360929343168648,"{'val_rmse_mean': 0.9359941482543945, 'val_mae_mean': 0.7191430926322937, 'val_r2_mean': -22.56816291809082, 'val_rmse_target_0': 0.9989348649978638, 'val_mae_target_0': 0.6403796672821045, 'val_r2_target_0': -44.79013442993164, 'val_rmse_target_1': 0.9796997904777527, 'val_mae_target_1': 0.668014645576477, 'val_r2_target_1': -29.473100662231445, 'val_rmse_target_2': 0.8772673606872559, 'val_mae_target_2': 0.7256886959075928, 'val_r2_target_2': -7.298590660095215, 'val_rmse_target_3': 0.9312516450881958, 'val_mae_target_3': 0.7109513282775879, 'val_r2_target_3': -12.939176559448242, 'val_rmse_target_4': 0.853375256061554, 'val_mae_target_4': 0.6996853351593018, 'val_r2_target_4': -5.075907230377197, 'val_rmse_target_5': 0.8169106841087341, 'val_mae_target_5': 0.6515974998474121, 'val_r2_target_5': -3.031963348388672, 'val_rmse_target_6': 0.8177155256271362, 'val_mae_target_6': 0.7125241756439209, 'val_r2_target_6': -4.040265083312988, 'val_rmse_target_7': 0.9358722567558289, 'val_mae_target_7': 0.7631556987762451, 'val_r2_target_7': -12.638050079345703, 'val_rmse_target_8': 1.078458547592163, 'val_mae_target_8': 0.8952427506446838, 'val_r2_target_8': -69.58341217041016, 'val_rmse_target_9': 0.8622875809669495, 'val_mae_target_9': 0.6643694639205933, 'val_r2_target_9': -8.557095527648926, 'val_rmse_target_10': 1.0018374919891357, 'val_mae_target_10': 0.7788001298904419, 'val_r2_target_10': -20.079023361206055, 'val_rmse_target_11': 1.0618300437927246, 'val_mae_target_11': 0.7584666609764099, 'val_r2_target_11': -59.439083099365234, 'val_rmse_target_12': 1.0010902881622314, 'val_mae_target_12': 0.7127343416213989, 'val_r2_target_12': -28.202341079711914, 'val_rmse_target_13': 0.8873874545097351, 'val_mae_target_13': 0.6863940954208374, 'val_r2_target_13': -10.806144714355469}",COMPLETE
44,0.3765009095271428,2026-02-01 17:52:15.973916,2026-02-01 17:52:51.429857,0 days 00:00:35.455941,16,0.29022224743593333,0.00024311686141731788,2,mean,16,128,16,0.001116610149193938,"{'val_rmse_mean': 0.9468331933021545, 'val_mae_mean': 0.7214416265487671, 'val_r2_mean': -28.2292423248291, 'val_rmse_target_0': 0.9974851012229919, 'val_mae_target_0': 0.6371942162513733, 'val_r2_target_0': -53.81229782104492, 'val_rmse_target_1': 0.9421167373657227, 'val_mae_target_1': 0.6396620273590088, 'val_r2_target_1': -24.9127140045166, 'val_rmse_target_2': 0.924845814704895, 'val_mae_target_2': 0.7381576895713806, 'val_r2_target_2': -9.946728706359863, 'val_rmse_target_3': 0.9587623476982117, 'val_mae_target_3': 0.7094111442565918, 'val_r2_target_3': -12.977209091186523, 'val_rmse_target_4': 0.8926384449005127, 'val_mae_target_4': 0.7363442778587341, 'val_r2_target_4': -7.343573570251465, 'val_rmse_target_5': 0.8722521662712097, 'val_mae_target_5': 0.6911479830741882, 'val_r2_target_5': -6.345178127288818, 'val_rmse_target_6': 0.8081386685371399, 'val_mae_target_6': 0.6835700273513794, 'val_r2_target_6': -4.0388264656066895, 'val_rmse_target_7': 0.9208977222442627, 'val_mae_target_7': 0.7556381821632385, 'val_r2_target_7': -10.988794326782227, 'val_rmse_target_8': 1.0830479860305786, 'val_mae_target_8': 0.9084630608558655, 'val_r2_target_8': -77.57955169677734, 'val_rmse_target_9': 0.90715491771698, 'val_mae_target_9': 0.6661245822906494, 'val_r2_target_9': -11.020198822021484, 'val_rmse_target_10': 0.9884450435638428, 'val_mae_target_10': 0.7871906161308289, 'val_r2_target_10': -23.349252700805664, 'val_rmse_target_11': 1.0371451377868652, 'val_mae_target_11': 0.722100555896759, 'val_r2_target_11': -89.00531768798828, 'val_rmse_target_12': 1.013164758682251, 'val_mae_target_12': 0.7169816493988037, 'val_r2_target_12': -51.98143005371094, 'val_rmse_target_13': 0.9095703959465027, 'val_mae_target_13': 0.708196759223938, 'val_r2_target_13': -11.908284187316895}",COMPLETE
45,0.4183928530525278,2026-02-01 17:52:51.497957,2026-02-01 17:53:28.552414,0 days 00:00:37.054457,16,0.25373983116493576,9.344863263434961e-05,2,mean,4,32,16,0.0014953735673086876,"{'val_rmse_mean': 0.9995115399360657, 'val_mae_mean': 0.7892948985099792, 'val_r2_mean': -39.298614501953125, 'val_rmse_target_0': 0.9686324596405029, 'val_mae_target_0': 0.6736891865730286, 'val_r2_target_0': -47.352622985839844, 'val_rmse_target_1': 0.9798914790153503, 'val_mae_target_1': 0.7250352501869202, 'val_r2_target_1': -46.01105880737305, 'val_rmse_target_2': 1.0231605768203735, 'val_mae_target_2': 0.8211956024169922, 'val_r2_target_2': -58.59012222290039, 'val_rmse_target_3': 1.0012271404266357, 'val_mae_target_3': 0.7758683562278748, 'val_r2_target_3': -35.913124084472656, 'val_rmse_target_4': 1.0227705240249634, 'val_mae_target_4': 0.8542770147323608, 'val_r2_target_4': -40.297950744628906, 'val_rmse_target_5': 0.9902637004852295, 'val_mae_target_5': 0.7980549931526184, 'val_r2_target_5': -29.02016258239746, 'val_rmse_target_6': 0.9380164742469788, 'val_mae_target_6': 0.7982064485549927, 'val_r2_target_6': -21.268795013427734, 'val_rmse_target_7': 1.0002907514572144, 'val_mae_target_7': 0.8457295298576355, 'val_r2_target_7': -37.47703552246094, 'val_rmse_target_8': 1.0648829936981201, 'val_mae_target_8': 0.8997170925140381, 'val_r2_target_8': -51.129669189453125, 'val_rmse_target_9': 0.9398247599601746, 'val_mae_target_9': 0.7338375449180603, 'val_r2_target_9': -35.571258544921875, 'val_rmse_target_10': 0.9731347560882568, 'val_mae_target_10': 0.7911789417266846, 'val_r2_target_10': -44.142459869384766, 'val_rmse_target_11': 1.0050514936447144, 'val_mae_target_11': 0.7050034403800964, 'val_r2_target_11': -47.46821594238281, 'val_rmse_target_12': 1.0254181623458862, 'val_mae_target_12': 0.7677501440048218, 'val_r2_target_12': -33.77240753173828, 'val_rmse_target_13': 1.060594916343689, 'val_mae_target_13': 0.8605851531028748, 'val_r2_target_13': -22.16575813293457}",COMPLETE
46,0.35978559652964276,2026-02-01 17:53:28.622342,2026-02-01 17:54:05.746249,0 days 00:00:37.123907,16,0.31570476427154887,0.00043598410908508823,2,mean,16,128,16,0.0012148308363570581,"{'val_rmse_mean': 0.9148131608963013, 'val_mae_mean': 0.7051509022712708, 'val_r2_mean': -9.286262512207031, 'val_rmse_target_0': 1.0075089931488037, 'val_mae_target_0': 0.6566290855407715, 'val_r2_target_0': -13.70336627960205, 'val_rmse_target_1': 0.988705575466156, 'val_mae_target_1': 0.7269477844238281, 'val_r2_target_1': -7.576671600341797, 'val_rmse_target_2': 0.7959021329879761, 'val_mae_target_2': 0.653053343296051, 'val_r2_target_2': -1.8940801620483398, 'val_rmse_target_3': 0.8774728775024414, 'val_mae_target_3': 0.6763262748718262, 'val_r2_target_3': -3.118704319000244, 'val_rmse_target_4': 0.8012913465499878, 'val_mae_target_4': 0.6576106548309326, 'val_r2_target_4': -1.2241814136505127, 'val_rmse_target_5': 0.771475076675415, 'val_mae_target_5': 0.6057992577552795, 'val_r2_target_5': -0.8001854419708252, 'val_rmse_target_6': 0.7774988412857056, 'val_mae_target_6': 0.6639052629470825, 'val_r2_target_6': -0.8586965799331665, 'val_rmse_target_7': 0.912924587726593, 'val_mae_target_7': 0.7291983962059021, 'val_r2_target_7': -3.1083688735961914, 'val_rmse_target_8': 1.1330474615097046, 'val_mae_target_8': 0.9453972578048706, 'val_r2_target_8': -33.619476318359375, 'val_rmse_target_9': 0.8060540556907654, 'val_mae_target_9': 0.6113943457603455, 'val_r2_target_9': -2.0335867404937744, 'val_rmse_target_10': 1.0191075801849365, 'val_mae_target_10': 0.8121921420097351, 'val_r2_target_10': -6.859930515289307, 'val_rmse_target_11': 1.066330909729004, 'val_mae_target_11': 0.755025327205658, 'val_r2_target_11': -40.090450286865234, 'val_rmse_target_12': 1.0030264854431152, 'val_mae_target_12': 0.7249572277069092, 'val_r2_target_12': -13.33349323272705, 'val_rmse_target_13': 0.8470383882522583, 'val_mae_target_13': 0.6536763310432434, 'val_r2_target_13': -1.7864842414855957}",COMPLETE
47,0.363439483223138,2026-02-01 17:54:05.813975,2026-02-01 17:54:41.556052,0 days 00:00:35.742077,16,0.31878138525458677,0.00043239144597268707,2,mean,16,128,16,0.0012033559985103206,"{'val_rmse_mean': 0.9240137338638306, 'val_mae_mean': 0.7153483629226685, 'val_r2_mean': -12.828241348266602, 'val_rmse_target_0': 1.002287745475769, 'val_mae_target_0': 0.6583505272865295, 'val_r2_target_0': -18.54564666748047, 'val_rmse_target_1': 0.9728212952613831, 'val_mae_target_1': 0.6937217712402344, 'val_r2_target_1': -9.576650619506836, 'val_rmse_target_2': 0.8559757471084595, 'val_mae_target_2': 0.7042979001998901, 'val_r2_target_2': -3.147035598754883, 'val_rmse_target_3': 0.9361617565155029, 'val_mae_target_3': 0.7155590653419495, 'val_r2_target_3': -4.2928290367126465, 'val_rmse_target_4': 0.8394184708595276, 'val_mae_target_4': 0.6908915638923645, 'val_r2_target_4': -1.7541582584381104, 'val_rmse_target_5': 0.7531120777130127, 'val_mae_target_5': 0.5994086861610413, 'val_r2_target_5': -0.6451773643493652, 'val_rmse_target_6': 0.772205114364624, 'val_mae_target_6': 0.6560297608375549, 'val_r2_target_6': -1.014136791229248, 'val_rmse_target_7': 0.9190082550048828, 'val_mae_target_7': 0.7487080097198486, 'val_r2_target_7': -4.511618137359619, 'val_rmse_target_8': 1.1013827323913574, 'val_mae_target_8': 0.9272798895835876, 'val_r2_target_8': -45.58768081665039, 'val_rmse_target_9': 0.8289036750793457, 'val_mae_target_9': 0.6384809017181396, 'val_r2_target_9': -3.6955418586730957, 'val_rmse_target_10': 1.0263564586639404, 'val_mae_target_10': 0.8405647873878479, 'val_r2_target_10': -6.6620073318481445, 'val_rmse_target_11': 1.0493972301483154, 'val_mae_target_11': 0.7625846862792969, 'val_r2_target_11': -56.14545440673828, 'val_rmse_target_12': 1.0165433883666992, 'val_mae_target_12': 0.7202553153038025, 'val_r2_target_12': -21.44081687927246, 'val_rmse_target_13': 0.8626173138618469, 'val_mae_target_13': 0.6587448120117188, 'val_r2_target_13': -2.5766241550445557}",COMPLETE
48,0.4087045485222781,2026-02-01 17:54:41.623902,2026-02-01 17:55:18.335501,0 days 00:00:36.711599,16,0.32920021270059474,0.00020748212060722596,2,mean,16,32,16,0.0010314218704312083,"{'val_rmse_mean': 0.9952660799026489, 'val_mae_mean': 0.7654725909233093, 'val_r2_mean': -59.140071868896484, 'val_rmse_target_0': 0.9724860787391663, 'val_mae_target_0': 0.6123526096343994, 'val_r2_target_0': -97.21973419189453, 'val_rmse_target_1': 0.9789322018623352, 'val_mae_target_1': 0.6497153043746948, 'val_r2_target_1': -70.70250701904297, 'val_rmse_target_2': 0.9806194305419922, 'val_mae_target_2': 0.7894490361213684, 'val_r2_target_2': -58.4830207824707, 'val_rmse_target_3': 0.9598772525787354, 'val_mae_target_3': 0.7241156101226807, 'val_r2_target_3': -41.04362106323242, 'val_rmse_target_4': 0.9769613742828369, 'val_mae_target_4': 0.813595712184906, 'val_r2_target_4': -54.03993225097656, 'val_rmse_target_5': 0.9458978176116943, 'val_mae_target_5': 0.8007773160934448, 'val_r2_target_5': -29.435579299926758, 'val_rmse_target_6': 0.9618730545043945, 'val_mae_target_6': 0.8208186030387878, 'val_r2_target_6': -33.33921432495117, 'val_rmse_target_7': 1.0066616535186768, 'val_mae_target_7': 0.8374857306480408, 'val_r2_target_7': -72.1585922241211, 'val_rmse_target_8': 1.0601577758789062, 'val_mae_target_8': 0.8687037825584412, 'val_r2_target_8': -51.32547378540039, 'val_rmse_target_9': 0.99196457862854, 'val_mae_target_9': 0.7610443830490112, 'val_r2_target_9': -67.07003021240234, 'val_rmse_target_10': 1.0309624671936035, 'val_mae_target_10': 0.803874135017395, 'val_r2_target_10': -45.6568489074707, 'val_rmse_target_11': 1.0011751651763916, 'val_mae_target_11': 0.6667219996452332, 'val_r2_target_11': -106.46072387695312, 'val_rmse_target_12': 1.067839503288269, 'val_mae_target_12': 0.7857500910758972, 'val_r2_target_12': -48.75542449951172, 'val_rmse_target_13': 0.9983171224594116, 'val_mae_target_13': 0.7822109460830688, 'val_r2_target_13': -52.270286560058594}",COMPLETE
49,0.38870055200877013,2026-02-01 17:55:18.404061,2026-02-01 17:55:56.007291,0 days 00:00:37.603230,16,0.3850735988621768,0.0003625536080602989,2,mean,4,64,16,0.001252581545742175,"{'val_rmse_mean': 0.9604337811470032, 'val_mae_mean': 0.7439410090446472, 'val_r2_mean': -26.136747360229492, 'val_rmse_target_0': 1.0225245952606201, 'val_mae_target_0': 0.6398152709007263, 'val_r2_target_0': -58.01580047607422, 'val_rmse_target_1': 0.9619149565696716, 'val_mae_target_1': 0.6602265238761902, 'val_r2_target_1': -32.59870529174805, 'val_rmse_target_2': 0.9461186528205872, 'val_mae_target_2': 0.8097069263458252, 'val_r2_target_2': -10.467695236206055, 'val_rmse_target_3': 0.9784314632415771, 'val_mae_target_3': 0.747338056564331, 'val_r2_target_3': -12.266308784484863, 'val_rmse_target_4': 0.9149383306503296, 'val_mae_target_4': 0.7443862557411194, 'val_r2_target_4': -7.321865081787109, 'val_rmse_target_5': 0.8250388503074646, 'val_mae_target_5': 0.6555246710777283, 'val_r2_target_5': -4.147794723510742, 'val_rmse_target_6': 0.8448007702827454, 'val_mae_target_6': 0.7606524229049683, 'val_r2_target_6': -6.416214942932129, 'val_rmse_target_7': 0.937156081199646, 'val_mae_target_7': 0.7807632088661194, 'val_r2_target_7': -14.471822738647461, 'val_rmse_target_8': 1.0882182121276855, 'val_mae_target_8': 0.9200271368026733, 'val_r2_target_8': -50.235164642333984, 'val_rmse_target_9': 0.9108580946922302, 'val_mae_target_9': 0.6980247497558594, 'val_r2_target_9': -17.279565811157227, 'val_rmse_target_10': 1.0048049688339233, 'val_mae_target_10': 0.7995710968971252, 'val_r2_target_10': -17.543275833129883, 'val_rmse_target_11': 1.0476950407028198, 'val_mae_target_11': 0.7351135015487671, 'val_r2_target_11': -72.90933227539062, 'val_rmse_target_12': 1.0413613319396973, 'val_mae_target_12': 0.7419386506080627, 'val_r2_target_12': -46.71067428588867, 'val_rmse_target_13': 0.9222114682197571, 'val_mae_target_13': 0.7220860123634338, 'val_r2_target_13': -15.53026008605957}",COMPLETE
