number,value,datetime_start,datetime_complete,duration,params_batch_size,params_dropout,params_lr,params_num_conv_layers,params_path_attention_type,params_path_dim,params_regressor_dim,params_ts_out_channels,params_weight_decay,user_attrs_val_metrics,state
0,0.349834559140382,2026-01-29 11:01:15.382635,2026-01-29 11:02:10.053256,0 days 00:00:54.670621,16,0.2619395503634353,0.00024014474331452822,2,gated,4,256,16,0.0011623576084912766,"{'val_rmse_mean': 0.9346014261245728, 'val_mae_mean': 0.6899424195289612, 'val_r2_mean': -11.39539909362793, 'val_rmse_target_0': 1.0151880979537964, 'val_mae_target_0': 0.6714015603065491, 'val_r2_target_0': -14.955757141113281, 'val_rmse_target_1': 0.9351648688316345, 'val_mae_target_1': 0.6892436742782593, 'val_r2_target_1': -5.344765663146973, 'val_rmse_target_2': 0.7207351922988892, 'val_mae_target_2': 0.603169858455658, 'val_r2_target_2': -0.28695201873779297, 'val_rmse_target_3': 1.0673176050186157, 'val_mae_target_3': 0.7959544658660889, 'val_r2_target_3': -24.994123458862305}",COMPLETE
1,0.3616871016996878,2026-01-29 11:02:10.122176,2026-01-29 11:03:01.952907,0 days 00:00:51.830731,16,0.36784495285099106,0.00019601718052474442,2,gated,4,64,16,0.004971444557485181,"{'val_rmse_mean': 0.96544349193573, 'val_mae_mean': 0.6961613297462463, 'val_r2_mean': -55.907344818115234, 'val_rmse_target_0': 0.9866380095481873, 'val_mae_target_0': 0.6234259605407715, 'val_r2_target_0': -114.01034545898438, 'val_rmse_target_1': 0.9619522094726562, 'val_mae_target_1': 0.6721921563148499, 'val_r2_target_1': -27.910572052001953, 'val_rmse_target_2': 0.8956945538520813, 'val_mae_target_2': 0.7680845856666565, 'val_r2_target_2': -11.3645601272583, 'val_rmse_target_3': 1.0174891948699951, 'val_mae_target_3': 0.7209427952766418, 'val_r2_target_3': -70.3438720703125}",COMPLETE
2,0.36447967450927804,2026-01-29 11:03:02.023188,2026-01-29 11:03:47.386144,0 days 00:00:45.362956,16,0.19440611122553103,9.860400555831164e-05,2,mean,4,64,16,0.0029608287937378506,"{'val_rmse_mean': 0.9819570183753967, 'val_mae_mean': 0.6962708234786987, 'val_r2_mean': -45.33875274658203, 'val_rmse_target_0': 1.0018011331558228, 'val_mae_target_0': 0.6288778781890869, 'val_r2_target_0': -48.08320999145508, 'val_rmse_target_1': 0.9959837794303894, 'val_mae_target_1': 0.6650167107582092, 'val_r2_target_1': -62.005836486816406, 'val_rmse_target_2': 0.9159323573112488, 'val_mae_target_2': 0.7676273584365845, 'val_r2_target_2': -16.36142349243164, 'val_rmse_target_3': 1.014110803604126, 'val_mae_target_3': 0.72356116771698, 'val_r2_target_3': -54.90456008911133}",COMPLETE
3,0.3754699208118297,2026-01-29 11:03:47.455225,2026-01-29 11:04:37.668794,0 days 00:00:50.213569,16,0.24917330404419744,0.0004237822676899218,2,gated,8,256,16,0.006128419419143309,"{'val_rmse_mean': 0.955729067325592, 'val_mae_mean': 0.7395003437995911, 'val_r2_mean': -5.917695045471191, 'val_rmse_target_0': 1.0127254724502563, 'val_mae_target_0': 0.7065020203590393, 'val_r2_target_0': -7.713539123535156, 'val_rmse_target_1': 0.9813829660415649, 'val_mae_target_1': 0.7904640436172485, 'val_r2_target_1': -2.3255791664123535, 'val_rmse_target_2': 0.7317706346511841, 'val_mae_target_2': 0.6016917824745178, 'val_r2_target_2': -0.15391647815704346, 'val_rmse_target_3': 1.0970370769500732, 'val_mae_target_3': 0.8593435883522034, 'val_r2_target_3': -13.47774600982666}",COMPLETE
4,0.3669334909430257,2026-01-29 11:04:37.743650,2026-01-29 11:05:22.603012,0 days 00:00:44.859362,16,0.17100310524510498,0.00032977005952044083,2,mean,8,128,16,0.0015786614465566945,"{'val_rmse_mean': 0.9629156589508057, 'val_mae_mean': 0.7214290499687195, 'val_r2_mean': -10.775541305541992, 'val_rmse_target_0': 1.022139310836792, 'val_mae_target_0': 0.6896430253982544, 'val_r2_target_0': -14.081137657165527, 'val_rmse_target_1': 0.9787078499794006, 'val_mae_target_1': 0.7213813662528992, 'val_r2_target_1': -6.181496620178223, 'val_rmse_target_2': 0.7754501104354858, 'val_mae_target_2': 0.6663544178009033, 'val_r2_target_2': -0.5644326210021973, 'val_rmse_target_3': 1.0753655433654785, 'val_mae_target_3': 0.8083375096321106, 'val_r2_target_3': -22.275094985961914}",COMPLETE
5,0.3851977305279838,2026-01-29 11:05:22.675205,2026-01-29 11:06:08.988736,0 days 00:00:46.313531,16,0.16342097669757494,0.0003432540486208455,2,static,8,256,16,0.0017416277788531581,"{'val_rmse_mean': 0.9723708629608154, 'val_mae_mean': 0.7364904880523682, 'val_r2_mean': -5.269410133361816, 'val_rmse_target_0': 1.0244691371917725, 'val_mae_target_0': 0.6859424710273743, 'val_r2_target_0': -6.116652965545654, 'val_rmse_target_1': 0.9641678929328918, 'val_mae_target_1': 0.7466580867767334, 'val_r2_target_1': -2.290688991546631, 'val_rmse_target_2': 0.7903610467910767, 'val_mae_target_2': 0.6788995265960693, 'val_r2_target_2': -0.04382896423339844, 'val_rmse_target_3': 1.1104856729507446, 'val_mae_target_3': 0.8344619870185852, 'val_r2_target_3': -12.626469612121582}",COMPLETE
6,0.3726184194286664,2026-01-29 11:06:09.061699,2026-01-29 11:06:55.077477,0 days 00:00:46.015778,16,0.19859819720760397,0.00015737489405093596,2,static,8,32,16,0.0027915552890702003,"{'val_rmse_mean': 0.9911856651306152, 'val_mae_mean': 0.7172988653182983, 'val_r2_mean': -36.16348648071289, 'val_rmse_target_0': 1.0288186073303223, 'val_mae_target_0': 0.6568149924278259, 'val_r2_target_0': -66.39706420898438, 'val_rmse_target_1': 0.9977248907089233, 'val_mae_target_1': 0.6890164017677307, 'val_r2_target_1': -20.070707321166992, 'val_rmse_target_2': 0.8979377746582031, 'val_mae_target_2': 0.758715808391571, 'val_r2_target_2': -15.312808990478516, 'val_rmse_target_3': 1.040261149406433, 'val_mae_target_3': 0.7646480798721313, 'val_r2_target_3': -42.87335968017578}",COMPLETE
7,0.36337441564710055,2026-01-29 11:06:55.147921,2026-01-29 11:07:46.552793,0 days 00:00:51.404872,16,0.19059732556799652,6.054753805262433e-05,2,gated,16,64,16,0.0013859270248935318,"{'val_rmse_mean': 0.9631402492523193, 'val_mae_mean': 0.7012392282485962, 'val_r2_mean': -97.50995635986328, 'val_rmse_target_0': 0.9529545903205872, 'val_mae_target_0': 0.6235421299934387, 'val_r2_target_0': -102.27498626708984, 'val_rmse_target_1': 0.9600712656974792, 'val_mae_target_1': 0.6872953772544861, 'val_r2_target_1': -82.74401092529297, 'val_rmse_target_2': 0.9229311347007751, 'val_mae_target_2': 0.7982075810432434, 'val_r2_target_2': -49.791282653808594, 'val_rmse_target_3': 1.0166038274765015, 'val_mae_target_3': 0.6959119439125061, 'val_r2_target_3': -155.22958374023438}",COMPLETE
8,0.35025781524126176,2026-01-29 11:07:46.623050,2026-01-29 11:08:26.334645,0 days 00:00:39.711595,16,0.2612391501863235,0.00023587105198170563,2,mean,4,128,16,0.0026038100515810947,"{'val_rmse_mean': 0.9484491944313049, 'val_mae_mean': 0.684769332408905, 'val_r2_mean': -23.18027687072754, 'val_rmse_target_0': 1.0137444734573364, 'val_mae_target_0': 0.6317128539085388, 'val_r2_target_0': -45.255638122558594, 'val_rmse_target_1': 0.9764723777770996, 'val_mae_target_1': 0.7046384215354919, 'val_r2_target_1': -11.153291702270508, 'val_rmse_target_2': 0.7508981823921204, 'val_mae_target_2': 0.6371926665306091, 'val_r2_target_2': -1.376741647720337, 'val_rmse_target_3': 1.0526816844940186, 'val_mae_target_3': 0.765533447265625, 'val_r2_target_3': -34.93545150756836}",COMPLETE
9,0.35372342941937623,2026-01-29 11:08:26.406657,2026-01-29 11:09:10.589977,0 days 00:00:44.183320,16,0.3250859952240387,7.540193652998286e-05,2,mean,4,256,16,0.0031440036012650944,"{'val_rmse_mean': 0.9584943056106567, 'val_mae_mean': 0.6909749507904053, 'val_r2_mean': -29.569631576538086, 'val_rmse_target_0': 0.9939179420471191, 'val_mae_target_0': 0.6240986585617065, 'val_r2_target_0': -32.13392639160156, 'val_rmse_target_1': 0.9850232601165771, 'val_mae_target_1': 0.6998124122619629, 'val_r2_target_1': -20.266448974609375, 'val_rmse_target_2': 0.8248550295829773, 'val_mae_target_2': 0.7002185583114624, 'val_r2_target_2': -6.099501132965088, 'val_rmse_target_3': 1.0301810503005981, 'val_mae_target_3': 0.7397700548171997, 'val_r2_target_3': -59.778629302978516}",COMPLETE
10,0.37865798892798247,2026-01-29 11:09:10.660192,2026-01-29 11:10:02.208912,0 days 00:00:51.548720,16,0.12164751737379864,0.00013300324274456878,2,gated,16,32,16,0.0010032590162942522,"{'val_rmse_mean': 0.9949361085891724, 'val_mae_mean': 0.7170754671096802, 'val_r2_mean': -85.2509765625, 'val_rmse_target_0': 0.9691773653030396, 'val_mae_target_0': 0.6261258125305176, 'val_r2_target_0': -61.484031677246094, 'val_rmse_target_1': 1.044465184211731, 'val_mae_target_1': 0.7178534269332886, 'val_r2_target_1': -83.20452880859375, 'val_rmse_target_2': 0.9475911855697632, 'val_mae_target_2': 0.8194299340248108, 'val_r2_target_2': -30.306169509887695, 'val_rmse_target_3': 1.0185106992721558, 'val_mae_target_3': 0.7048926949501038, 'val_r2_target_3': -166.0091552734375}",COMPLETE
11,0.3461651713759811,2026-01-29 11:10:02.282792,2026-01-29 11:10:46.962657,0 days 00:00:44.679865,16,0.29305154736595795,0.00020983646078960176,2,mean,4,128,16,0.0020649818304383652,"{'val_rmse_mean': 0.9396201372146606, 'val_mae_mean': 0.6832744479179382, 'val_r2_mean': -23.391014099121094, 'val_rmse_target_0': 0.9876987338066101, 'val_mae_target_0': 0.6355485320091248, 'val_r2_target_0': -34.70918655395508, 'val_rmse_target_1': 0.9622092247009277, 'val_mae_target_1': 0.6661439538002014, 'val_r2_target_1': -18.379451751708984, 'val_rmse_target_2': 0.7648288011550903, 'val_mae_target_2': 0.6746692061424255, 'val_r2_target_2': -1.9573559761047363, 'val_rmse_target_3': 1.04374361038208, 'val_mae_target_3': 0.7567359805107117, 'val_r2_target_3': -38.518062591552734}",COMPLETE
12,0.35951746144780405,2026-01-29 11:10:47.033187,2026-01-29 11:11:29.472623,0 days 00:00:42.439436,16,0.28780154998395746,0.00027263635684764056,2,mean,4,128,16,0.0010176366908736067,"{'val_rmse_mean': 0.9597982168197632, 'val_mae_mean': 0.7086564302444458, 'val_r2_mean': -16.659809112548828, 'val_rmse_target_0': 1.0039504766464233, 'val_mae_target_0': 0.6434312462806702, 'val_r2_target_0': -24.21323585510254, 'val_rmse_target_1': 0.9747346639633179, 'val_mae_target_1': 0.6984589695930481, 'val_r2_target_1': -9.787858009338379, 'val_rmse_target_2': 0.794721782207489, 'val_mae_target_2': 0.7086742520332336, 'val_r2_target_2': -1.5105109214782715, 'val_rmse_target_3': 1.0657860040664673, 'val_mae_target_3': 0.7840611934661865, 'val_r2_target_3': -31.12763214111328}",COMPLETE
13,0.3642055668212749,2026-01-29 11:11:29.545975,2026-01-29 11:12:17.391791,0 days 00:00:47.845816,16,0.3225072143073683,0.00019161292550822054,2,gated,4,128,16,0.00928419096729064,"{'val_rmse_mean': 0.9699868559837341, 'val_mae_mean': 0.713301956653595, 'val_r2_mean': -25.244340896606445, 'val_rmse_target_0': 1.009412407875061, 'val_mae_target_0': 0.6422227025032043, 'val_r2_target_0': -41.1688346862793, 'val_rmse_target_1': 0.9918792843818665, 'val_mae_target_1': 0.708486795425415, 'val_r2_target_1': -13.728994369506836, 'val_rmse_target_2': 0.8307008743286133, 'val_mae_target_2': 0.7419943809509277, 'val_r2_target_2': -4.049478054046631, 'val_rmse_target_3': 1.047954797744751, 'val_mae_target_3': 0.7605040669441223, 'val_r2_target_3': -42.03004837036133}",COMPLETE
14,0.34579403408699566,2026-01-29 11:12:17.462691,2026-01-29 11:12:59.910615,0 days 00:00:42.447924,16,0.3845155034583296,0.00011781569441405368,2,static,4,256,16,0.0020814281562678257,"{'val_rmse_mean': 0.9440615177154541, 'val_mae_mean': 0.6814907193183899, 'val_r2_mean': -29.55276107788086, 'val_rmse_target_0': 1.0090259313583374, 'val_mae_target_0': 0.6289960145950317, 'val_r2_target_0': -46.017215728759766, 'val_rmse_target_1': 0.9521189332008362, 'val_mae_target_1': 0.677975058555603, 'val_r2_target_1': -13.29219913482666, 'val_rmse_target_2': 0.7704463601112366, 'val_mae_target_2': 0.6751564145088196, 'val_r2_target_2': -2.2590248584747314, 'val_rmse_target_3': 1.0446547269821167, 'val_mae_target_3': 0.7438355088233948, 'val_r2_target_3': -56.642601013183594}",COMPLETE
15,0.3491964460247093,2026-01-29 11:12:59.982657,2026-01-29 11:13:44.762033,0 days 00:00:44.779376,16,0.3949858520031801,0.00011495368803929041,2,static,4,256,16,0.0021681069355691724,"{'val_rmse_mean': 0.9491530656814575, 'val_mae_mean': 0.6886633038520813, 'val_r2_mean': -25.70163917541504, 'val_rmse_target_0': 1.0133484601974487, 'val_mae_target_0': 0.6463949680328369, 'val_r2_target_0': -42.83524703979492, 'val_rmse_target_1': 0.978633463382721, 'val_mae_target_1': 0.6908344626426697, 'val_r2_target_1': -16.38555145263672, 'val_rmse_target_2': 0.7739152908325195, 'val_mae_target_2': 0.6752631664276123, 'val_r2_target_2': -2.2454261779785156, 'val_rmse_target_3': 1.0307151079177856, 'val_mae_target_3': 0.7421605587005615, 'val_r2_target_3': -41.34033203125}",COMPLETE
16,0.3658298959058744,2026-01-29 11:13:44.835854,2026-01-29 11:14:30.537861,0 days 00:00:45.702007,16,0.3570203328216329,9.172827606692744e-05,2,static,16,128,16,0.0042168129313661425,"{'val_rmse_mean': 0.9778074622154236, 'val_mae_mean': 0.7005912065505981, 'val_r2_mean': -79.5279769897461, 'val_rmse_target_0': 0.9964517951011658, 'val_mae_target_0': 0.6317488551139832, 'val_r2_target_0': -104.8897705078125, 'val_rmse_target_1': 0.9809418320655823, 'val_mae_target_1': 0.6679246425628662, 'val_r2_target_1': -52.6514892578125, 'val_rmse_target_2': 0.9067994356155396, 'val_mae_target_2': 0.7769775390625, 'val_r2_target_2': -25.72210121154785, 'val_rmse_target_3': 1.0270369052886963, 'val_mae_target_3': 0.7257136702537537, 'val_r2_target_3': -134.84852600097656}",COMPLETE
17,0.38496275480698655,2026-01-29 11:14:30.609361,2026-01-29 11:15:14.392012,0 days 00:00:43.782651,16,0.30843102418724067,5.055469787424892e-05,2,static,4,32,16,0.002011217271003255,"{'val_rmse_mean': 0.9923299551010132, 'val_mae_mean': 0.7267515659332275, 'val_r2_mean': -42.88804244995117, 'val_rmse_target_0': 0.9060652256011963, 'val_mae_target_0': 0.5915261507034302, 'val_r2_target_0': -25.424448013305664, 'val_rmse_target_1': 1.073559045791626, 'val_mae_target_1': 0.7649654150009155, 'val_r2_target_1': -49.95961380004883, 'val_rmse_target_2': 0.9505765438079834, 'val_mae_target_2': 0.8240185379981995, 'val_r2_target_2': -52.42473602294922, 'val_rmse_target_3': 1.0391188859939575, 'val_mae_target_3': 0.726496160030365, 'val_r2_target_3': -43.743377685546875}",COMPLETE
18,0.34636798570001565,2026-01-29 11:15:14.463948,2026-01-29 11:15:59.635281,0 days 00:00:45.171333,16,0.38816880594876074,0.000142763844938665,2,mean,4,256,16,0.004149109501106564,"{'val_rmse_mean': 0.9419565796852112, 'val_mae_mean': 0.684812605381012, 'val_r2_mean': -29.1622314453125, 'val_rmse_target_0': 1.0120795965194702, 'val_mae_target_0': 0.6462898850440979, 'val_r2_target_0': -40.17729949951172, 'val_rmse_target_1': 0.9507344961166382, 'val_mae_target_1': 0.6806682348251343, 'val_r2_target_1': -13.99608039855957, 'val_rmse_target_2': 0.7727512717247009, 'val_mae_target_2': 0.6779771447181702, 'val_r2_target_2': -1.4297616481781006, 'val_rmse_target_3': 1.0322608947753906, 'val_mae_target_3': 0.7343151569366455, 'val_r2_target_3': -61.04579544067383}",COMPLETE
19,0.3543695841950399,2026-01-29 11:15:59.705840,2026-01-29 11:16:45.034510,0 days 00:00:45.328670,16,0.348079442033358,0.00019065470849358138,2,static,16,128,16,0.0021735153062170894,"{'val_rmse_mean': 0.9494397640228271, 'val_mae_mean': 0.6966906189918518, 'val_r2_mean': -33.537654876708984, 'val_rmse_target_0': 0.996005117893219, 'val_mae_target_0': 0.6455716490745544, 'val_r2_target_0': -58.22881317138672, 'val_rmse_target_1': 0.9538537263870239, 'val_mae_target_1': 0.6853999495506287, 'val_r2_target_1': -23.452863693237305, 'val_rmse_target_2': 0.8141741156578064, 'val_mae_target_2': 0.705943763256073, 'val_r2_target_2': -5.6237406730651855, 'val_rmse_target_3': 1.0337259769439697, 'val_mae_target_3': 0.7498471736907959, 'val_r2_target_3': -46.84518814086914}",COMPLETE
20,0.36500503081414437,2026-01-29 11:16:45.106187,2026-01-29 11:17:29.945011,0 days 00:00:44.838824,16,0.29271137585988605,0.0004655113654327456,2,mean,4,256,16,0.0014264977219012767,"{'val_rmse_mean': 0.9451950788497925, 'val_mae_mean': 0.7072875499725342, 'val_r2_mean': -6.448373794555664, 'val_rmse_target_0': 1.0084147453308105, 'val_mae_target_0': 0.6790209412574768, 'val_r2_target_0': -8.116439819335938, 'val_rmse_target_1': 0.9674555659294128, 'val_mae_target_1': 0.7390220165252686, 'val_r2_target_1': -2.4589927196502686, 'val_rmse_target_2': 0.7316659688949585, 'val_mae_target_2': 0.6234169602394104, 'val_r2_target_2': -0.08874261379241943, 'val_rmse_target_3': 1.0732439756393433, 'val_mae_target_3': 0.7876903414726257, 'val_r2_target_3': -15.129323959350586}",COMPLETE
21,0.35040993878134974,2026-01-29 11:17:30.017312,2026-01-29 11:18:15.356321,0 days 00:00:45.339009,16,0.38729170066376656,0.00014271252734844578,2,mean,4,256,16,0.003880428843695041,"{'val_rmse_mean': 0.9434282779693604, 'val_mae_mean': 0.6916320323944092, 'val_r2_mean': -16.384910583496094, 'val_rmse_target_0': 1.0245780944824219, 'val_mae_target_0': 0.6623984575271606, 'val_r2_target_0': -22.36613655090332, 'val_rmse_target_1': 0.9567241072654724, 'val_mae_target_1': 0.6976931095123291, 'val_r2_target_1': -9.635610580444336, 'val_rmse_target_2': 0.759955108165741, 'val_mae_target_2': 0.6521387696266174, 'val_r2_target_2': -1.3454248905181885, 'val_rmse_target_3': 1.0324558019638062, 'val_mae_target_3': 0.7542976140975952, 'val_r2_target_3': -32.192466735839844}",COMPLETE
22,0.35663453917260524,2026-01-29 11:18:15.425014,2026-01-29 11:19:00.397753,0 days 00:00:44.972739,16,0.3975265755956293,0.00011825761804141461,2,mean,4,256,16,0.00688073743002238,"{'val_rmse_mean': 0.9560370445251465, 'val_mae_mean': 0.7002389430999756, 'val_r2_mean': -29.8831787109375, 'val_rmse_target_0': 1.0106009244918823, 'val_mae_target_0': 0.6488109827041626, 'val_r2_target_0': -64.77466583251953, 'val_rmse_target_1': 0.9733151197433472, 'val_mae_target_1': 0.7006015777587891, 'val_r2_target_1': -11.486407279968262, 'val_rmse_target_2': 0.785380482673645, 'val_mae_target_2': 0.6913330554962158, 'val_r2_target_2': -2.1937568187713623, 'val_rmse_target_3': 1.0548516511917114, 'val_mae_target_3': 0.7602101564407349, 'val_r2_target_3': -41.07788848876953}",COMPLETE
23,0.3529138988642781,2026-01-29 11:19:00.468253,2026-01-29 11:19:44.617742,0 days 00:00:44.149489,16,0.3414386125700499,8.377216320460633e-05,2,mean,4,256,16,0.0035746815815883384,"{'val_rmse_mean': 0.9550275206565857, 'val_mae_mean': 0.6874455809593201, 'val_r2_mean': -34.87184524536133, 'val_rmse_target_0': 0.9986587762832642, 'val_mae_target_0': 0.6413541436195374, 'val_r2_target_0': -63.47046661376953, 'val_rmse_target_1': 0.9843705296516418, 'val_mae_target_1': 0.6852524280548096, 'val_r2_target_1': -15.350309371948242, 'val_rmse_target_2': 0.8060210347175598, 'val_mae_target_2': 0.6967663168907166, 'val_r2_target_2': -4.20180082321167, 'val_rmse_target_3': 1.031059741973877, 'val_mae_target_3': 0.726409375667572, 'val_r2_target_3': -56.46481704711914}",COMPLETE
24,0.34993630633861933,2026-01-29 11:19:44.688065,2026-01-29 11:20:30.791143,0 days 00:00:46.103078,16,0.3740653576898727,0.00016878310117178865,2,mean,4,256,16,0.002469429597446151,"{'val_rmse_mean': 0.9429574608802795, 'val_mae_mean': 0.6882003545761108, 'val_r2_mean': -16.733139038085938, 'val_rmse_target_0': 1.0097970962524414, 'val_mae_target_0': 0.6531083583831787, 'val_r2_target_0': -23.928102493286133, 'val_rmse_target_1': 0.9584261178970337, 'val_mae_target_1': 0.6934636235237122, 'val_r2_target_1': -7.453021049499512, 'val_rmse_target_2': 0.752556562423706, 'val_mae_target_2': 0.6480475068092346, 'val_r2_target_2': -0.8576745986938477, 'val_rmse_target_3': 1.0510499477386475, 'val_mae_target_3': 0.7581819891929626, 'val_r2_target_3': -34.693756103515625}",COMPLETE
25,0.3632443056062416,2026-01-29 11:20:30.861664,2026-01-29 11:21:19.507698,0 days 00:00:48.646034,16,0.24589025835604422,0.00011988784379324926,2,static,4,128,16,0.004828655094556877,"{'val_rmse_mean': 0.9687682390213013, 'val_mae_mean': 0.7052925825119019, 'val_r2_mean': -35.24961853027344, 'val_rmse_target_0': 1.0092592239379883, 'val_mae_target_0': 0.6483253836631775, 'val_r2_target_0': -56.50935363769531, 'val_rmse_target_1': 0.9761260151863098, 'val_mae_target_1': 0.673577606678009, 'val_r2_target_1': -22.534196853637695, 'val_rmse_target_2': 0.847206711769104, 'val_mae_target_2': 0.749948263168335, 'val_r2_target_2': -9.756747245788574, 'val_rmse_target_3': 1.0424808263778687, 'val_mae_target_3': 0.7493189573287964, 'val_r2_target_3': -52.198184967041016}",COMPLETE
26,0.37464889608047625,2026-01-29 11:21:19.579975,2026-01-29 11:22:04.636850,0 days 00:00:45.056875,16,0.22639113833325497,0.00010277800371815882,2,mean,4,64,16,0.0019061788184256553,"{'val_rmse_mean': 0.9930853843688965, 'val_mae_mean': 0.712768018245697, 'val_r2_mean': -63.767547607421875, 'val_rmse_target_0': 1.00906503200531, 'val_mae_target_0': 0.6263656616210938, 'val_r2_target_0': -110.8780288696289, 'val_rmse_target_1': 1.0127387046813965, 'val_mae_target_1': 0.7069459557533264, 'val_r2_target_1': -60.74884033203125, 'val_rmse_target_2': 0.9179403185844421, 'val_mae_target_2': 0.7752217054367065, 'val_r2_target_2': -28.240144729614258, 'val_rmse_target_3': 1.0325974225997925, 'val_mae_target_3': 0.7425387501716614, 'val_r2_target_3': -55.20317840576172}",COMPLETE
27,0.3938625933671439,2026-01-29 11:22:04.711347,2026-01-29 11:22:52.235628,0 days 00:00:47.524281,16,0.3307355493504217,7.215342249537313e-05,2,static,4,32,16,0.0024022682255685863,"{'val_rmse_mean': 1.0160144567489624, 'val_mae_mean': 0.7321370244026184, 'val_r2_mean': -47.63853454589844, 'val_rmse_target_0': 0.9413185119628906, 'val_mae_target_0': 0.6042584776878357, 'val_r2_target_0': -35.992774963378906, 'val_rmse_target_1': 1.0506466627120972, 'val_mae_target_1': 0.7267439365386963, 'val_r2_target_1': -47.72378921508789, 'val_rmse_target_2': 1.0330733060836792, 'val_mae_target_2': 0.8786960244178772, 'val_r2_target_2': -55.09600067138672, 'val_rmse_target_3': 1.0390194654464722, 'val_mae_target_3': 0.7188496589660645, 'val_r2_target_3': -51.741554260253906}",COMPLETE
28,0.34427484600908226,2026-01-29 11:22:52.306523,2026-01-29 11:23:38.113139,0 days 00:00:45.806616,16,0.2894426042660737,0.00015581885130191577,2,mean,16,256,16,0.003505909212332562,"{'val_rmse_mean': 0.9412589073181152, 'val_mae_mean': 0.6765185594558716, 'val_r2_mean': -28.638111114501953, 'val_rmse_target_0': 0.9992306232452393, 'val_mae_target_0': 0.6219349503517151, 'val_r2_target_0': -60.70199203491211, 'val_rmse_target_1': 0.9553838968276978, 'val_mae_target_1': 0.6750078797340393, 'val_r2_target_1': -14.89476203918457, 'val_rmse_target_2': 0.7601521015167236, 'val_mae_target_2': 0.6502525806427002, 'val_r2_target_2': -1.7916278839111328, 'val_rmse_target_3': 1.0502692461013794, 'val_mae_target_3': 0.758878767490387, 'val_r2_target_3': -37.1640625}",COMPLETE
29,0.3555103970898522,2026-01-29 11:23:38.183006,2026-01-29 11:24:21.360789,0 days 00:00:43.177783,16,0.2808767728415469,0.00026763483415086345,2,static,16,256,16,0.0012454259121470943,"{'val_rmse_mean': 0.9422672986984253, 'val_mae_mean': 0.7011328935623169, 'val_r2_mean': -11.056585311889648, 'val_rmse_target_0': 0.9770631194114685, 'val_mae_target_0': 0.625819742679596, 'val_r2_target_0': -14.32863998413086, 'val_rmse_target_1': 0.9911631941795349, 'val_mae_target_1': 0.7588787078857422, 'val_r2_target_1': -6.1507744789123535, 'val_rmse_target_2': 0.735992431640625, 'val_mae_target_2': 0.6366183757781982, 'val_r2_target_2': -0.5737066268920898, 'val_rmse_target_3': 1.0648504495620728, 'val_mae_target_3': 0.7832148671150208, 'val_r2_target_3': -23.173215866088867}",COMPLETE
30,0.3544713231148543,2026-01-29 11:24:21.431159,2026-01-29 11:25:06.775802,0 days 00:00:45.344643,16,0.22304205585435696,0.00022146428912885087,2,mean,16,128,16,0.003470752055993985,"{'val_rmse_mean': 0.9507770538330078, 'val_mae_mean': 0.699587881565094, 'val_r2_mean': -25.03830337524414, 'val_rmse_target_0': 0.9987773895263672, 'val_mae_target_0': 0.6476398706436157, 'val_r2_target_0': -29.997825622558594, 'val_rmse_target_1': 0.9748271107673645, 'val_mae_target_1': 0.7046119570732117, 'val_r2_target_1': -16.28817367553711, 'val_rmse_target_2': 0.784013032913208, 'val_mae_target_2': 0.6850313544273376, 'val_r2_target_2': -2.239104986190796, 'val_rmse_target_3': 1.0454907417297363, 'val_mae_target_3': 0.7610682845115662, 'val_r2_target_3': -51.628108978271484}",COMPLETE
31,0.35252821003949203,2026-01-29 11:25:06.843953,2026-01-29 11:25:53.213827,0 days 00:00:46.369874,16,0.30409975327165345,0.000151908467706169,2,mean,16,256,16,0.004427500065858602,"{'val_rmse_mean': 0.9478509426116943, 'val_mae_mean': 0.6950606107711792, 'val_r2_mean': -27.498920440673828, 'val_rmse_target_0': 1.0095294713974, 'val_mae_target_0': 0.6411938071250916, 'val_r2_target_0': -50.5332145690918, 'val_rmse_target_1': 0.9705605506896973, 'val_mae_target_1': 0.7052851319313049, 'val_r2_target_1': -14.137422561645508, 'val_rmse_target_2': 0.7798207998275757, 'val_mae_target_2': 0.6836426854133606, 'val_r2_target_2': -2.425668239593506, 'val_rmse_target_3': 1.031493067741394, 'val_mae_target_3': 0.7501209378242493, 'val_r2_target_3': -42.89937973022461}",COMPLETE
32,0.34940255295347283,2026-01-29 11:25:53.286404,2026-01-29 11:26:36.103954,0 days 00:00:42.817550,16,0.36892250744153304,0.00018652562361578363,2,mean,16,256,16,0.005782312510436009,"{'val_rmse_mean': 0.942866325378418, 'val_mae_mean': 0.6888790130615234, 'val_r2_mean': -27.519752502441406, 'val_rmse_target_0': 1.0028462409973145, 'val_mae_target_0': 0.627880334854126, 'val_r2_target_0': -39.707740783691406, 'val_rmse_target_1': 0.9503304362297058, 'val_mae_target_1': 0.7013923525810242, 'val_r2_target_1': -13.431022644042969, 'val_rmse_target_2': 0.7868707776069641, 'val_mae_target_2': 0.6951366662979126, 'val_r2_target_2': -2.132290840148926, 'val_rmse_target_3': 1.031417727470398, 'val_mae_target_3': 0.7311068177223206, 'val_r2_target_3': -54.80797576904297}",COMPLETE
33,0.3534062154315136,2026-01-29 11:26:36.177192,2026-01-29 11:27:23.850997,0 days 00:00:47.673805,16,0.27197764802908947,0.00013477759602677905,2,mean,4,256,16,0.0029789194280303616,"{'val_rmse_mean': 0.9541265964508057, 'val_mae_mean': 0.6960394382476807, 'val_r2_mean': -17.49364471435547, 'val_rmse_target_0': 1.0220433473587036, 'val_mae_target_0': 0.6767502427101135, 'val_r2_target_0': -25.571556091308594, 'val_rmse_target_1': 0.9717654585838318, 'val_mae_target_1': 0.695141613483429, 'val_r2_target_1': -12.234492301940918, 'val_rmse_target_2': 0.7575141787528992, 'val_mae_target_2': 0.6512545347213745, 'val_r2_target_2': -1.245088815689087, 'val_rmse_target_3': 1.0651832818984985, 'val_mae_target_3': 0.7610114216804504, 'val_r2_target_3': -30.923431396484375}",COMPLETE
34,0.36297140298066316,2026-01-29 11:27:23.923199,2026-01-29 11:28:10.846193,0 days 00:00:46.922994,16,0.36206455642652585,0.0001696708374885964,2,mean,8,64,16,0.005338311540938179,"{'val_rmse_mean': 0.9660711288452148, 'val_mae_mean': 0.6997756361961365, 'val_r2_mean': -57.45918273925781, 'val_rmse_target_0': 1.0004218816757202, 'val_mae_target_0': 0.6450663805007935, 'val_r2_target_0': -57.1773567199707, 'val_rmse_target_1': 0.9777262210845947, 'val_mae_target_1': 0.6845394372940063, 'val_r2_target_1': -47.6187858581543, 'val_rmse_target_2': 0.8894816040992737, 'val_mae_target_2': 0.7658764719963074, 'val_r2_target_2': -17.124937057495117, 'val_rmse_target_3': 0.9966548681259155, 'val_mae_target_3': 0.7036201357841492, 'val_r2_target_3': -107.9156723022461}",COMPLETE
35,0.3468629752320272,2026-01-29 11:28:10.916856,2026-01-29 11:28:54.987974,0 days 00:00:44.071118,16,0.3800896757185108,0.00010244928987508456,2,mean,4,256,16,0.0016625741856263665,"{'val_rmse_mean': 0.9474502801895142, 'val_mae_mean': 0.6771052479743958, 'val_r2_mean': -29.561906814575195, 'val_rmse_target_0': 1.0225688219070435, 'val_mae_target_0': 0.6369331479072571, 'val_r2_target_0': -47.43531799316406, 'val_rmse_target_1': 0.9591869711875916, 'val_mae_target_1': 0.6612799167633057, 'val_r2_target_1': -17.767086029052734, 'val_rmse_target_2': 0.7730696201324463, 'val_mae_target_2': 0.6685705780982971, 'val_r2_target_2': -2.82818865776062, 'val_rmse_target_3': 1.0349756479263306, 'val_mae_target_3': 0.7416374087333679, 'val_r2_target_3': -50.217037200927734}",COMPLETE
36,0.3528536462949382,2026-01-29 11:28:55.059710,2026-01-29 11:29:46.980025,0 days 00:00:51.920315,16,0.31079158104627014,0.00021702619316651413,2,gated,8,256,16,0.003576726900707932,"{'val_rmse_mean': 0.943915605545044, 'val_mae_mean': 0.6935899257659912, 'val_r2_mean': -14.503849029541016, 'val_rmse_target_0': 1.0090279579162598, 'val_mae_target_0': 0.6554346680641174, 'val_r2_target_0': -20.815670013427734, 'val_rmse_target_1': 0.9513184428215027, 'val_mae_target_1': 0.6962946653366089, 'val_r2_target_1': -8.008330345153809, 'val_rmse_target_2': 0.7483336925506592, 'val_mae_target_2': 0.6516455411911011, 'val_r2_target_2': -0.5860146284103394, 'val_rmse_target_3': 1.0669821500778198, 'val_mae_target_3': 0.7709847688674927, 'val_r2_target_3': -28.60538673400879}",COMPLETE
37,0.35462447718061785,2026-01-29 11:29:47.054538,2026-01-29 11:30:32.173009,0 days 00:00:45.118471,16,0.350410394052223,0.0002813064063364978,2,mean,16,256,16,0.006644804597939294,"{'val_rmse_mean': 0.9419749975204468, 'val_mae_mean': 0.6933097839355469, 'val_r2_mean': -11.858037948608398, 'val_rmse_target_0': 0.9829541444778442, 'val_mae_target_0': 0.6228345036506653, 'val_r2_target_0': -12.768095016479492, 'val_rmse_target_1': 0.9813944697380066, 'val_mae_target_1': 0.7467015385627747, 'val_r2_target_1': -7.383265495300293, 'val_rmse_target_2': 0.737080991268158, 'val_mae_target_2': 0.6272562742233276, 'val_r2_target_2': -0.4208090305328369, 'val_rmse_target_3': 1.0664702653884888, 'val_mae_target_3': 0.7764467597007751, 'val_r2_target_3': -26.859983444213867}",COMPLETE
38,0.3688222081572921,2026-01-29 11:30:32.243455,2026-01-29 11:31:19.536708,0 days 00:00:47.293253,16,0.24279337380045166,0.0001264679791972754,2,static,4,64,16,0.0028090327177491357,"{'val_rmse_mean': 0.977756142616272, 'val_mae_mean': 0.7152067422866821, 'val_r2_mean': -52.728919982910156, 'val_rmse_target_0': 1.0110424757003784, 'val_mae_target_0': 0.6559160947799683, 'val_r2_target_0': -108.3502426147461, 'val_rmse_target_1': 0.9905931949615479, 'val_mae_target_1': 0.6857626438140869, 'val_r2_target_1': -38.623390197753906, 'val_rmse_target_2': 0.8949264287948608, 'val_mae_target_2': 0.7889086604118347, 'val_r2_target_2': -9.817580223083496, 'val_rmse_target_3': 1.0144625902175903, 'val_mae_target_3': 0.7302396297454834, 'val_r2_target_3': -54.12445831298828}",COMPLETE
39,0.3678068778029195,2026-01-29 11:31:19.606517,2026-01-29 11:32:06.260027,0 days 00:00:46.653510,16,0.11996271648616738,0.0003646533506339037,2,mean,8,128,16,0.0023129995726610133,"{'val_rmse_mean': 0.9559526443481445, 'val_mae_mean': 0.714046835899353, 'val_r2_mean': -8.67064094543457, 'val_rmse_target_0': 0.9972971677780151, 'val_mae_target_0': 0.6788567304611206, 'val_r2_target_0': -9.348844528198242, 'val_rmse_target_1': 1.000065803527832, 'val_mae_target_1': 0.7620788812637329, 'val_r2_target_1': -5.859675407409668, 'val_rmse_target_2': 0.7541243433952332, 'val_mae_target_2': 0.6403260231018066, 'val_r2_target_2': -0.3321937322616577, 'val_rmse_target_3': 1.0723233222961426, 'val_mae_target_3': 0.7749255895614624, 'val_r2_target_3': -19.141849517822266}",COMPLETE
40,0.35377616725034183,2026-01-29 11:32:06.330912,2026-01-29 11:32:59.289500,0 days 00:00:52.958588,16,0.26397553076066005,0.00016928480532161792,2,gated,4,256,16,0.0019050040297109644,"{'val_rmse_mean': 0.945510745048523, 'val_mae_mean': 0.6980507373809814, 'val_r2_mean': -14.597498893737793, 'val_rmse_target_0': 1.0044071674346924, 'val_mae_target_0': 0.6590918302536011, 'val_r2_target_0': -21.547590255737305, 'val_rmse_target_1': 0.9721103310585022, 'val_mae_target_1': 0.7006871104240417, 'val_r2_target_1': -6.7495527267456055, 'val_rmse_target_2': 0.7487286925315857, 'val_mae_target_2': 0.655301570892334, 'val_r2_target_2': -0.7720658779144287, 'val_rmse_target_3': 1.056796669960022, 'val_mae_target_3': 0.7771223783493042, 'val_r2_target_3': -29.320789337158203}",COMPLETE
41,0.3558421224631645,2026-01-29 11:32:59.364583,2026-01-29 11:33:43.973526,0 days 00:00:44.608943,16,0.3796799279120485,0.00010761841428542088,2,mean,4,256,16,0.001794169185663157,"{'val_rmse_mean': 0.955986499786377, 'val_mae_mean': 0.699561357498169, 'val_r2_mean': -22.133193969726562, 'val_rmse_target_0': 1.0021097660064697, 'val_mae_target_0': 0.6385025382041931, 'val_r2_target_0': -39.87489318847656, 'val_rmse_target_1': 0.9753198623657227, 'val_mae_target_1': 0.7073647379875183, 'val_r2_target_1': -12.750978469848633, 'val_rmse_target_2': 0.8094184994697571, 'val_mae_target_2': 0.6969618797302246, 'val_r2_target_2': -4.127010345458984, 'val_rmse_target_3': 1.0370978116989136, 'val_mae_target_3': 0.7554163932800293, 'val_r2_target_3': -31.779895782470703}",COMPLETE
42,0.3552511415823742,2026-01-29 11:33:44.043364,2026-01-29 11:34:30.336202,0 days 00:00:46.292838,16,0.3997140127506093,9.167874277482174e-05,2,mean,4,256,16,0.0016325269174015074,"{'val_rmse_mean': 0.9599196910858154, 'val_mae_mean': 0.6848342418670654, 'val_r2_mean': -36.01409912109375, 'val_rmse_target_0': 1.0121145248413086, 'val_mae_target_0': 0.6360946297645569, 'val_r2_target_0': -44.899906158447266, 'val_rmse_target_1': 0.9721217751502991, 'val_mae_target_1': 0.6583799719810486, 'val_r2_target_1': -19.364622116088867, 'val_rmse_target_2': 0.8248748779296875, 'val_mae_target_2': 0.7089497447013855, 'val_r2_target_2': -3.189774513244629, 'val_rmse_target_3': 1.0305675268173218, 'val_mae_target_3': 0.735912561416626, 'val_r2_target_3': -76.60208129882812}",COMPLETE
43,0.34507664251658654,2026-01-29 11:34:30.406529,2026-01-29 11:35:13.662928,0 days 00:00:43.256399,16,0.3799445409848537,0.00014816088466927058,2,mean,4,256,16,0.0013812945316382743,"{'val_rmse_mean': 0.939746618270874, 'val_mae_mean': 0.6804324388504028, 'val_r2_mean': -23.36894989013672, 'val_rmse_target_0': 0.9998852014541626, 'val_mae_target_0': 0.6374563574790955, 'val_r2_target_0': -46.06255340576172, 'val_rmse_target_1': 0.9539943933486938, 'val_mae_target_1': 0.6780350208282471, 'val_r2_target_1': -12.913430213928223, 'val_rmse_target_2': 0.7407347559928894, 'val_mae_target_2': 0.6465291380882263, 'val_r2_target_2': -1.1451091766357422, 'val_rmse_target_3': 1.0643720626831055, 'val_mae_target_3': 0.7597091197967529, 'val_r2_target_3': -33.354713439941406}",COMPLETE
44,0.3765136941715523,2026-01-29 11:35:13.733545,2026-01-29 11:35:59.947588,0 days 00:00:46.214043,16,0.3367790393372518,0.00015734218898076578,2,mean,4,32,16,0.0014198865644446744,"{'val_rmse_mean': 0.9859757423400879, 'val_mae_mean': 0.7136293649673462, 'val_r2_mean': -50.36336135864258, 'val_rmse_target_0': 1.0045727491378784, 'val_mae_target_0': 0.6546850800514221, 'val_r2_target_0': -95.94898986816406, 'val_rmse_target_1': 0.999207615852356, 'val_mae_target_1': 0.6813551783561707, 'val_r2_target_1': -49.867252349853516, 'val_rmse_target_2': 0.9284286499023438, 'val_mae_target_2': 0.7828541994094849, 'val_r2_target_2': -16.07149314880371, 'val_rmse_target_3': 1.0116938352584839, 'val_mae_target_3': 0.735622763633728, 'val_r2_target_3': -39.56570053100586}",COMPLETE
45,0.35204804343757806,2026-01-29 11:36:00.018871,2026-01-29 11:36:45.166692,0 days 00:00:45.147821,16,0.36468800113198646,0.00021044375355372188,2,mean,4,256,16,0.003261926273699411,"{'val_rmse_mean': 0.9432777166366577, 'val_mae_mean': 0.6974431276321411, 'val_r2_mean': -14.809906005859375, 'val_rmse_target_0': 1.0234986543655396, 'val_mae_target_0': 0.6653460264205933, 'val_r2_target_0': -26.666763305664062, 'val_rmse_target_1': 0.9458341002464294, 'val_mae_target_1': 0.6919514536857605, 'val_r2_target_1': -6.869213581085205, 'val_rmse_target_2': 0.7350344657897949, 'val_mae_target_2': 0.6437106728553772, 'val_r2_target_2': -0.5165181159973145, 'val_rmse_target_3': 1.0687438249588013, 'val_mae_target_3': 0.7887645959854126, 'val_r2_target_3': -25.1871337890625}",COMPLETE
46,0.3510926523142391,2026-01-29 11:36:45.239899,2026-01-29 11:37:31.417158,0 days 00:00:46.177259,16,0.3846561308808984,0.00014160035904484315,2,mean,16,256,16,0.0026176801500860138,"{'val_rmse_mean': 0.9490110278129578, 'val_mae_mean': 0.686301589012146, 'val_r2_mean': -28.94582176208496, 'val_rmse_target_0': 1.0131988525390625, 'val_mae_target_0': 0.6484418511390686, 'val_r2_target_0': -45.74583435058594, 'val_rmse_target_1': 0.9526464939117432, 'val_mae_target_1': 0.6659302711486816, 'val_r2_target_1': -24.41218376159668, 'val_rmse_target_2': 0.7821618318557739, 'val_mae_target_2': 0.6808045506477356, 'val_r2_target_2': -2.5187571048736572, 'val_rmse_target_3': 1.048036813735962, 'val_mae_target_3': 0.7500298023223877, 'val_r2_target_3': -43.10651779174805}",COMPLETE
47,0.35319863052831757,2026-01-29 11:37:31.488474,2026-01-29 11:38:14.210006,0 days 00:00:42.721532,16,0.3276273244829343,0.0002488269084537787,2,static,8,128,16,0.0014963219491728194,"{'val_rmse_mean': 0.9509270191192627, 'val_mae_mean': 0.6992496848106384, 'val_r2_mean': -22.000267028808594, 'val_rmse_target_0': 1.014266014099121, 'val_mae_target_0': 0.6651497483253479, 'val_r2_target_0': -23.14139175415039, 'val_rmse_target_1': 0.95381098985672, 'val_mae_target_1': 0.6878215074539185, 'val_r2_target_1': -12.626360893249512, 'val_rmse_target_2': 0.7907042503356934, 'val_mae_target_2': 0.6902320384979248, 'val_r2_target_2': -2.0340046882629395, 'val_rmse_target_3': 1.0449268817901611, 'val_mae_target_3': 0.753795325756073, 'val_r2_target_3': -50.19930648803711}",COMPLETE
48,0.362460493972456,2026-01-29 11:38:14.282926,2026-01-29 11:39:06.451280,0 days 00:00:52.168354,16,0.3168782486375379,0.00017826679186200392,2,gated,4,64,16,0.0011664877344615913,"{'val_rmse_mean': 0.975196897983551, 'val_mae_mean': 0.6904691457748413, 'val_r2_mean': -41.06587219238281, 'val_rmse_target_0': 1.0210338830947876, 'val_mae_target_0': 0.6473130583763123, 'val_r2_target_0': -56.588172912597656, 'val_rmse_target_1': 0.9618592262268066, 'val_mae_target_1': 0.6386634111404419, 'val_r2_target_1': -36.19120407104492, 'val_rmse_target_2': 0.9041639566421509, 'val_mae_target_2': 0.7812325954437256, 'val_r2_target_2': -13.20982551574707, 'val_rmse_target_3': 1.013730525970459, 'val_mae_target_3': 0.6946674585342407, 'val_r2_target_3': -58.2742919921875}",COMPLETE
49,0.3480930549127084,2026-01-29 11:39:06.520938,2026-01-29 11:39:51.321772,0 days 00:00:44.800834,16,0.15620439681657602,0.0001488626074453531,2,mean,4,256,16,0.00406993308826774,"{'val_rmse_mean': 0.9424091577529907, 'val_mae_mean': 0.6875882148742676, 'val_r2_mean': -21.33759307861328, 'val_rmse_target_0': 1.0063897371292114, 'val_mae_target_0': 0.6342790126800537, 'val_r2_target_0': -36.791748046875, 'val_rmse_target_1': 0.9628744721412659, 'val_mae_target_1': 0.697634220123291, 'val_r2_target_1': -9.493724822998047, 'val_rmse_target_2': 0.747278094291687, 'val_mae_target_2': 0.6592121720314026, 'val_r2_target_2': -0.7305862903594971, 'val_rmse_target_3': 1.0530942678451538, 'val_mae_target_3': 0.7592276334762573, 'val_r2_target_3': -38.334312438964844}",COMPLETE
50,0.37605680159672544,2026-01-29 11:39:51.395563,2026-01-29 11:40:37.857518,0 days 00:00:46.461955,16,0.35159569984196537,0.0003047912181505765,2,static,16,32,16,0.0012159998311804842,"{'val_rmse_mean': 0.9938915967941284, 'val_mae_mean': 0.7145112752914429, 'val_r2_mean': -53.18478775024414, 'val_rmse_target_0': 0.9672654271125793, 'val_mae_target_0': 0.6097750663757324, 'val_r2_target_0': -86.87154388427734, 'val_rmse_target_1': 1.0513172149658203, 'val_mae_target_1': 0.7324486374855042, 'val_r2_target_1': -36.27879333496094, 'val_rmse_target_2': 0.901316225528717, 'val_mae_target_2': 0.7924786806106567, 'val_r2_target_2': -19.08875846862793, 'val_rmse_target_3': 1.055667519569397, 'val_mae_target_3': 0.7233429551124573, 'val_r2_target_3': -70.50004577636719}",COMPLETE
51,0.3477283113256649,2026-01-29 11:40:37.927863,2026-01-29 11:41:22.205727,0 days 00:00:44.277864,16,0.3776891526627802,0.00011273862320127282,2,mean,4,256,16,0.0017249206323983204,"{'val_rmse_mean': 0.9489952325820923, 'val_mae_mean': 0.6869292259216309, 'val_r2_mean': -27.309127807617188, 'val_rmse_target_0': 1.0093196630477905, 'val_mae_target_0': 0.6385806202888489, 'val_r2_target_0': -41.370033264160156, 'val_rmse_target_1': 0.9865779280662537, 'val_mae_target_1': 0.6962142586708069, 'val_r2_target_1': -12.342092514038086, 'val_rmse_target_2': 0.7749435901641846, 'val_mae_target_2': 0.67293381690979, 'val_r2_target_2': -2.834301233291626, 'val_rmse_target_3': 1.0251399278640747, 'val_mae_target_3': 0.7399882674217224, 'val_r2_target_3': -52.690086364746094}",COMPLETE
52,0.34748774366798224,2026-01-29 11:41:22.276568,2026-01-29 11:42:05.203298,0 days 00:00:42.926730,16,0.38765756775264776,0.000128002066273682,2,mean,4,256,16,0.0013112700481839148,"{'val_rmse_mean': 0.9440504908561707, 'val_mae_mean': 0.6862637400627136, 'val_r2_mean': -20.6586856842041, 'val_rmse_target_0': 1.0109320878982544, 'val_mae_target_0': 0.6555060744285583, 'val_r2_target_0': -21.780826568603516, 'val_rmse_target_1': 0.9597868919372559, 'val_mae_target_1': 0.6887791752815247, 'val_r2_target_1': -13.077256202697754, 'val_rmse_target_2': 0.7565276026725769, 'val_mae_target_2': 0.6570866703987122, 'val_r2_target_2': -1.9283816814422607, 'val_rmse_target_3': 1.0489554405212402, 'val_mae_target_3': 0.7436830997467041, 'val_r2_target_3': -45.84828186035156}",COMPLETE
53,0.3523746781327106,2026-01-29 11:42:05.275400,2026-01-29 11:42:51.703653,0 days 00:00:46.428253,16,0.29700887480325106,9.7304815945957e-05,2,mean,4,256,16,0.0015388715448865387,"{'val_rmse_mean': 0.948501706123352, 'val_mae_mean': 0.6914713382720947, 'val_r2_mean': -32.6480712890625, 'val_rmse_target_0': 1.0097405910491943, 'val_mae_target_0': 0.6434264779090881, 'val_r2_target_0': -54.8973388671875, 'val_rmse_target_1': 0.9701405763626099, 'val_mae_target_1': 0.7010259032249451, 'val_r2_target_1': -13.967204093933105, 'val_rmse_target_2': 0.7944223284721375, 'val_mae_target_2': 0.6917824745178223, 'val_r2_target_2': -3.2965445518493652, 'val_rmse_target_3': 1.0197035074234009, 'val_mae_target_3': 0.7296504378318787, 'val_r2_target_3': -58.431175231933594}",COMPLETE
54,0.3581402483913634,2026-01-29 11:42:51.775895,2026-01-29 11:43:35.002031,0 days 00:00:43.226136,16,0.36568085473817946,8.00679606488566e-05,2,mean,4,256,16,0.0020255258735847664,"{'val_rmse_mean': 0.9629663825035095, 'val_mae_mean': 0.6962306499481201, 'val_r2_mean': -36.41398620605469, 'val_rmse_target_0': 1.0078325271606445, 'val_mae_target_0': 0.6548914909362793, 'val_r2_target_0': -46.87839126586914, 'val_rmse_target_1': 0.9802749752998352, 'val_mae_target_1': 0.6874986290931702, 'val_r2_target_1': -26.826618194580078, 'val_rmse_target_2': 0.8325725197792053, 'val_mae_target_2': 0.7134769558906555, 'val_r2_target_2': -5.539093494415283, 'val_rmse_target_3': 1.0311856269836426, 'val_mae_target_3': 0.729055643081665, 'val_r2_target_3': -66.41184997558594}",COMPLETE
55,0.3569474394812628,2026-01-29 11:43:35.074288,2026-01-29 11:44:20.755428,0 days 00:00:45.681140,16,0.3914414719683082,0.0002050716530718908,2,mean,4,128,16,0.0010720094325822507,"{'val_rmse_mean': 0.9646962881088257, 'val_mae_mean': 0.6927365660667419, 'val_r2_mean': -31.756637573242188, 'val_rmse_target_0': 1.0142953395843506, 'val_mae_target_0': 0.639456033706665, 'val_r2_target_0': -55.94306564331055, 'val_rmse_target_1': 0.9943981170654297, 'val_mae_target_1': 0.6924904584884644, 'val_r2_target_1': -24.090145111083984, 'val_rmse_target_2': 0.7987998127937317, 'val_mae_target_2': 0.6932060122489929, 'val_r2_target_2': -2.8331124782562256, 'val_rmse_target_3': 1.051291823387146, 'val_mae_target_3': 0.7457938194274902, 'val_r2_target_3': -44.16025161743164}",COMPLETE
56,0.35139215020117937,2026-01-29 11:44:20.828539,2026-01-29 11:45:06.118582,0 days 00:00:45.290043,16,0.3382546927883711,0.00013552050570669698,2,mean,4,256,16,0.004652749519835746,"{'val_rmse_mean': 0.9453663229942322, 'val_mae_mean': 0.6931646466255188, 'val_r2_mean': -20.04190444946289, 'val_rmse_target_0': 0.9994955062866211, 'val_mae_target_0': 0.6462504267692566, 'val_r2_target_0': -27.289051055908203, 'val_rmse_target_1': 0.9677531123161316, 'val_mae_target_1': 0.6909053325653076, 'val_r2_target_1': -12.831056594848633, 'val_rmse_target_2': 0.7702473998069763, 'val_mae_target_2': 0.6772540807723999, 'val_r2_target_2': -1.7501626014709473, 'val_rmse_target_3': 1.0439691543579102, 'val_mae_target_3': 0.7582486271858215, 'val_r2_target_3': -38.29734420776367}",COMPLETE
57,0.3494614081250297,2026-01-29 11:45:06.185380,2026-01-29 11:45:54.187022,0 days 00:00:48.001642,16,0.37682421223457174,0.00012198528278117427,2,gated,4,256,16,0.001617222009993529,"{'val_rmse_mean': 0.9472164511680603, 'val_mae_mean': 0.6863612532615662, 'val_r2_mean': -24.29733657836914, 'val_rmse_target_0': 0.998218297958374, 'val_mae_target_0': 0.6387064456939697, 'val_r2_target_0': -37.26773452758789, 'val_rmse_target_1': 0.9685533046722412, 'val_mae_target_1': 0.6832427978515625, 'val_r2_target_1': -15.707304000854492, 'val_rmse_target_2': 0.7823131084442139, 'val_mae_target_2': 0.6893622279167175, 'val_r2_target_2': -1.8044748306274414, 'val_rmse_target_3': 1.039781093597412, 'val_mae_target_3': 0.7341335415840149, 'val_r2_target_3': -42.40983581542969}",COMPLETE
58,0.36672814431841727,2026-01-29 11:45:54.254275,2026-01-29 11:46:41.541389,0 days 00:00:47.287114,16,0.3555076503508594,0.00010784602539008188,2,static,4,128,16,0.0021843895426700275,"{'val_rmse_mean': 0.9753506183624268, 'val_mae_mean': 0.7005911469459534, 'val_r2_mean': -50.246665954589844, 'val_rmse_target_0': 1.0124458074569702, 'val_mae_target_0': 0.6411598324775696, 'val_r2_target_0': -69.86507415771484, 'val_rmse_target_1': 0.9647811055183411, 'val_mae_target_1': 0.6660308241844177, 'val_r2_target_1': -38.79243469238281, 'val_rmse_target_2': 0.8910786509513855, 'val_mae_target_2': 0.7657508850097656, 'val_r2_target_2': -11.215871810913086, 'val_rmse_target_3': 1.0330967903137207, 'val_mae_target_3': 0.7294229865074158, 'val_r2_target_3': -81.11327362060547}",COMPLETE
59,0.36479657884963135,2026-01-29 11:46:41.608534,2026-01-29 11:47:29.400475,0 days 00:00:47.791941,16,0.28405907506952066,6.776569214011233e-05,2,mean,16,256,16,0.0037533800148776093,"{'val_rmse_mean': 0.9787924885749817, 'val_mae_mean': 0.6967050433158875, 'val_r2_mean': -98.90721130371094, 'val_rmse_target_0': 0.988335132598877, 'val_mae_target_0': 0.6130738258361816, 'val_r2_target_0': -168.50650024414062, 'val_rmse_target_1': 1.0035699605941772, 'val_mae_target_1': 0.6881663799285889, 'val_r2_target_1': -64.02392578125, 'val_rmse_target_2': 0.8934498429298401, 'val_mae_target_2': 0.7647753357887268, 'val_r2_target_2': -18.943143844604492, 'val_rmse_target_3': 1.0298149585723877, 'val_mae_target_3': 0.7208046317100525, 'val_r2_target_3': -144.15528869628906}",COMPLETE
60,0.3675035047862265,2026-01-29 11:47:29.466655,2026-01-29 11:48:14.866708,0 days 00:00:45.400053,16,0.14145963183002436,0.00023444379538959707,2,mean,4,256,16,0.008440583254403987,"{'val_rmse_mean': 0.9606521129608154, 'val_mae_mean': 0.7103986740112305, 'val_r2_mean': -9.686756134033203, 'val_rmse_target_0': 1.0175869464874268, 'val_mae_target_0': 0.6558969020843506, 'val_r2_target_0': -13.226470947265625, 'val_rmse_target_1': 0.9674564003944397, 'val_mae_target_1': 0.705220103263855, 'val_r2_target_1': -5.259976863861084, 'val_rmse_target_2': 0.7809288501739502, 'val_mae_target_2': 0.6787081956863403, 'val_r2_target_2': -0.23814308643341064, 'val_rmse_target_3': 1.0766361951828003, 'val_mae_target_3': 0.8017695546150208, 'val_r2_target_3': -20.022428512573242}",COMPLETE
61,0.3533814070677316,2026-01-29 11:48:14.933601,2026-01-29 11:48:59.998309,0 days 00:00:45.064708,16,0.38717200089956,0.00013064444178283464,2,mean,4,256,16,0.0012574228089217768,"{'val_rmse_mean': 0.9528336524963379, 'val_mae_mean': 0.6946824193000793, 'val_r2_mean': -24.791595458984375, 'val_rmse_target_0': 1.016461730003357, 'val_mae_target_0': 0.6577322483062744, 'val_r2_target_0': -39.72745132446289, 'val_rmse_target_1': 0.9917471408843994, 'val_mae_target_1': 0.6973332762718201, 'val_r2_target_1': -14.290202140808105, 'val_rmse_target_2': 0.779991865158081, 'val_mae_target_2': 0.6889665126800537, 'val_r2_target_2': -1.7593841552734375, 'val_rmse_target_3': 1.0231339931488037, 'val_mae_target_3': 0.7346975803375244, 'val_r2_target_3': -43.389366149902344}",COMPLETE
62,0.3563657095310865,2026-01-29 11:49:00.066945,2026-01-29 11:49:46.468783,0 days 00:00:46.401838,16,0.10406871222751604,8.859411469575623e-05,2,mean,4,256,16,0.0013508702227220811,"{'val_rmse_mean': 0.9590939283370972, 'val_mae_mean': 0.7006083130836487, 'val_r2_mean': -27.27030372619629, 'val_rmse_target_0': 1.0101433992385864, 'val_mae_target_0': 0.6510457396507263, 'val_r2_target_0': -52.18632125854492, 'val_rmse_target_1': 0.9772725701332092, 'val_mae_target_1': 0.6918565034866333, 'val_r2_target_1': -22.17889976501465, 'val_rmse_target_2': 0.7918100953102112, 'val_mae_target_2': 0.6935864090919495, 'val_r2_target_2': -2.886381149291992, 'val_rmse_target_3': 1.0571496486663818, 'val_mae_target_3': 0.7659447193145752, 'val_r2_target_3': -31.829608917236328}",COMPLETE
63,0.3556831190707507,2026-01-29 11:49:46.536377,2026-01-29 11:50:31.156774,0 days 00:00:44.620397,16,0.3915650011701644,9.929489139082604e-05,2,mean,4,256,16,0.0013204807751252849,"{'val_rmse_mean': 0.9661514759063721, 'val_mae_mean': 0.6914253830909729, 'val_r2_mean': -37.745574951171875, 'val_rmse_target_0': 1.0131564140319824, 'val_mae_target_0': 0.6304784417152405, 'val_r2_target_0': -63.80711364746094, 'val_rmse_target_1': 0.9810726642608643, 'val_mae_target_1': 0.6834266781806946, 'val_r2_target_1': -15.7109375, 'val_rmse_target_2': 0.8218110203742981, 'val_mae_target_2': 0.7206565737724304, 'val_r2_target_2': -3.673811912536621, 'val_rmse_target_3': 1.0485659837722778, 'val_mae_target_3': 0.7311398983001709, 'val_r2_target_3': -67.79045104980469}",COMPLETE
64,0.34846724004105284,2026-01-29 11:50:31.223339,2026-01-29 11:51:16.933875,0 days 00:00:45.710536,16,0.3724438283686132,0.00013893401759600235,2,mean,4,256,16,0.0017409444129418891,"{'val_rmse_mean': 0.9434527158737183, 'val_mae_mean': 0.6878631114959717, 'val_r2_mean': -22.48316192626953, 'val_rmse_target_0': 0.9943981170654297, 'val_mae_target_0': 0.6463268399238586, 'val_r2_target_0': -29.401683807373047, 'val_rmse_target_1': 0.9638956785202026, 'val_mae_target_1': 0.683932363986969, 'val_r2_target_1': -11.478302001953125, 'val_rmse_target_2': 0.7664985060691833, 'val_mae_target_2': 0.6740821599960327, 'val_r2_target_2': -1.3879649639129639, 'val_rmse_target_3': 1.0490185022354126, 'val_mae_target_3': 0.7471110820770264, 'val_r2_target_3': -47.66469955444336}",COMPLETE
65,0.35698836365783654,2026-01-29 11:51:17.000406,2026-01-29 11:52:02.823231,0 days 00:00:45.822825,16,0.39991970874443716,0.00016382207989539221,2,mean,4,256,16,0.001098982323063659,"{'val_rmse_mean': 0.9550957679748535, 'val_mae_mean': 0.696270227432251, 'val_r2_mean': -16.438188552856445, 'val_rmse_target_0': 1.0254837274551392, 'val_mae_target_0': 0.6548470854759216, 'val_r2_target_0': -28.304445266723633, 'val_rmse_target_1': 0.9761286377906799, 'val_mae_target_1': 0.7005227208137512, 'val_r2_target_1': -8.16025161743164, 'val_rmse_target_2': 0.7612544298171997, 'val_mae_target_2': 0.652437686920166, 'val_r2_target_2': -0.834190845489502, 'val_rmse_target_3': 1.0575162172317505, 'val_mae_target_3': 0.7772734761238098, 'val_r2_target_3': -28.453866958618164}",COMPLETE
66,0.36875763563094316,2026-01-29 11:52:02.894258,2026-01-29 11:52:47.666726,0 days 00:00:44.772468,16,0.21520997027656713,0.00014769120496314572,2,static,4,32,16,0.003136964641230439,"{'val_rmse_mean': 0.9730905294418335, 'val_mae_mean': 0.7041673064231873, 'val_r2_mean': -45.39362716674805, 'val_rmse_target_0': 0.9589158892631531, 'val_mae_target_0': 0.6224491000175476, 'val_r2_target_0': -44.51825714111328, 'val_rmse_target_1': 1.0330687761306763, 'val_mae_target_1': 0.7476990222930908, 'val_r2_target_1': -51.51669692993164, 'val_rmse_target_2': 0.879281222820282, 'val_mae_target_2': 0.7567042708396912, 'val_r2_target_2': -18.970129013061523, 'val_rmse_target_3': 1.021096110343933, 'val_mae_target_3': 0.6898167729377747, 'val_r2_target_3': -66.56941986083984}",COMPLETE
67,0.3492409172985289,2026-01-29 11:52:47.732691,2026-01-29 11:53:33.305974,0 days 00:00:45.573283,16,0.38291940646782274,0.0001811368638912777,2,mean,8,128,16,0.0014790285047529181,"{'val_rmse_mean': 0.9495974779129028, 'val_mae_mean': 0.6821556687355042, 'val_r2_mean': -39.9306640625, 'val_rmse_target_0': 0.9999510049819946, 'val_mae_target_0': 0.6330888271331787, 'val_r2_target_0': -52.85951614379883, 'val_rmse_target_1': 0.9814179539680481, 'val_mae_target_1': 0.6771283745765686, 'val_r2_target_1': -27.153705596923828, 'val_rmse_target_2': 0.788213312625885, 'val_mae_target_2': 0.6849406361579895, 'val_r2_target_2': -3.0996551513671875, 'val_rmse_target_3': 1.0288076400756836, 'val_mae_target_3': 0.7334649562835693, 'val_r2_target_3': -76.60977935791016}",COMPLETE
68,0.3497290967239274,2026-01-29 11:53:33.372578,2026-01-29 11:54:17.868941,0 days 00:00:44.496363,16,0.3458598330961386,0.00012413971455988668,2,mean,16,256,16,0.0026182196986648974,"{'val_rmse_mean': 0.948931097984314, 'val_mae_mean': 0.6849472522735596, 'val_r2_mean': -42.84741973876953, 'val_rmse_target_0': 1.0124067068099976, 'val_mae_target_0': 0.6407219767570496, 'val_r2_target_0': -79.7381820678711, 'val_rmse_target_1': 0.9445663094520569, 'val_mae_target_1': 0.6635390520095825, 'val_r2_target_1': -24.519411087036133, 'val_rmse_target_2': 0.820132315158844, 'val_mae_target_2': 0.7101384401321411, 'val_r2_target_2': -4.773434638977051, 'val_rmse_target_3': 1.0186190605163574, 'val_mae_target_3': 0.7253895998001099, 'val_r2_target_3': -62.358680725097656}",COMPLETE
69,0.3706098798731411,2026-01-29 11:54:17.935816,2026-01-29 11:55:01.774229,0 days 00:00:43.838413,16,0.3594572619433004,0.00011485886605411092,2,mean,4,64,16,0.0019940147251075765,"{'val_rmse_mean': 0.9837822914123535, 'val_mae_mean': 0.711014986038208, 'val_r2_mean': -54.17290496826172, 'val_rmse_target_0': 1.0002844333648682, 'val_mae_target_0': 0.6217331886291504, 'val_r2_target_0': -83.81197357177734, 'val_rmse_target_1': 1.0043110847473145, 'val_mae_target_1': 0.718005895614624, 'val_r2_target_1': -35.72344207763672, 'val_rmse_target_2': 0.9004484415054321, 'val_mae_target_2': 0.7717331051826477, 'val_r2_target_2': -9.258796691894531, 'val_rmse_target_3': 1.0300849676132202, 'val_mae_target_3': 0.7325878739356995, 'val_r2_target_3': -87.89737701416016}",COMPLETE
70,0.35241676384100207,2026-01-29 11:55:01.845367,2026-01-29 11:55:48.491949,0 days 00:00:46.646582,16,0.3177398388625894,0.00019605455503984208,2,static,4,256,16,0.0018321516758317254,"{'val_rmse_mean': 0.9452278017997742, 'val_mae_mean': 0.6927905082702637, 'val_r2_mean': -16.854393005371094, 'val_rmse_target_0': 1.0077793598175049, 'val_mae_target_0': 0.6482645869255066, 'val_r2_target_0': -25.89267921447754, 'val_rmse_target_1': 0.9508218765258789, 'val_mae_target_1': 0.6907311677932739, 'val_r2_target_1': -6.855605125427246, 'val_rmse_target_2': 0.7548711895942688, 'val_mae_target_2': 0.6497321128845215, 'val_r2_target_2': -0.5949009656906128, 'val_rmse_target_3': 1.0674388408660889, 'val_mae_target_3': 0.7824342250823975, 'val_r2_target_3': -34.07439422607422}",COMPLETE
71,0.35534774843189454,2026-01-29 11:55:48.557992,2026-01-29 11:56:34.704801,0 days 00:00:46.146809,16,0.37430758439099,0.00011253672210212649,2,mean,4,256,16,0.0016946222890447296,"{'val_rmse_mean': 0.958996057510376, 'val_mae_mean': 0.6903548836708069, 'val_r2_mean': -30.02920913696289, 'val_rmse_target_0': 1.023894190788269, 'val_mae_target_0': 0.6478548645973206, 'val_r2_target_0': -42.060245513916016, 'val_rmse_target_1': 0.9551260471343994, 'val_mae_target_1': 0.6602044105529785, 'val_r2_target_1': -17.235000610351562, 'val_rmse_target_2': 0.8129870891571045, 'val_mae_target_2': 0.7025249600410461, 'val_r2_target_2': -3.0142970085144043, 'val_rmse_target_3': 1.0439767837524414, 'val_mae_target_3': 0.7508354783058167, 'val_r2_target_3': -57.80730056762695}",COMPLETE
72,0.35246809599576173,2026-01-29 11:56:34.771924,2026-01-29 11:57:19.834222,0 days 00:00:45.062298,16,0.18707050064946407,0.00010354630443404312,2,mean,4,256,16,0.005196016856178848,"{'val_rmse_mean': 0.9509580135345459, 'val_mae_mean': 0.6939390897750854, 'val_r2_mean': -21.448759078979492, 'val_rmse_target_0': 1.008225679397583, 'val_mae_target_0': 0.6382994651794434, 'val_r2_target_0': -37.09131622314453, 'val_rmse_target_1': 0.9503759145736694, 'val_mae_target_1': 0.6752001643180847, 'val_r2_target_1': -12.586321830749512, 'val_rmse_target_2': 0.7849451899528503, 'val_mae_target_2': 0.693702757358551, 'val_r2_target_2': -2.823960065841675, 'val_rmse_target_3': 1.0602854490280151, 'val_mae_target_3': 0.7685539722442627, 'val_r2_target_3': -33.2934455871582}",COMPLETE
73,0.3478610634251877,2026-01-29 11:57:19.904248,2026-01-29 11:58:06.302717,0 days 00:00:46.398469,16,0.38014257782227806,0.0001566490857598351,2,mean,4,256,16,0.001592104744806229,"{'val_rmse_mean': 0.9447289109230042, 'val_mae_mean': 0.6892138719558716, 'val_r2_mean': -22.749568939208984, 'val_rmse_target_0': 1.014047384262085, 'val_mae_target_0': 0.6464798450469971, 'val_r2_target_0': -40.04547119140625, 'val_rmse_target_1': 0.9784455895423889, 'val_mae_target_1': 0.697847843170166, 'val_r2_target_1': -11.77146053314209, 'val_rmse_target_2': 0.7496556639671326, 'val_mae_target_2': 0.6604843735694885, 'val_r2_target_2': -1.0157825946807861, 'val_rmse_target_3': 1.0367670059204102, 'val_mae_target_3': 0.7520435452461243, 'val_r2_target_3': -38.16556167602539}",COMPLETE
74,0.3491893915666474,2026-01-29 11:58:06.369583,2026-01-29 11:58:49.908004,0 days 00:00:43.538421,16,0.3912141830478583,0.00012749462608052523,2,mean,4,256,16,0.002219117212462165,"{'val_rmse_mean': 0.9458324313163757, 'val_mae_mean': 0.6864139437675476, 'val_r2_mean': -21.294780731201172, 'val_rmse_target_0': 1.0133717060089111, 'val_mae_target_0': 0.646682858467102, 'val_r2_target_0': -32.51713562011719, 'val_rmse_target_1': 0.9781528115272522, 'val_mae_target_1': 0.6875535249710083, 'val_r2_target_1': -12.13206958770752, 'val_rmse_target_2': 0.7535775899887085, 'val_mae_target_2': 0.6579219102859497, 'val_r2_target_2': -1.8800981044769287, 'val_rmse_target_3': 1.0382277965545654, 'val_mae_target_3': 0.7534974217414856, 'val_r2_target_3': -38.64982223510742}",COMPLETE
75,0.3529654372897413,2026-01-29 11:58:49.975213,2026-01-29 11:59:33.934773,0 days 00:00:43.959560,16,0.36472894473258266,0.00011259203151526678,2,mean,4,256,16,0.004211210280147144,"{'val_rmse_mean': 0.9568143486976624, 'val_mae_mean': 0.6909148693084717, 'val_r2_mean': -25.31749725341797, 'val_rmse_target_0': 1.0176470279693604, 'val_mae_target_0': 0.6459628343582153, 'val_r2_target_0': -41.417850494384766, 'val_rmse_target_1': 0.9549625515937805, 'val_mae_target_1': 0.6594023108482361, 'val_r2_target_1': -15.716724395751953, 'val_rmse_target_2': 0.8020660877227783, 'val_mae_target_2': 0.6972362995147705, 'val_r2_target_2': -2.573883533477783, 'val_rmse_target_3': 1.052581787109375, 'val_mae_target_3': 0.7610580921173096, 'val_r2_target_3': -41.56153106689453}",COMPLETE
76,0.3553608782865383,2026-01-29 11:59:34.001693,2026-01-29 12:00:24.215048,0 days 00:00:50.213355,16,0.25817253983130095,0.00014938294218346857,2,gated,16,128,16,0.002079482873870419,"{'val_rmse_mean': 0.9578521847724915, 'val_mae_mean': 0.6905945539474487, 'val_r2_mean': -53.44655990600586, 'val_rmse_target_0': 0.995810329914093, 'val_mae_target_0': 0.63149094581604, 'val_r2_target_0': -84.31744384765625, 'val_rmse_target_1': 0.973589301109314, 'val_mae_target_1': 0.6837798357009888, 'val_r2_target_1': -39.18777847290039, 'val_rmse_target_2': 0.8308932781219482, 'val_mae_target_2': 0.7240898609161377, 'val_r2_target_2': -6.573398590087891, 'val_rmse_target_3': 1.0311157703399658, 'val_mae_target_3': 0.7230177521705627, 'val_r2_target_3': -83.70764923095703}",COMPLETE
77,0.3580517161775518,2026-01-29 12:00:24.282564,2026-01-29 12:01:10.614816,0 days 00:00:46.332252,16,0.37228921305087126,8.558537488273223e-05,2,mean,4,256,16,0.0013190010360270737,"{'val_rmse_mean': 0.9630573987960815, 'val_mae_mean': 0.6947847604751587, 'val_r2_mean': -43.11362838745117, 'val_rmse_target_0': 0.9834720492362976, 'val_mae_target_0': 0.6204997897148132, 'val_r2_target_0': -82.87042999267578, 'val_rmse_target_1': 0.981845498085022, 'val_mae_target_1': 0.6865610480308533, 'val_r2_target_1': -31.389328002929688, 'val_rmse_target_2': 0.8234673142433167, 'val_mae_target_2': 0.7205387949943542, 'val_r2_target_2': -5.033046245574951, 'val_rmse_target_3': 1.0634448528289795, 'val_mae_target_3': 0.7515395879745483, 'val_r2_target_3': -53.16170120239258}",COMPLETE
78,0.35262857136075143,2026-01-29 12:01:10.681451,2026-01-29 12:01:55.929118,0 days 00:00:45.247667,16,0.272395955117697,9.330090348823326e-05,2,mean,8,256,16,0.0024225059911376933,"{'val_rmse_mean': 0.9560000896453857, 'val_mae_mean': 0.6859626173973083, 'val_r2_mean': -32.081478118896484, 'val_rmse_target_0': 1.0073153972625732, 'val_mae_target_0': 0.6284115314483643, 'val_r2_target_0': -51.40984344482422, 'val_rmse_target_1': 0.9620885252952576, 'val_mae_target_1': 0.6700093150138855, 'val_r2_target_1': -17.574909210205078, 'val_rmse_target_2': 0.815055251121521, 'val_mae_target_2': 0.7004806995391846, 'val_r2_target_2': -4.067119598388672, 'val_rmse_target_3': 1.0395411252975464, 'val_mae_target_3': 0.7449488043785095, 'val_r2_target_3': -55.27402114868164}",COMPLETE
79,0.3473591289862438,2026-01-29 12:01:55.996151,2026-01-29 12:02:42.042755,0 days 00:00:46.046604,16,0.33492148437886743,0.00011932303440208593,2,static,4,256,16,0.0018905516519303277,"{'val_rmse_mean': 0.9457255601882935, 'val_mae_mean': 0.6847103238105774, 'val_r2_mean': -28.042869567871094, 'val_rmse_target_0': 1.0195651054382324, 'val_mae_target_0': 0.6386275291442871, 'val_r2_target_0': -52.950279235839844, 'val_rmse_target_1': 0.9358075857162476, 'val_mae_target_1': 0.6570909023284912, 'val_r2_target_1': -14.71553897857666, 'val_rmse_target_2': 0.7731695175170898, 'val_mae_target_2': 0.6893372535705566, 'val_r2_target_2': -1.771721601486206, 'val_rmse_target_3': 1.054359793663025, 'val_mae_target_3': 0.7537855505943298, 'val_r2_target_3': -42.73394012451172}",COMPLETE
80,0.373868047501202,2026-01-29 12:02:42.109771,2026-01-29 12:03:27.639997,0 days 00:00:45.530226,16,0.3348846693113027,0.0001722485357881325,2,static,16,32,16,0.0028095875105247454,"{'val_rmse_mean': 0.9838323593139648, 'val_mae_mean': 0.7113817930221558, 'val_r2_mean': -83.03517150878906, 'val_rmse_target_0': 0.9871606230735779, 'val_mae_target_0': 0.6412681341171265, 'val_r2_target_0': -84.61666870117188, 'val_rmse_target_1': 0.995908260345459, 'val_mae_target_1': 0.6850932836532593, 'val_r2_target_1': -104.66752624511719, 'val_rmse_target_2': 0.935702383518219, 'val_mae_target_2': 0.8141278624534607, 'val_r2_target_2': -42.74483108520508, 'val_rmse_target_3': 1.016558051109314, 'val_mae_target_3': 0.7050379514694214, 'val_r2_target_3': -100.11162567138672}",COMPLETE
81,0.3499559003997732,2026-01-29 12:03:27.706666,2026-01-29 12:04:15.666691,0 days 00:00:47.960025,16,0.3001508786762878,0.00011705528105191878,2,static,4,256,16,0.0014235603954876803,"{'val_rmse_mean': 0.946564257144928, 'val_mae_mean': 0.6887215971946716, 'val_r2_mean': -23.218219757080078, 'val_rmse_target_0': 1.0131664276123047, 'val_mae_target_0': 0.6505500674247742, 'val_r2_target_0': -34.2159309387207, 'val_rmse_target_1': 0.951650857925415, 'val_mae_target_1': 0.6646487712860107, 'val_r2_target_1': -15.857097625732422, 'val_rmse_target_2': 0.7583394646644592, 'val_mae_target_2': 0.6683716773986816, 'val_r2_target_2': -1.9201197624206543, 'val_rmse_target_3': 1.0631003379821777, 'val_mae_target_3': 0.7713158130645752, 'val_r2_target_3': -40.87972640991211}",COMPLETE
82,0.35528517955983124,2026-01-29 12:04:15.733206,2026-01-29 12:05:02.919869,0 days 00:00:47.186663,16,0.35614982541261325,0.00013196610683284803,2,static,4,256,16,0.001881291712020474,"{'val_rmse_mean': 0.9537663459777832, 'val_mae_mean': 0.700126051902771, 'val_r2_mean': -21.194026947021484, 'val_rmse_target_0': 1.0214319229125977, 'val_mae_target_0': 0.6753126978874207, 'val_r2_target_0': -24.57436752319336, 'val_rmse_target_1': 0.962871789932251, 'val_mae_target_1': 0.6869229078292847, 'val_r2_target_1': -10.514287948608398, 'val_rmse_target_2': 0.7779799103736877, 'val_mae_target_2': 0.6823284029960632, 'val_r2_target_2': -1.8750786781311035, 'val_rmse_target_3': 1.0527817010879517, 'val_mae_target_3': 0.755940318107605, 'val_r2_target_3': -47.81237030029297}",COMPLETE
83,0.3555096554811354,2026-01-29 12:05:02.987713,2026-01-29 12:05:50.387929,0 days 00:00:47.400216,16,0.3436738285388755,0.00010832276415111196,2,static,4,256,16,0.0017348837730384913,"{'val_rmse_mean': 0.9560915231704712, 'val_mae_mean': 0.698354184627533, 'val_r2_mean': -23.480588912963867, 'val_rmse_target_0': 1.0371766090393066, 'val_mae_target_0': 0.6622825860977173, 'val_r2_target_0': -27.358489990234375, 'val_rmse_target_1': 0.9702209234237671, 'val_mae_target_1': 0.6873317360877991, 'val_r2_target_1': -15.069438934326172, 'val_rmse_target_2': 0.7715620398521423, 'val_mae_target_2': 0.6912240386009216, 'val_r2_target_2': -2.1223785877227783, 'val_rmse_target_3': 1.045406460762024, 'val_mae_target_3': 0.7525781989097595, 'val_r2_target_3': -49.372047424316406}",COMPLETE
84,0.3498550147094108,2026-01-29 12:05:50.454458,2026-01-29 12:06:33.751722,0 days 00:00:43.297264,16,0.381309040787971,0.0001397847161508678,2,static,4,256,16,0.0019671770819254196,"{'val_rmse_mean': 0.9451448917388916, 'val_mae_mean': 0.6894840002059937, 'val_r2_mean': -22.001571655273438, 'val_rmse_target_0': 1.0195951461791992, 'val_mae_target_0': 0.6660700440406799, 'val_r2_target_0': -30.420007705688477, 'val_rmse_target_1': 0.9604916572570801, 'val_mae_target_1': 0.6742637157440186, 'val_r2_target_1': -15.034061431884766, 'val_rmse_target_2': 0.762575626373291, 'val_mae_target_2': 0.6705791354179382, 'val_r2_target_2': -1.54538893699646, 'val_rmse_target_3': 1.0379172563552856, 'val_mae_target_3': 0.7470231056213379, 'val_r2_target_3': -41.00682830810547}",COMPLETE
85,0.3669205367979076,2026-01-29 12:06:33.818479,2026-01-29 12:07:18.152008,0 days 00:00:44.333529,16,0.387828188942619,0.0001620809214091794,2,mean,4,64,16,0.003326682560109508,"{'val_rmse_mean': 0.9808268547058105, 'val_mae_mean': 0.6980040073394775, 'val_r2_mean': -67.89240264892578, 'val_rmse_target_0': 1.0116026401519775, 'val_mae_target_0': 0.6489933729171753, 'val_r2_target_0': -149.0313262939453, 'val_rmse_target_1': 1.0095995664596558, 'val_mae_target_1': 0.691970705986023, 'val_r2_target_1': -38.603336334228516, 'val_rmse_target_2': 0.9048298001289368, 'val_mae_target_2': 0.7674537301063538, 'val_r2_target_2': -15.978899002075195, 'val_rmse_target_3': 0.9972756505012512, 'val_mae_target_3': 0.6835983991622925, 'val_r2_target_3': -67.95604705810547}",COMPLETE
86,0.3481247027715047,2026-01-29 12:07:18.219615,2026-01-29 12:08:04.553272,0 days 00:00:46.333657,16,0.2921400643995207,0.00012373441000984668,2,mean,4,256,16,0.0016603525755567066,"{'val_rmse_mean': 0.9496467709541321, 'val_mae_mean': 0.6815873384475708, 'val_r2_mean': -26.13813591003418, 'val_rmse_target_0': 1.0078126192092896, 'val_mae_target_0': 0.6361575126647949, 'val_r2_target_0': -48.7065544128418, 'val_rmse_target_1': 0.9805449843406677, 'val_mae_target_1': 0.6839234232902527, 'val_r2_target_1': -13.430299758911133, 'val_rmse_target_2': 0.773382306098938, 'val_mae_target_2': 0.6579570174217224, 'val_r2_target_2': -1.5572586059570312, 'val_rmse_target_3': 1.0368473529815674, 'val_mae_target_3': 0.7483113408088684, 'val_r2_target_3': -40.858428955078125}",COMPLETE
87,0.361753448361048,2026-01-29 12:08:04.619508,2026-01-29 12:08:46.827079,0 days 00:00:42.207571,16,0.36954921554379117,0.00010240365038710363,2,static,4,128,16,0.0015592218749148684,"{'val_rmse_mean': 0.968084454536438, 'val_mae_mean': 0.7031421065330505, 'val_r2_mean': -40.658626556396484, 'val_rmse_target_0': 0.9807905554771423, 'val_mae_target_0': 0.6301560997962952, 'val_r2_target_0': -56.594764709472656, 'val_rmse_target_1': 0.9801422953605652, 'val_mae_target_1': 0.695751965045929, 'val_r2_target_1': -33.74173355102539, 'val_rmse_target_2': 0.8978025317192078, 'val_mae_target_2': 0.7567241787910461, 'val_r2_target_2': -13.80258846282959, 'val_rmse_target_3': 1.013602614402771, 'val_mae_target_3': 0.7299361824989319, 'val_r2_target_3': -58.495426177978516}",COMPLETE
88,0.3508904158241219,2026-01-29 12:08:46.894123,2026-01-29 12:09:33.253715,0 days 00:00:46.359592,16,0.3097960777855717,0.00014270565801143567,2,mean,4,256,16,0.003733267808042512,"{'val_rmse_mean': 0.9486409425735474, 'val_mae_mean': 0.6849855780601501, 'val_r2_mean': -18.954795837402344, 'val_rmse_target_0': 1.0248198509216309, 'val_mae_target_0': 0.6491315364837646, 'val_r2_target_0': -24.641624450683594, 'val_rmse_target_1': 0.9475618004798889, 'val_mae_target_1': 0.6725375056266785, 'val_r2_target_1': -10.307385444641113, 'val_rmse_target_2': 0.7551929354667664, 'val_mae_target_2': 0.6474179029464722, 'val_r2_target_2': -1.329514741897583, 'val_rmse_target_3': 1.0669890642166138, 'val_mae_target_3': 0.7708553671836853, 'val_r2_target_3': -39.54065704345703}",COMPLETE
89,0.3603646357854207,2026-01-29 12:09:33.320492,2026-01-29 12:10:24.641099,0 days 00:00:51.320607,16,0.3961627675267556,9.41541366859356e-05,2,gated,4,256,16,0.0022868854388578505,"{'val_rmse_mean': 0.9607667922973633, 'val_mae_mean': 0.700075626373291, 'val_r2_mean': -30.06818389892578, 'val_rmse_target_0': 0.9987441301345825, 'val_mae_target_0': 0.6403625011444092, 'val_r2_target_0': -36.21623992919922, 'val_rmse_target_1': 0.9821110367774963, 'val_mae_target_1': 0.7009472846984863, 'val_r2_target_1': -17.172916412353516, 'val_rmse_target_2': 0.8261051177978516, 'val_mae_target_2': 0.7194648385047913, 'val_r2_target_2': -5.7733330726623535, 'val_rmse_target_3': 1.036106824874878, 'val_mae_target_3': 0.7395278215408325, 'val_r2_target_3': -61.110233306884766}",COMPLETE
90,0.35099514766975687,2026-01-29 12:10:24.707565,2026-01-29 12:11:09.769191,0 days 00:00:45.061626,16,0.3509295564423909,0.00011969344835280934,2,mean,16,256,16,0.002083123948028657,"{'val_rmse_mean': 0.949577271938324, 'val_mae_mean': 0.6880684494972229, 'val_r2_mean': -33.930328369140625, 'val_rmse_target_0': 0.9935622811317444, 'val_mae_target_0': 0.6273725032806396, 'val_r2_target_0': -56.244503021240234, 'val_rmse_target_1': 0.9521943926811218, 'val_mae_target_1': 0.6818706393241882, 'val_r2_target_1': -19.88373374938965, 'val_rmse_target_2': 0.8211526274681091, 'val_mae_target_2': 0.7153246998786926, 'val_r2_target_2': -4.127862930297852, 'val_rmse_target_3': 1.0313997268676758, 'val_mae_target_3': 0.7277060151100159, 'val_r2_target_3': -55.4652099609375}",COMPLETE
91,0.34643412933305456,2026-01-29 12:11:09.835561,2026-01-29 12:11:52.870394,0 days 00:00:43.034833,16,0.38076705389785154,0.00015951888807258936,2,mean,4,256,16,0.001551541277341395,"{'val_rmse_mean': 0.9375505447387695, 'val_mae_mean': 0.6868016123771667, 'val_r2_mean': -20.296998977661133, 'val_rmse_target_0': 1.0013267993927002, 'val_mae_target_0': 0.6523550748825073, 'val_r2_target_0': -29.88226890563965, 'val_rmse_target_1': 0.9680468440055847, 'val_mae_target_1': 0.6859766840934753, 'val_r2_target_1': -10.73951244354248, 'val_rmse_target_2': 0.746783971786499, 'val_mae_target_2': 0.6575961112976074, 'val_r2_target_2': -1.080740213394165, 'val_rmse_target_3': 1.0340445041656494, 'val_mae_target_3': 0.7512786388397217, 'val_r2_target_3': -39.4854621887207}",COMPLETE
92,0.3533727959902198,2026-01-29 12:11:52.937061,2026-01-29 12:12:39.547968,0 days 00:00:46.610907,16,0.36024946091554155,0.00015308132787932613,2,mean,4,256,16,0.001483381737564688,"{'val_rmse_mean': 0.9529311656951904, 'val_mae_mean': 0.6917704343795776, 'val_r2_mean': -17.27109718322754, 'val_rmse_target_0': 1.0143970251083374, 'val_mae_target_0': 0.6479068398475647, 'val_r2_target_0': -29.691625595092773, 'val_rmse_target_1': 0.9677899479866028, 'val_mae_target_1': 0.67771315574646, 'val_r2_target_1': -9.33047103881836, 'val_rmse_target_2': 0.7547335624694824, 'val_mae_target_2': 0.6615328788757324, 'val_r2_target_2': -1.3490753173828125, 'val_rmse_target_3': 1.0748040676116943, 'val_mae_target_3': 0.7799289226531982, 'val_r2_target_3': -28.71321678161621}",COMPLETE
93,0.35268244202490207,2026-01-29 12:12:39.614684,2026-01-29 12:13:25.806023,0 days 00:00:46.191339,16,0.3781296410981886,0.00019804373430507816,2,mean,4,256,16,0.0018065983002992266,"{'val_rmse_mean': 0.944412112236023, 'val_mae_mean': 0.6945156455039978, 'val_r2_mean': -13.960451126098633, 'val_rmse_target_0': 1.020979404449463, 'val_mae_target_0': 0.6566426753997803, 'val_r2_target_0': -19.768163681030273, 'val_rmse_target_1': 0.954372763633728, 'val_mae_target_1': 0.689930260181427, 'val_r2_target_1': -5.5870585441589355, 'val_rmse_target_2': 0.752251148223877, 'val_mae_target_2': 0.6636040210723877, 'val_r2_target_2': -0.7812185287475586, 'val_rmse_target_3': 1.0500448942184448, 'val_mae_target_3': 0.7678856253623962, 'val_r2_target_3': -29.705368041992188}",COMPLETE
94,0.35487281696663964,2026-01-29 12:13:25.872664,2026-01-29 12:14:11.550902,0 days 00:00:45.678238,16,0.23825524975151544,0.00012938514755533618,2,mean,4,256,16,0.001155915616923132,"{'val_rmse_mean': 0.9537668228149414, 'val_mae_mean': 0.6929323077201843, 'val_r2_mean': -23.688953399658203, 'val_rmse_target_0': 1.0050866603851318, 'val_mae_target_0': 0.638185441493988, 'val_r2_target_0': -46.87230682373047, 'val_rmse_target_1': 0.9724041223526001, 'val_mae_target_1': 0.6818889379501343, 'val_r2_target_1': -10.011039733886719, 'val_rmse_target_2': 0.7659401297569275, 'val_mae_target_2': 0.676850438117981, 'val_r2_target_2': -1.2719449996948242, 'val_rmse_target_3': 1.0716365575790405, 'val_mae_target_3': 0.7748045325279236, 'val_r2_target_3': -36.600528717041016}",COMPLETE
95,0.34747217071277126,2026-01-29 12:14:11.617845,2026-01-29 12:14:56.199523,0 days 00:00:44.581678,16,0.3847588135942062,0.00018502915232379458,2,mean,4,256,16,0.0012909196428037256,"{'val_rmse_mean': 0.9390974640846252, 'val_mae_mean': 0.6839041709899902, 'val_r2_mean': -15.27169418334961, 'val_rmse_target_0': 1.0206767320632935, 'val_mae_target_0': 0.6542404890060425, 'val_r2_target_0': -20.99555778503418, 'val_rmse_target_1': 0.9496366381645203, 'val_mae_target_1': 0.6806004643440247, 'val_r2_target_1': -8.042740821838379, 'val_rmse_target_2': 0.7437555193901062, 'val_mae_target_2': 0.6424521207809448, 'val_r2_target_2': -0.7309889793395996, 'val_rmse_target_3': 1.042320966720581, 'val_mae_target_3': 0.758323609828949, 'val_r2_target_3': -31.317485809326172}",COMPLETE
96,0.35154890945112266,2026-01-29 12:14:56.267703,2026-01-29 12:15:41.848768,0 days 00:00:45.581065,16,0.3929785129658942,0.00017724587141244614,2,mean,4,128,16,0.0011969861879962595,"{'val_rmse_mean': 0.9557663798332214, 'val_mae_mean': 0.6815462112426758, 'val_r2_mean': -28.260650634765625, 'val_rmse_target_0': 1.0153779983520508, 'val_mae_target_0': 0.626525342464447, 'val_r2_target_0': -44.50309371948242, 'val_rmse_target_1': 0.9533151388168335, 'val_mae_target_1': 0.6527060866355896, 'val_r2_target_1': -17.988248825073242, 'val_rmse_target_2': 0.8021425604820251, 'val_mae_target_2': 0.6922455430030823, 'val_r2_target_2': -3.4913010597229004, 'val_rmse_target_3': 1.052229881286621, 'val_mae_target_3': 0.7547078728675842, 'val_r2_target_3': -47.059959411621094}",COMPLETE
97,0.3476604289478726,2026-01-29 12:15:41.915482,2026-01-29 12:16:26.853914,0 days 00:00:44.938432,16,0.32359457923495494,0.00016486064894430296,2,mean,8,256,16,0.0013597013346746804,"{'val_rmse_mean': 0.9439710378646851, 'val_mae_mean': 0.6888485550880432, 'val_r2_mean': -22.48394775390625, 'val_rmse_target_0': 1.019242763519287, 'val_mae_target_0': 0.6550580263137817, 'val_r2_target_0': -31.165828704833984, 'val_rmse_target_1': 0.9664860963821411, 'val_mae_target_1': 0.6929699182510376, 'val_r2_target_1': -9.993142127990723, 'val_rmse_target_2': 0.7565215229988098, 'val_mae_target_2': 0.6664891242980957, 'val_r2_target_2': -1.2595698833465576, 'val_rmse_target_3': 1.033633828163147, 'val_mae_target_3': 0.740877091884613, 'val_r2_target_3': -47.51724624633789}",COMPLETE
98,0.35241615896423656,2026-01-29 12:16:26.920378,2026-01-29 12:17:11.716101,0 days 00:00:44.795723,16,0.38523078581613346,0.00018900209317678458,2,static,4,256,16,0.0012741155725261048,"{'val_rmse_mean': 0.9432395696640015, 'val_mae_mean': 0.6934636831283569, 'val_r2_mean': -13.887298583984375, 'val_rmse_target_0': 1.0143111944198608, 'val_mae_target_0': 0.6534401178359985, 'val_r2_target_0': -22.339160919189453, 'val_rmse_target_1': 0.9693740010261536, 'val_mae_target_1': 0.6965699791908264, 'val_r2_target_1': -6.954159259796143, 'val_rmse_target_2': 0.7449085116386414, 'val_mae_target_2': 0.6509118676185608, 'val_r2_target_2': -0.6943392753601074, 'val_rmse_target_3': 1.04436457157135, 'val_mae_target_3': 0.7729328870773315, 'val_r2_target_3': -25.561542510986328}",COMPLETE
99,0.3529947151740392,2026-01-29 12:17:11.783784,2026-01-29 12:17:59.074816,0 days 00:00:47.291032,16,0.3695423080132975,0.00021745746418979278,2,mean,4,256,16,0.0010901177281800567,"{'val_rmse_mean': 0.943447470664978, 'val_mae_mean': 0.6952378153800964, 'val_r2_mean': -13.057040214538574, 'val_rmse_target_0': 1.0109705924987793, 'val_mae_target_0': 0.6664942502975464, 'val_r2_target_0': -17.119447708129883, 'val_rmse_target_1': 0.9498329162597656, 'val_mae_target_1': 0.6974372863769531, 'val_r2_target_1': -6.63350772857666, 'val_rmse_target_2': 0.7422098517417908, 'val_mae_target_2': 0.6433008909225464, 'val_r2_target_2': -0.43404364585876465, 'val_rmse_target_3': 1.0707764625549316, 'val_mae_target_3': 0.7737187743186951, 'val_r2_target_3': -28.041156768798828}",COMPLETE
100,0.3735681911585508,2026-01-29 12:17:59.141771,2026-01-29 12:18:44.955828,0 days 00:00:45.814057,16,0.3998087653578729,0.00023362793158384964,2,mean,4,32,16,0.00452261387662809,"{'val_rmse_mean': 0.984459638595581, 'val_mae_mean': 0.713798999786377, 'val_r2_mean': -54.024375915527344, 'val_rmse_target_0': 0.9910348653793335, 'val_mae_target_0': 0.6292517185211182, 'val_r2_target_0': -66.11983489990234, 'val_rmse_target_1': 0.9919395446777344, 'val_mae_target_1': 0.6878368258476257, 'val_r2_target_1': -44.75654983520508, 'val_rmse_target_2': 0.9169286489486694, 'val_mae_target_2': 0.7909657955169678, 'val_r2_target_2': -17.271671295166016, 'val_rmse_target_3': 1.0379356145858765, 'val_mae_target_3': 0.7471415400505066, 'val_r2_target_3': -87.949462890625}",COMPLETE
101,0.3492295441252214,2026-01-29 12:18:45.023887,2026-01-29 12:19:29.954057,0 days 00:00:44.930170,16,0.3220569733255398,0.0001802914624897695,2,mean,8,256,16,0.0013953960959005507,"{'val_rmse_mean': 0.9454787969589233, 'val_mae_mean': 0.686613917350769, 'val_r2_mean': -18.809534072875977, 'val_rmse_target_0': 1.0237007141113281, 'val_mae_target_0': 0.6637265086174011, 'val_r2_target_0': -23.575645446777344, 'val_rmse_target_1': 0.9608131051063538, 'val_mae_target_1': 0.6838670372962952, 'val_r2_target_1': -10.42634391784668, 'val_rmse_target_2': 0.7528281807899475, 'val_mae_target_2': 0.6493461728096008, 'val_r2_target_2': -1.0094380378723145, 'val_rmse_target_3': 1.0445733070373535, 'val_mae_target_3': 0.749515950679779, 'val_r2_target_3': -40.22671127319336}",COMPLETE
102,0.35014053199578216,2026-01-29 12:19:30.021398,2026-01-29 12:20:14.939999,0 days 00:00:44.918601,16,0.38614283203150856,0.0002037124747581512,2,mean,8,256,16,0.0013530982699975133,"{'val_rmse_mean': 0.9400948286056519, 'val_mae_mean': 0.692206084728241, 'val_r2_mean': -18.03050994873047, 'val_rmse_target_0': 1.0042967796325684, 'val_mae_target_0': 0.6551234722137451, 'val_r2_target_0': -27.900651931762695, 'val_rmse_target_1': 0.9456904530525208, 'val_mae_target_1': 0.6887805461883545, 'val_r2_target_1': -8.569067001342773, 'val_rmse_target_2': 0.7564977407455444, 'val_mae_target_2': 0.6558850407600403, 'val_r2_target_2': -0.9671300649642944, 'val_rmse_target_3': 1.0538945198059082, 'val_mae_target_3': 0.7690353393554688, 'val_r2_target_3': -34.68519592285156}",COMPLETE
103,0.34570683414737385,2026-01-29 12:20:15.006950,2026-01-29 12:21:01.676940,0 days 00:00:46.669990,16,0.3626258957367563,0.00015905643991713647,2,mean,8,256,16,0.00150851142299287,"{'val_rmse_mean': 0.9390323758125305, 'val_mae_mean': 0.6825934052467346, 'val_r2_mean': -22.75922393798828, 'val_rmse_target_0': 0.9873954057693481, 'val_mae_target_0': 0.63062983751297, 'val_r2_target_0': -37.11115264892578, 'val_rmse_target_1': 0.9612236618995667, 'val_mae_target_1': 0.6787447929382324, 'val_r2_target_1': -12.64535903930664, 'val_rmse_target_2': 0.7594205737113953, 'val_mae_target_2': 0.6644791960716248, 'val_r2_target_2': -1.715700626373291, 'val_rmse_target_3': 1.0480897426605225, 'val_mae_target_3': 0.7565198540687561, 'val_r2_target_3': -39.56468200683594}",COMPLETE
104,0.34710704162716866,2026-01-29 12:21:01.743399,2026-01-29 12:21:47.981168,0 days 00:00:46.237769,16,0.36447529619572366,0.0001471252747954004,2,mean,8,256,16,0.0014872420464716386,"{'val_rmse_mean': 0.9405859112739563, 'val_mae_mean': 0.6835523843765259, 'val_r2_mean': -21.204065322875977, 'val_rmse_target_0': 1.0082978010177612, 'val_mae_target_0': 0.6493395566940308, 'val_r2_target_0': -28.50839614868164, 'val_rmse_target_1': 0.9598053693771362, 'val_mae_target_1': 0.6915491819381714, 'val_r2_target_1': -12.028629302978516, 'val_rmse_target_2': 0.7461816072463989, 'val_mae_target_2': 0.6464319825172424, 'val_r2_target_2': -1.5669162273406982, 'val_rmse_target_3': 1.0480587482452393, 'val_mae_target_3': 0.7468888759613037, 'val_r2_target_3': -42.71231460571289}",COMPLETE
105,0.35107871227794224,2026-01-29 12:21:48.049703,2026-01-29 12:22:33.587089,0 days 00:00:45.537386,16,0.3634214796046197,0.00014773536516867643,2,mean,8,256,16,0.0014967705365506164,"{'val_rmse_mean': 0.94785475730896, 'val_mae_mean': 0.6960206031799316, 'val_r2_mean': -19.69599151611328, 'val_rmse_target_0': 1.014831304550171, 'val_mae_target_0': 0.6583810448646545, 'val_r2_target_0': -28.187036514282227, 'val_rmse_target_1': 0.9693562388420105, 'val_mae_target_1': 0.6928460597991943, 'val_r2_target_1': -13.212315559387207, 'val_rmse_target_2': 0.7736499905586243, 'val_mae_target_2': 0.6862391829490662, 'val_r2_target_2': -2.0398571491241455, 'val_rmse_target_3': 1.0335813760757446, 'val_mae_target_3': 0.7466161251068115, 'val_r2_target_3': -35.344757080078125}",COMPLETE
106,0.37826887904493894,2026-01-29 12:22:33.653952,2026-01-29 12:23:17.848036,0 days 00:00:44.194084,16,0.3525839963012024,0.00015893336986047676,2,mean,8,64,16,0.0015626286735626153,"{'val_rmse_mean': 0.9888300895690918, 'val_mae_mean': 0.721625030040741, 'val_r2_mean': -58.15803146362305, 'val_rmse_target_0': 0.9913462996482849, 'val_mae_target_0': 0.6300964951515198, 'val_r2_target_0': -102.46247863769531, 'val_rmse_target_1': 1.0057815313339233, 'val_mae_target_1': 0.7364808320999146, 'val_r2_target_1': -46.88359451293945, 'val_rmse_target_2': 0.9185506105422974, 'val_mae_target_2': 0.7894524335861206, 'val_r2_target_2': -22.463563919067383, 'val_rmse_target_3': 1.0396417379379272, 'val_mae_target_3': 0.7304704189300537, 'val_r2_target_3': -60.8225212097168}",COMPLETE
107,0.3563881892434977,2026-01-29 12:23:17.915692,2026-01-29 12:24:01.064579,0 days 00:00:43.148887,16,0.333425295013222,0.00013562076758572654,2,mean,8,256,16,0.0019072665002790657,"{'val_rmse_mean': 0.9552090167999268, 'val_mae_mean': 0.6969984769821167, 'val_r2_mean': -25.531606674194336, 'val_rmse_target_0': 0.9981011152267456, 'val_mae_target_0': 0.6329454779624939, 'val_r2_target_0': -43.15597152709961, 'val_rmse_target_1': 0.9579222798347473, 'val_mae_target_1': 0.6989132165908813, 'val_r2_target_1': -12.592504501342773, 'val_rmse_target_2': 0.794249415397644, 'val_mae_target_2': 0.691582977771759, 'val_r2_target_2': -3.0606513023376465, 'val_rmse_target_3': 1.0705631971359253, 'val_mae_target_3': 0.7645522952079773, 'val_r2_target_3': -43.31729507446289}",COMPLETE
108,0.353265685201795,2026-01-29 12:24:01.131902,2026-01-29 12:24:46.681444,0 days 00:00:45.549542,16,0.3460893727629879,0.00017066032069937607,2,static,8,128,16,0.004016228962421714,"{'val_rmse_mean': 0.9549473524093628, 'val_mae_mean': 0.6924154758453369, 'val_r2_mean': -30.846027374267578, 'val_rmse_target_0': 1.0056089162826538, 'val_mae_target_0': 0.6441748142242432, 'val_r2_target_0': -38.88561248779297, 'val_rmse_target_1': 0.9610245823860168, 'val_mae_target_1': 0.6714192628860474, 'val_r2_target_1': -29.86033821105957, 'val_rmse_target_2': 0.809088408946991, 'val_mae_target_2': 0.7111195921897888, 'val_r2_target_2': -3.449249267578125, 'val_rmse_target_3': 1.0440675020217896, 'val_mae_target_3': 0.7429482936859131, 'val_r2_target_3': -51.18891143798828}",COMPLETE
109,0.3539306949134226,2026-01-29 12:24:46.751028,2026-01-29 12:25:33.741376,0 days 00:00:46.990348,16,0.3774749845767128,0.00018613598092466043,2,mean,8,256,16,0.0016496734932933232,"{'val_rmse_mean': 0.9477478861808777, 'val_mae_mean': 0.6959308981895447, 'val_r2_mean': -16.469451904296875, 'val_rmse_target_0': 1.0143654346466064, 'val_mae_target_0': 0.6732189059257507, 'val_r2_target_0': -18.929094314575195, 'val_rmse_target_1': 0.9686076641082764, 'val_mae_target_1': 0.6906459927558899, 'val_r2_target_1': -10.276291847229004, 'val_rmse_target_2': 0.7689034342765808, 'val_mae_target_2': 0.6661885380744934, 'val_r2_target_2': -1.2477192878723145, 'val_rmse_target_3': 1.0391149520874023, 'val_mae_target_3': 0.7536702156066895, 'val_r2_target_3': -35.424713134765625}",COMPLETE
110,0.34739431117971736,2026-01-29 12:25:33.816529,2026-01-29 12:26:25.767219,0 days 00:00:51.950690,16,0.36607189413502117,0.0001452573414489214,2,gated,8,256,16,0.0014692446495815504,"{'val_rmse_mean': 0.9449044466018677, 'val_mae_mean': 0.6810340285301208, 'val_r2_mean': -25.24268341064453, 'val_rmse_target_0': 1.0088523626327515, 'val_mae_target_0': 0.6422885656356812, 'val_r2_target_0': -36.972373962402344, 'val_rmse_target_1': 0.9482426643371582, 'val_mae_target_1': 0.6697496771812439, 'val_r2_target_1': -12.08089828491211, 'val_rmse_target_2': 0.7701008319854736, 'val_mae_target_2': 0.6592110395431519, 'val_r2_target_2': -1.898946762084961, 'val_rmse_target_3': 1.052422046661377, 'val_mae_target_3': 0.7528868317604065, 'val_r2_target_3': -50.01850891113281}",COMPLETE
111,0.35083953346367236,2026-01-29 12:26:25.837214,2026-01-29 12:27:17.060979,0 days 00:00:51.223765,16,0.3681869872606927,0.00014358632245250566,2,gated,8,256,16,0.0014638294799917424,"{'val_rmse_mean': 0.9469164609909058, 'val_mae_mean': 0.686937153339386, 'val_r2_mean': -25.53392219543457, 'val_rmse_target_0': 1.0117689371109009, 'val_mae_target_0': 0.6456948518753052, 'val_r2_target_0': -33.14238357543945, 'val_rmse_target_1': 0.9519630074501038, 'val_mae_target_1': 0.6847531199455261, 'val_r2_target_1': -11.668123245239258, 'val_rmse_target_2': 0.7707688808441162, 'val_mae_target_2': 0.6628974676132202, 'val_r2_target_2': -2.1309545040130615, 'val_rmse_target_3': 1.0531648397445679, 'val_mae_target_3': 0.754403293132782, 'val_r2_target_3': -55.19422912597656}",COMPLETE
112,0.3539867260389858,2026-01-29 12:27:17.131965,2026-01-29 12:28:05.922816,0 days 00:00:48.790851,16,0.35826162227877123,0.000155107042259279,2,gated,8,256,16,0.00180576435507213,"{'val_rmse_mean': 0.9527451395988464, 'val_mae_mean': 0.6965054869651794, 'val_r2_mean': -19.279590606689453, 'val_rmse_target_0': 1.0226739645004272, 'val_mae_target_0': 0.6494306921958923, 'val_r2_target_0': -32.46869659423828, 'val_rmse_target_1': 0.974452018737793, 'val_mae_target_1': 0.7178305983543396, 'val_r2_target_1': -8.705821990966797, 'val_rmse_target_2': 0.7696056962013245, 'val_mae_target_2': 0.6679267883300781, 'val_r2_target_2': -1.4767224788665771, 'val_rmse_target_3': 1.0442488193511963, 'val_mae_target_3': 0.7508337497711182, 'val_r2_target_3': -34.46713638305664}",COMPLETE
113,0.35121442322377805,2026-01-29 12:28:05.994325,2026-01-29 12:28:55.261724,0 days 00:00:49.267399,16,0.37267292210029085,0.00017435920951660238,2,gated,8,256,16,0.0014161399421268991,"{'val_rmse_mean': 0.9466118812561035, 'val_mae_mean': 0.6923370957374573, 'val_r2_mean': -20.26997947692871, 'val_rmse_target_0': 1.0132710933685303, 'val_mae_target_0': 0.6442818641662598, 'val_r2_target_0': -29.456344604492188, 'val_rmse_target_1': 0.979859471321106, 'val_mae_target_1': 0.7100592255592346, 'val_r2_target_1': -9.914299011230469, 'val_rmse_target_2': 0.7517154812812805, 'val_mae_target_2': 0.6579194068908691, 'val_r2_target_2': -1.300029993057251, 'val_rmse_target_3': 1.041601538658142, 'val_mae_target_3': 0.7570879459381104, 'val_r2_target_3': -40.40924072265625}",COMPLETE
114,0.35483340104972877,2026-01-29 12:28:55.331132,2026-01-29 12:29:46.167243,0 days 00:00:50.836111,16,0.34154135613061415,0.00016396278685827713,2,gated,8,256,16,0.0012825226972094034,"{'val_rmse_mean': 0.9526694416999817, 'val_mae_mean': 0.6990381479263306, 'val_r2_mean': -21.084882736206055, 'val_rmse_target_0': 1.0265260934829712, 'val_mae_target_0': 0.649899423122406, 'val_r2_target_0': -33.9998893737793, 'val_rmse_target_1': 0.9728458523750305, 'val_mae_target_1': 0.7015466094017029, 'val_r2_target_1': -9.65735912322998, 'val_rmse_target_2': 0.7705864310264587, 'val_mae_target_2': 0.6902603507041931, 'val_r2_target_2': -1.3632941246032715, 'val_rmse_target_3': 1.0407192707061768, 'val_mae_target_3': 0.7544461488723755, 'val_r2_target_3': -39.318992614746094}",COMPLETE
115,0.3574387151058073,2026-01-29 12:29:46.238939,2026-01-29 12:30:38.712195,0 days 00:00:52.473256,16,0.2731343886311391,0.0001346168434395913,2,gated,16,256,16,0.001592995860435895,"{'val_rmse_mean': 0.9588905572891235, 'val_mae_mean': 0.6975927948951721, 'val_r2_mean': -27.865680694580078, 'val_rmse_target_0': 1.0103291273117065, 'val_mae_target_0': 0.647381603717804, 'val_r2_target_0': -30.196619033813477, 'val_rmse_target_1': 0.9739503860473633, 'val_mae_target_1': 0.6871907114982605, 'val_r2_target_1': -16.523635864257812, 'val_rmse_target_2': 0.8078083395957947, 'val_mae_target_2': 0.7139003872871399, 'val_r2_target_2': -2.799955368041992, 'val_rmse_target_3': 1.0434743165969849, 'val_mae_target_3': 0.7418985962867737, 'val_r2_target_3': -61.942501068115234}",COMPLETE
116,0.3759625454743703,2026-01-29 12:30:38.783666,2026-01-29 12:31:23.406269,0 days 00:00:44.622603,16,0.39202293137776,5.0420376503979755e-05,2,mean,8,256,16,0.0011453988407992724,"{'val_rmse_mean': 0.9906301498413086, 'val_mae_mean': 0.7106705904006958, 'val_r2_mean': -66.07283020019531, 'val_rmse_target_0': 1.0134766101837158, 'val_mae_target_0': 0.637090265750885, 'val_r2_target_0': -104.5497055053711, 'val_rmse_target_1': 0.9921085238456726, 'val_mae_target_1': 0.6779015064239502, 'val_r2_target_1': -52.8880729675293, 'val_rmse_target_2': 0.9341253042221069, 'val_mae_target_2': 0.7943969964981079, 'val_r2_target_2': -16.19932746887207, 'val_rmse_target_3': 1.0228099822998047, 'val_mae_target_3': 0.7332934737205505, 'val_r2_target_3': -90.65422821044922}",COMPLETE
117,0.35095610566161295,2026-01-29 12:31:23.477287,2026-01-29 12:32:07.350337,0 days 00:00:43.873050,16,0.3816537928513577,0.00024873703662494723,2,mean,8,256,16,0.0015221087446081012,"{'val_rmse_mean': 0.9426394104957581, 'val_mae_mean': 0.701021671295166, 'val_r2_mean': -14.232803344726562, 'val_rmse_target_0': 1.019108772277832, 'val_mae_target_0': 0.6740058064460754, 'val_r2_target_0': -20.022886276245117, 'val_rmse_target_1': 0.9516040682792664, 'val_mae_target_1': 0.7008185386657715, 'val_r2_target_1': -8.905659675598145, 'val_rmse_target_2': 0.7575954794883728, 'val_mae_target_2': 0.6509644985198975, 'val_r2_target_2': -0.5564566850662231, 'val_rmse_target_3': 1.0422492027282715, 'val_mae_target_3': 0.7782977819442749, 'val_r2_target_3': -27.446212768554688}",COMPLETE
118,0.3505393862724304,2026-01-29 12:32:07.420449,2026-01-29 12:32:55.239341,0 days 00:00:47.818892,16,0.362384550301803,0.00014474981094561711,2,static,16,256,16,0.003008106588105803,"{'val_rmse_mean': 0.9491437673568726, 'val_mae_mean': 0.6885297298431396, 'val_r2_mean': -27.633522033691406, 'val_rmse_target_0': 1.0108449459075928, 'val_mae_target_0': 0.6435748934745789, 'val_r2_target_0': -41.819580078125, 'val_rmse_target_1': 0.9485544562339783, 'val_mae_target_1': 0.673191487789154, 'val_r2_target_1': -15.91328239440918, 'val_rmse_target_2': 0.8071414828300476, 'val_mae_target_2': 0.6994308829307556, 'val_r2_target_2': -3.542161464691162, 'val_rmse_target_3': 1.030034065246582, 'val_mae_target_3': 0.7379218339920044, 'val_r2_target_3': -49.25906753540039}",COMPLETE
119,0.35120293846422873,2026-01-29 12:32:55.311372,2026-01-29 12:33:39.874095,0 days 00:00:44.562723,16,0.37486559378691064,0.00015542120536270057,2,mean,8,128,16,0.0010273736518600556,"{'val_rmse_mean': 0.9532872438430786, 'val_mae_mean': 0.6852324604988098, 'val_r2_mean': -44.56814193725586, 'val_rmse_target_0': 0.9958332180976868, 'val_mae_target_0': 0.6311075687408447, 'val_r2_target_0': -93.3732681274414, 'val_rmse_target_1': 0.9830551743507385, 'val_mae_target_1': 0.7018401622772217, 'val_r2_target_1': -18.840694427490234, 'val_rmse_target_2': 0.8071196675300598, 'val_mae_target_2': 0.6817082166671753, 'val_r2_target_2': -5.164321422576904, 'val_rmse_target_3': 1.0271408557891846, 'val_mae_target_3': 0.7262737154960632, 'val_r2_target_3': -60.89427947998047}",COMPLETE
120,0.36154183055515643,2026-01-29 12:33:39.943708,2026-01-29 12:34:26.883052,0 days 00:00:46.939344,16,0.36791898435119075,0.00022582768982619126,2,mean,4,256,16,0.0012270839660533184,"{'val_rmse_mean': 0.9559818506240845, 'val_mae_mean': 0.7042902112007141, 'val_r2_mean': -13.161728858947754, 'val_rmse_target_0': 1.0132997035980225, 'val_mae_target_0': 0.6498578190803528, 'val_r2_target_0': -20.501441955566406, 'val_rmse_target_1': 0.9899283647537231, 'val_mae_target_1': 0.7352072596549988, 'val_r2_target_1': -4.88374662399292, 'val_rmse_target_2': 0.753811776638031, 'val_mae_target_2': 0.6492087841033936, 'val_r2_target_2': -0.5769803524017334, 'val_rmse_target_3': 1.066887378692627, 'val_mae_target_3': 0.7828869223594666, 'val_r2_target_3': -26.684749603271484}",COMPLETE
121,0.356259700462774,2026-01-29 12:34:26.954303,2026-01-29 12:35:10.644092,0 days 00:00:43.689789,16,0.3872925621946913,0.00012179972546830199,2,mean,4,256,16,0.0016656936615467516,"{'val_rmse_mean': 0.9559767246246338, 'val_mae_mean': 0.6962851285934448, 'val_r2_mean': -27.681474685668945, 'val_rmse_target_0': 1.0220643281936646, 'val_mae_target_0': 0.6587141752243042, 'val_r2_target_0': -35.35919189453125, 'val_rmse_target_1': 0.9645418524742126, 'val_mae_target_1': 0.6740912199020386, 'val_r2_target_1': -16.161638259887695, 'val_rmse_target_2': 0.7908106446266174, 'val_mae_target_2': 0.7015990018844604, 'val_r2_target_2': -2.2524805068969727, 'val_rmse_target_3': 1.0464900732040405, 'val_mae_target_3': 0.7507361173629761, 'val_r2_target_3': -56.952598571777344}",COMPLETE
122,0.35609108871883816,2026-01-29 12:35:10.714932,2026-01-29 12:35:54.975793,0 days 00:00:44.260861,16,0.3813246436182623,0.0001277633435111669,2,mean,4,256,16,0.0013026824825068473,"{'val_rmse_mean': 0.9567495584487915, 'val_mae_mean': 0.6968024373054504, 'val_r2_mean': -24.049848556518555, 'val_rmse_target_0': 1.0319427251815796, 'val_mae_target_0': 0.6655805110931396, 'val_r2_target_0': -40.178558349609375, 'val_rmse_target_1': 0.960738480091095, 'val_mae_target_1': 0.6924494504928589, 'val_r2_target_1': -10.4196138381958, 'val_rmse_target_2': 0.7955915331840515, 'val_mae_target_2': 0.6900853514671326, 'val_r2_target_2': -2.009002685546875, 'val_rmse_target_3': 1.0387253761291504, 'val_mae_target_3': 0.7390944361686707, 'val_r2_target_3': -43.59221649169922}",COMPLETE
123,0.3472912935195146,2026-01-29 12:35:55.050366,2026-01-29 12:36:39.329142,0 days 00:00:44.278776,16,0.39339946587832003,0.00013493894540300127,2,mean,4,256,16,0.003418454668275648,"{'val_rmse_mean': 0.9447007179260254, 'val_mae_mean': 0.6852374076843262, 'val_r2_mean': -22.1345157623291, 'val_rmse_target_0': 1.013575792312622, 'val_mae_target_0': 0.6477205753326416, 'val_r2_target_0': -34.94865798950195, 'val_rmse_target_1': 0.9613764882087708, 'val_mae_target_1': 0.6781308650970459, 'val_r2_target_1': -13.924041748046875, 'val_rmse_target_2': 0.7678717374801636, 'val_mae_target_2': 0.6695670485496521, 'val_r2_target_2': -1.7365086078643799, 'val_rmse_target_3': 1.03597891330719, 'val_mae_target_3': 0.7455311417579651, 'val_r2_target_3': -37.928855895996094}",COMPLETE
124,0.34772527811151965,2026-01-29 12:36:39.401705,2026-01-29 12:37:24.571904,0 days 00:00:45.170199,16,0.39444526092970533,0.00014893317826121665,2,mean,4,256,16,0.0034867309226937694,"{'val_rmse_mean': 0.9397560358047485, 'val_mae_mean': 0.6892943978309631, 'val_r2_mean': -18.274377822875977, 'val_rmse_target_0': 1.005140781402588, 'val_mae_target_0': 0.6451473236083984, 'val_r2_target_0': -35.89380645751953, 'val_rmse_target_1': 0.9565005302429199, 'val_mae_target_1': 0.6860103011131287, 'val_r2_target_1': -9.924647331237793, 'val_rmse_target_2': 0.7538983225822449, 'val_mae_target_2': 0.6514039039611816, 'val_r2_target_2': -1.3660125732421875, 'val_rmse_target_3': 1.0434845685958862, 'val_mae_target_3': 0.7746159434318542, 'val_r2_target_3': -25.913047790527344}",COMPLETE
125,0.355203483943586,2026-01-29 12:37:24.646010,2026-01-29 12:38:11.661426,0 days 00:00:47.015416,16,0.2798133600960078,0.00013871146119638433,2,mean,4,256,16,0.003272755435819174,"{'val_rmse_mean': 0.9552662372589111, 'val_mae_mean': 0.693610668182373, 'val_r2_mean': -21.414751052856445, 'val_rmse_target_0': 1.0150706768035889, 'val_mae_target_0': 0.6414371728897095, 'val_r2_target_0': -35.21055221557617, 'val_rmse_target_1': 0.9833750128746033, 'val_mae_target_1': 0.7005000710487366, 'val_r2_target_1': -10.681800842285156, 'val_rmse_target_2': 0.778214156627655, 'val_mae_target_2': 0.6740229725837708, 'val_r2_target_2': -1.1705126762390137, 'val_rmse_target_3': 1.0444049835205078, 'val_mae_target_3': 0.7584823966026306, 'val_r2_target_3': -38.59614181518555}",COMPLETE
126,0.37799834846346464,2026-01-29 12:38:11.732337,2026-01-29 12:38:56.769169,0 days 00:00:45.036832,16,0.37315757974321406,0.0004987519528880584,2,mean,4,256,16,0.003693594787297202,"{'val_rmse_mean': 0.9700260162353516, 'val_mae_mean': 0.717340886592865, 'val_r2_mean': -6.973185062408447, 'val_rmse_target_0': 1.0234471559524536, 'val_mae_target_0': 0.6571807861328125, 'val_r2_target_0': -10.635982513427734, 'val_rmse_target_1': 1.0131502151489258, 'val_mae_target_1': 0.7611842751502991, 'val_r2_target_1': -2.2760095596313477, 'val_rmse_target_2': 0.7377063632011414, 'val_mae_target_2': 0.6167477965354919, 'val_r2_target_2': -0.09238255023956299, 'val_rmse_target_3': 1.1058005094528198, 'val_mae_target_3': 0.8342506289482117, 'val_r2_target_3': -14.888367652893066}",COMPLETE
127,0.36362851604267404,2026-01-29 12:38:56.840126,2026-01-29 12:39:42.331642,0 days 00:00:45.491516,16,0.3999234308079306,0.00016071744965334285,2,static,4,32,16,0.004276122834058783,"{'val_rmse_mean': 0.9572718143463135, 'val_mae_mean': 0.7012203335762024, 'val_r2_mean': -36.434810638427734, 'val_rmse_target_0': 1.0037312507629395, 'val_mae_target_0': 0.6469779014587402, 'val_r2_target_0': -76.12487030029297, 'val_rmse_target_1': 0.9245614409446716, 'val_mae_target_1': 0.6618251800537109, 'val_r2_target_1': -25.725351333618164, 'val_rmse_target_2': 0.921912670135498, 'val_mae_target_2': 0.786324679851532, 'val_r2_target_2': -18.51008415222168, 'val_rmse_target_3': 0.9788817167282104, 'val_mae_target_3': 0.7097534537315369, 'val_r2_target_3': -25.378936767578125}",COMPLETE
128,0.3530532371390749,2026-01-29 12:39:42.406922,2026-01-29 12:40:34.352625,0 days 00:00:51.945703,16,0.3559633773263548,0.00013243155822338878,2,gated,16,256,16,0.0017407965591670817,"{'val_rmse_mean': 0.9530586004257202, 'val_mae_mean': 0.6923723816871643, 'val_r2_mean': -30.987140655517578, 'val_rmse_target_0': 1.0040709972381592, 'val_mae_target_0': 0.6454284191131592, 'val_r2_target_0': -47.34180450439453, 'val_rmse_target_1': 0.9706056118011475, 'val_mae_target_1': 0.6860324740409851, 'val_r2_target_1': -19.426311492919922, 'val_rmse_target_2': 0.80448979139328, 'val_mae_target_2': 0.6975136995315552, 'val_r2_target_2': -3.683917999267578, 'val_rmse_target_3': 1.033068060874939, 'val_mae_target_3': 0.7405150532722473, 'val_r2_target_3': -53.496543884277344}",COMPLETE
129,0.3633123585195453,2026-01-29 12:40:34.430522,2026-01-29 12:41:18.906462,0 days 00:00:44.475940,16,0.3835512326370639,0.00016738830206927403,2,mean,4,64,16,0.003989707640032282,"{'val_rmse_mean': 0.9708126783370972, 'val_mae_mean': 0.7040529251098633, 'val_r2_mean': -68.96399688720703, 'val_rmse_target_0': 1.009561538696289, 'val_mae_target_0': 0.643945038318634, 'val_r2_target_0': -133.5938262939453, 'val_rmse_target_1': 0.9776039123535156, 'val_mae_target_1': 0.6932782530784607, 'val_r2_target_1': -51.24954605102539, 'val_rmse_target_2': 0.8798890113830566, 'val_mae_target_2': 0.7524877190589905, 'val_r2_target_2': -12.9556245803833, 'val_rmse_target_3': 1.0161961317062378, 'val_mae_target_3': 0.7265006899833679, 'val_r2_target_3': -78.05697631835938}",COMPLETE
130,0.35025882072470804,2026-01-29 12:41:18.973916,2026-01-29 12:42:05.157415,0 days 00:00:46.183499,16,0.3905871839069129,0.00010444297252770117,2,mean,4,256,16,0.001457470657248175,"{'val_rmse_mean': 0.9565355777740479, 'val_mae_mean': 0.6811822652816772, 'val_r2_mean': -34.1992301940918, 'val_rmse_target_0': 1.0000163316726685, 'val_mae_target_0': 0.6224457621574402, 'val_r2_target_0': -57.19331359863281, 'val_rmse_target_1': 0.9925298690795898, 'val_mae_target_1': 0.6788719892501831, 'val_r2_target_1': -20.997196197509766, 'val_rmse_target_2': 0.7953746914863586, 'val_mae_target_2': 0.6754605174064636, 'val_r2_target_2': -2.8523635864257812, 'val_rmse_target_3': 1.0382212400436401, 'val_mae_target_3': 0.7479507923126221, 'val_r2_target_3': -55.75404739379883}",COMPLETE
131,0.347538229767923,2026-01-29 12:42:05.224332,2026-01-29 12:42:51.460918,0 days 00:00:46.236586,16,0.37880541203184775,0.000139914135706364,2,mean,4,256,16,0.0013601497883769399,"{'val_rmse_mean': 0.9430581331253052, 'val_mae_mean': 0.6847915053367615, 'val_r2_mean': -26.106792449951172, 'val_rmse_target_0': 1.006668210029602, 'val_mae_target_0': 0.6444650292396545, 'val_r2_target_0': -48.511474609375, 'val_rmse_target_1': 0.9520954489707947, 'val_mae_target_1': 0.6769539713859558, 'val_r2_target_1': -10.344099998474121, 'val_rmse_target_2': 0.7632402777671814, 'val_mae_target_2': 0.6671338677406311, 'val_r2_target_2': -1.5019476413726807, 'val_rmse_target_3': 1.0502285957336426, 'val_mae_target_3': 0.7506131529808044, 'val_r2_target_3': -44.06964874267578}",COMPLETE
132,0.34590663402168836,2026-01-29 12:42:51.529040,2026-01-29 12:43:36.939742,0 days 00:00:45.410702,16,0.38951930906350163,0.00011362132784162955,2,mean,4,256,16,0.0033829173614044025,"{'val_rmse_mean': 0.9442890882492065, 'val_mae_mean': 0.6834853887557983, 'val_r2_mean': -21.749847412109375, 'val_rmse_target_0': 1.001240611076355, 'val_mae_target_0': 0.6341429352760315, 'val_r2_target_0': -32.00725555419922, 'val_rmse_target_1': 0.9350533485412598, 'val_mae_target_1': 0.6548961400985718, 'val_r2_target_1': -13.854500770568848, 'val_rmse_target_2': 0.7890434265136719, 'val_mae_target_2': 0.6892449855804443, 'val_r2_target_2': -3.0370397567749023, 'val_rmse_target_3': 1.0518187284469604, 'val_mae_target_3': 0.7556573152542114, 'val_r2_target_3': -38.1005859375}",COMPLETE
133,0.34695318230876215,2026-01-29 12:43:37.006486,2026-01-29 12:44:20.575430,0 days 00:00:43.568944,16,0.39406577855016844,0.00012099930708328229,2,mean,4,256,16,0.002864480619447519,"{'val_rmse_mean': 0.9432404637336731, 'val_mae_mean': 0.6872928738594055, 'val_r2_mean': -27.271652221679688, 'val_rmse_target_0': 1.0025712251663208, 'val_mae_target_0': 0.6400021314620972, 'val_r2_target_0': -57.05089569091797, 'val_rmse_target_1': 0.9593537449836731, 'val_mae_target_1': 0.6725536584854126, 'val_r2_target_1': -15.947624206542969, 'val_rmse_target_2': 0.7585132718086243, 'val_mae_target_2': 0.6678236722946167, 'val_r2_target_2': -1.8828835487365723, 'val_rmse_target_3': 1.0525236129760742, 'val_mae_target_3': 0.7687920331954956, 'val_r2_target_3': -34.205204010009766}",COMPLETE
134,0.35338186417464856,2026-01-29 12:44:20.641830,2026-01-29 12:45:04.318375,0 days 00:00:43.676545,16,0.39540773356555375,0.00011092003161220695,2,mean,4,256,16,0.003137795423610736,"{'val_rmse_mean': 0.9548957347869873, 'val_mae_mean': 0.6886162757873535, 'val_r2_mean': -25.74286460876465, 'val_rmse_target_0': 1.0250967741012573, 'val_mae_target_0': 0.6617253422737122, 'val_r2_target_0': -38.357444763183594, 'val_rmse_target_1': 0.9455254077911377, 'val_mae_target_1': 0.6576087474822998, 'val_r2_target_1': -16.7020263671875, 'val_rmse_target_2': 0.801258385181427, 'val_mae_target_2': 0.6926141381263733, 'val_r2_target_2': -2.637943983078003, 'val_rmse_target_3': 1.0477023124694824, 'val_mae_target_3': 0.7425169944763184, 'val_r2_target_3': -45.27403259277344}",COMPLETE
135,0.3540853851095394,2026-01-29 12:45:04.385940,2026-01-29 12:45:47.793683,0 days 00:00:43.407743,16,0.3671452842637503,0.00012080585749922937,2,mean,4,256,16,0.003426350610433218,"{'val_rmse_mean': 0.9558241367340088, 'val_mae_mean': 0.6909665465354919, 'val_r2_mean': -26.37897491455078, 'val_rmse_target_0': 1.0049395561218262, 'val_mae_target_0': 0.6359100937843323, 'val_r2_target_0': -55.360443115234375, 'val_rmse_target_1': 0.9738606810569763, 'val_mae_target_1': 0.6862407326698303, 'val_r2_target_1': -14.417642593383789, 'val_rmse_target_2': 0.7863168120384216, 'val_mae_target_2': 0.6727036237716675, 'val_r2_target_2': -1.8167691230773926, 'val_rmse_target_3': 1.058179259300232, 'val_mae_target_3': 0.7690116763114929, 'val_r2_target_3': -33.9210319519043}",COMPLETE
136,0.356415712998973,2026-01-29 12:45:47.860080,2026-01-29 12:46:34.051063,0 days 00:00:46.190983,16,0.3900049307920038,0.00011825884983935395,2,mean,4,256,16,0.002757530506835423,"{'val_rmse_mean': 0.9572595357894897, 'val_mae_mean': 0.6952821612358093, 'val_r2_mean': -25.784591674804688, 'val_rmse_target_0': 1.0289077758789062, 'val_mae_target_0': 0.6601273417472839, 'val_r2_target_0': -44.6688117980957, 'val_rmse_target_1': 0.95658278465271, 'val_mae_target_1': 0.666968822479248, 'val_r2_target_1': -15.92928695678711, 'val_rmse_target_2': 0.8049178123474121, 'val_mae_target_2': 0.7027460932731628, 'val_r2_target_2': -2.134260892868042, 'val_rmse_target_3': 1.0386297702789307, 'val_mae_target_3': 0.7512863278388977, 'val_r2_target_3': -40.40601348876953}",COMPLETE
137,0.357061563094181,2026-01-29 12:46:34.138537,2026-01-29 12:47:20.908094,0 days 00:00:46.769557,16,0.25289015109599466,9.644913629341258e-05,2,static,4,128,16,0.0020653171032033336,"{'val_rmse_mean': 0.9625403881072998, 'val_mae_mean': 0.6895266771316528, 'val_r2_mean': -43.944950103759766, 'val_rmse_target_0': 0.9985645413398743, 'val_mae_target_0': 0.6501367092132568, 'val_r2_target_0': -43.841270446777344, 'val_rmse_target_1': 0.9722936749458313, 'val_mae_target_1': 0.6540881395339966, 'val_r2_target_1': -45.689598083496094, 'val_rmse_target_2': 0.8723958730697632, 'val_mae_target_2': 0.7471516728401184, 'val_r2_target_2': -12.144436836242676, 'val_rmse_target_3': 1.00690758228302, 'val_mae_target_3': 0.7067301869392395, 'val_r2_target_3': -74.1044921875}",COMPLETE
138,0.363027717228289,2026-01-29 12:47:20.976238,2026-01-29 12:48:05.721856,0 days 00:00:44.745618,16,0.3783315552627574,0.00036617004089700673,2,mean,4,256,16,0.0029044911038923933,"{'val_rmse_mean': 0.9497682452201843, 'val_mae_mean': 0.7063753008842468, 'val_r2_mean': -9.199358940124512, 'val_rmse_target_0': 1.0159190893173218, 'val_mae_target_0': 0.6730610132217407, 'val_r2_target_0': -9.292678833007812, 'val_rmse_target_1': 0.9903112649917603, 'val_mae_target_1': 0.7500734925270081, 'val_r2_target_1': -3.6150527000427246, 'val_rmse_target_2': 0.7310492396354675, 'val_mae_target_2': 0.6202691197395325, 'val_r2_target_2': -0.27261102199554443, 'val_rmse_target_3': 1.061793327331543, 'val_mae_target_3': 0.7820975184440613, 'val_r2_target_3': -23.617090225219727}",COMPLETE
139,0.35079480514482214,2026-01-29 12:48:05.789329,2026-01-29 12:48:50.621627,0 days 00:00:44.832298,16,0.3056905666988474,0.00010663949173140332,2,mean,8,256,16,0.0036224541738616688,"{'val_rmse_mean': 0.9495943784713745, 'val_mae_mean': 0.6910021901130676, 'val_r2_mean': -28.84033966064453, 'val_rmse_target_0': 1.0081955194473267, 'val_mae_target_0': 0.6447359919548035, 'val_r2_target_0': -35.041786193847656, 'val_rmse_target_1': 0.9747233986854553, 'val_mae_target_1': 0.7037487626075745, 'val_r2_target_1': -16.314512252807617, 'val_rmse_target_2': 0.7965689301490784, 'val_mae_target_2': 0.6963874101638794, 'val_r2_target_2': -3.2653112411499023, 'val_rmse_target_3': 1.0188897848129272, 'val_mae_target_3': 0.7191364765167236, 'val_r2_target_3': -60.73976135253906}",COMPLETE
140,0.3490001015641071,2026-01-29 12:48:50.688541,2026-01-29 12:49:34.021880,0 days 00:00:43.333339,16,0.3963554581524539,0.00011248858584987662,2,mean,4,256,16,0.003069349825878447,"{'val_rmse_mean': 0.9491417407989502, 'val_mae_mean': 0.6840718984603882, 'val_r2_mean': -29.04349708557129, 'val_rmse_target_0': 1.0090644359588623, 'val_mae_target_0': 0.6507075428962708, 'val_r2_target_0': -38.016231536865234, 'val_rmse_target_1': 0.9568993449211121, 'val_mae_target_1': 0.6604862213134766, 'val_r2_target_1': -15.555456161499023, 'val_rmse_target_2': 0.7833350896835327, 'val_mae_target_2': 0.6837212443351746, 'val_r2_target_2': -2.6457138061523438, 'val_rmse_target_3': 1.0472679138183594, 'val_mae_target_3': 0.7413726449012756, 'val_r2_target_3': -59.95658874511719}",COMPLETE
141,0.3517793981289422,2026-01-29 12:49:34.089814,2026-01-29 12:50:18.749312,0 days 00:00:44.659498,16,0.3849206900525883,0.0001268368772887915,2,mean,4,256,16,0.003342460589348029,"{'val_rmse_mean': 0.948053240776062, 'val_mae_mean': 0.6953232288360596, 'val_r2_mean': -19.312379837036133, 'val_rmse_target_0': 1.0185012817382812, 'val_mae_target_0': 0.6586180329322815, 'val_r2_target_0': -22.663623809814453, 'val_rmse_target_1': 0.9783376455307007, 'val_mae_target_1': 0.7051958441734314, 'val_r2_target_1': -8.06315803527832, 'val_rmse_target_2': 0.7626393437385559, 'val_mae_target_2': 0.6736431121826172, 'val_r2_target_2': -2.1181228160858154, 'val_rmse_target_3': 1.032734751701355, 'val_mae_target_3': 0.7438358068466187, 'val_r2_target_3': -44.404605865478516}",COMPLETE
142,0.352635234180424,2026-01-29 12:50:18.817296,2026-01-29 12:51:04.059647,0 days 00:00:45.242351,16,0.374831128845332,0.00010023683851425358,2,mean,4,256,16,0.0018994402754998168,"{'val_rmse_mean': 0.9579832553863525, 'val_mae_mean': 0.692076563835144, 'val_r2_mean': -28.282075881958008, 'val_rmse_target_0': 1.0114200115203857, 'val_mae_target_0': 0.6391276121139526, 'val_r2_target_0': -46.19627380371094, 'val_rmse_target_1': 0.9833868145942688, 'val_mae_target_1': 0.6854135990142822, 'val_r2_target_1': -17.255531311035156, 'val_rmse_target_2': 0.7937089204788208, 'val_mae_target_2': 0.6945258975028992, 'val_r2_target_2': -2.9300384521484375, 'val_rmse_target_3': 1.0434173345565796, 'val_mae_target_3': 0.7492392063140869, 'val_r2_target_3': -46.74645233154297}",COMPLETE
143,0.3516538259745748,2026-01-29 12:51:04.126531,2026-01-29 12:51:49.096470,0 days 00:00:44.969939,16,0.38766820442725664,0.00014471490550412255,2,mean,4,256,16,0.0025948359266756726,"{'val_rmse_mean': 0.9466307759284973, 'val_mae_mean': 0.6935259699821472, 'val_r2_mean': -20.726226806640625, 'val_rmse_target_0': 1.0261588096618652, 'val_mae_target_0': 0.6516319513320923, 'val_r2_target_0': -37.15965270996094, 'val_rmse_target_1': 0.9443091154098511, 'val_mae_target_1': 0.678984522819519, 'val_r2_target_1': -10.28016471862793, 'val_rmse_target_2': 0.774065375328064, 'val_mae_target_2': 0.6871150135993958, 'val_r2_target_2': -1.5014183521270752, 'val_rmse_target_3': 1.041989803314209, 'val_mae_target_3': 0.7563725113868713, 'val_r2_target_3': -33.96366882324219}",COMPLETE
144,0.3550438936109896,2026-01-29 12:51:49.163819,2026-01-29 12:52:34.873580,0 days 00:00:45.709761,16,0.36345544080574715,0.00014933236277923418,2,mean,4,256,16,0.0023423661349767106,"{'val_rmse_mean': 0.9539207220077515, 'val_mae_mean': 0.7007049322128296, 'val_r2_mean': -17.47587776184082, 'val_rmse_target_0': 1.012619972229004, 'val_mae_target_0': 0.6558129787445068, 'val_r2_target_0': -25.117591857910156, 'val_rmse_target_1': 0.9877376556396484, 'val_mae_target_1': 0.7219037413597107, 'val_r2_target_1': -8.526667594909668, 'val_rmse_target_2': 0.7526456713676453, 'val_mae_target_2': 0.6490585803985596, 'val_r2_target_2': -0.9886561632156372, 'val_rmse_target_3': 1.0626795291900635, 'val_mae_target_3': 0.7760443687438965, 'val_r2_target_3': -35.270591735839844}",COMPLETE
145,0.3462773582173718,2026-01-29 12:52:34.942645,2026-01-29 12:53:19.596486,0 days 00:00:44.653841,16,0.3827856116355304,0.00013244156223612556,2,mean,4,256,16,0.0021558828619069317,"{'val_rmse_mean': 0.9414644241333008, 'val_mae_mean': 0.6852384805679321, 'val_r2_mean': -24.518753051757812, 'val_rmse_target_0': 1.004417896270752, 'val_mae_target_0': 0.644997775554657, 'val_r2_target_0': -38.304832458496094, 'val_rmse_target_1': 0.9489235281944275, 'val_mae_target_1': 0.6824791431427002, 'val_r2_target_1': -9.8764009475708, 'val_rmse_target_2': 0.7709789872169495, 'val_mae_target_2': 0.6664445400238037, 'val_r2_target_2': -1.5205390453338623, 'val_rmse_target_3': 1.0415374040603638, 'val_mae_target_3': 0.7470322847366333, 'val_r2_target_3': -48.37324523925781}",COMPLETE
146,0.35226819374495083,2026-01-29 12:53:19.663732,2026-01-29 12:54:05.538338,0 days 00:00:45.874606,16,0.3714804470987969,0.00013400901365263201,2,mean,16,256,16,0.002517515914160344,"{'val_rmse_mean': 0.9529880881309509, 'val_mae_mean': 0.6911630034446716, 'val_r2_mean': -34.89463806152344, 'val_rmse_target_0': 1.0051395893096924, 'val_mae_target_0': 0.6309994459152222, 'val_r2_target_0': -51.87488555908203, 'val_rmse_target_1': 0.9710814952850342, 'val_mae_target_1': 0.6969509720802307, 'val_r2_target_1': -17.77518081665039, 'val_rmse_target_2': 0.811737596988678, 'val_mae_target_2': 0.7033721804618835, 'val_r2_target_2': -3.248697280883789, 'val_rmse_target_3': 1.023993730545044, 'val_mae_target_3': 0.7333292961120605, 'val_r2_target_3': -66.67979431152344}",COMPLETE
147,0.3549554593585156,2026-01-29 12:54:05.605539,2026-01-29 12:54:51.053844,0 days 00:00:45.448305,16,0.348685931204166,0.00011512375832099628,2,static,4,256,16,0.002199430243407901,"{'val_rmse_mean': 0.9581682682037354, 'val_mae_mean': 0.695418119430542, 'val_r2_mean': -25.319276809692383, 'val_rmse_target_0': 1.0165607929229736, 'val_mae_target_0': 0.6412935853004456, 'val_r2_target_0': -43.69353103637695, 'val_rmse_target_1': 0.9732179045677185, 'val_mae_target_1': 0.690360963344574, 'val_r2_target_1': -16.214187622070312, 'val_rmse_target_2': 0.7818560004234314, 'val_mae_target_2': 0.6868956685066223, 'val_r2_target_2': -2.23290753364563, 'val_rmse_target_3': 1.0610381364822388, 'val_mae_target_3': 0.7631222605705261, 'val_r2_target_3': -39.136478424072266}",COMPLETE
148,0.35573352300734434,2026-01-29 12:54:51.120519,2026-01-29 12:55:40.644005,0 days 00:00:49.523486,16,0.3931311778510273,0.00012515315103068747,2,gated,8,256,16,0.003910853750381608,"{'val_rmse_mean': 0.9559171795845032, 'val_mae_mean': 0.695927083492279, 'val_r2_mean': -32.119873046875, 'val_rmse_target_0': 1.0044634342193604, 'val_mae_target_0': 0.6398451924324036, 'val_r2_target_0': -58.15996170043945, 'val_rmse_target_1': 0.9510939121246338, 'val_mae_target_1': 0.6658769249916077, 'val_r2_target_1': -19.645416259765625, 'val_rmse_target_2': 0.8276420831680298, 'val_mae_target_2': 0.7415909171104431, 'val_r2_target_2': -3.7881765365600586, 'val_rmse_target_3': 1.0404694080352783, 'val_mae_target_3': 0.7363953590393066, 'val_r2_target_3': -46.88593673706055}",COMPLETE
149,0.3604725418543374,2026-01-29 12:55:40.710913,2026-01-29 12:56:24.786874,0 days 00:00:44.075961,16,0.38007338654187967,0.00013747937973793633,2,mean,4,128,16,0.002136091527842396,"{'val_rmse_mean': 0.9655261635780334, 'val_mae_mean': 0.7024967670440674, 'val_r2_mean': -34.37548065185547, 'val_rmse_target_0': 0.9998053908348083, 'val_mae_target_0': 0.6409198641777039, 'val_r2_target_0': -52.394962310791016, 'val_rmse_target_1': 0.9861174821853638, 'val_mae_target_1': 0.6904996037483215, 'val_r2_target_1': -25.671714782714844, 'val_rmse_target_2': 0.8381779789924622, 'val_mae_target_2': 0.731935441493988, 'val_r2_target_2': -6.578857898712158, 'val_rmse_target_3': 1.038003921508789, 'val_mae_target_3': 0.7466320395469666, 'val_r2_target_3': -52.856380462646484}",COMPLETE
150,0.3560701598999677,2026-01-29 12:56:24.853797,2026-01-29 12:57:09.746345,0 days 00:00:44.892548,16,0.3601000800014836,0.00015314021378857754,2,mean,4,256,16,0.0019762228318409283,"{'val_rmse_mean': 0.9508718252182007, 'val_mae_mean': 0.6998463273048401, 'val_r2_mean': -17.759675979614258, 'val_rmse_target_0': 1.0332322120666504, 'val_mae_target_0': 0.6731534600257874, 'val_r2_target_0': -19.86972999572754, 'val_rmse_target_1': 0.9627493023872375, 'val_mae_target_1': 0.7012803554534912, 'val_r2_target_1': -7.690288543701172, 'val_rmse_target_2': 0.7693705558776855, 'val_mae_target_2': 0.6762924194335938, 'val_r2_target_2': -1.127427101135254, 'val_rmse_target_3': 1.0381354093551636, 'val_mae_target_3': 0.7486591339111328, 'val_r2_target_3': -42.35124969482422}",COMPLETE
151,0.3486804763476054,2026-01-29 12:57:09.817419,2026-01-29 12:57:56.083333,0 days 00:00:46.265914,16,0.3835231278493128,0.00013053648298695517,2,mean,4,256,16,0.0015792952043434659,"{'val_rmse_mean': 0.9452383518218994, 'val_mae_mean': 0.6890838146209717, 'val_r2_mean': -21.38296127319336, 'val_rmse_target_0': 1.001876711845398, 'val_mae_target_0': 0.6509396433830261, 'val_r2_target_0': -27.4639835357666, 'val_rmse_target_1': 0.9607413411140442, 'val_mae_target_1': 0.6775335669517517, 'val_r2_target_1': -12.415387153625488, 'val_rmse_target_2': 0.7695252299308777, 'val_mae_target_2': 0.6719850897789001, 'val_r2_target_2': -1.92197585105896, 'val_rmse_target_3': 1.0488100051879883, 'val_mae_target_3': 0.7558770775794983, 'val_r2_target_3': -43.7304801940918}",COMPLETE
152,0.3474069099735331,2026-01-29 12:57:56.149776,2026-01-29 12:58:43.030856,0 days 00:00:46.881080,16,0.3997776570243307,0.00020654491161329445,2,mean,4,256,16,0.0018232523617197933,"{'val_rmse_mean': 0.9399182796478271, 'val_mae_mean': 0.6912329792976379, 'val_r2_mean': -16.723278045654297, 'val_rmse_target_0': 1.0238374471664429, 'val_mae_target_0': 0.6727259755134583, 'val_r2_target_0': -21.19078254699707, 'val_rmse_target_1': 0.9691053628921509, 'val_mae_target_1': 0.6974579095840454, 'val_r2_target_1': -8.144621849060059, 'val_rmse_target_2': 0.731049120426178, 'val_mae_target_2': 0.6429463624954224, 'val_r2_target_2': -0.5976030826568604, 'val_rmse_target_3': 1.0356813669204712, 'val_mae_target_3': 0.7518017292022705, 'val_r2_target_3': -36.960105895996094}",COMPLETE
153,0.3525530684877325,2026-01-29 12:58:43.098596,2026-01-29 12:59:30.065270,0 days 00:00:46.966674,16,0.3976085055932525,0.00011619799098936324,2,mean,4,256,16,0.0018371682669767703,"{'val_rmse_mean': 0.953308641910553, 'val_mae_mean': 0.6908583641052246, 'val_r2_mean': -25.805654525756836, 'val_rmse_target_0': 1.0221400260925293, 'val_mae_target_0': 0.6546196341514587, 'val_r2_target_0': -41.10948181152344, 'val_rmse_target_1': 0.9723941683769226, 'val_mae_target_1': 0.6829802393913269, 'val_r2_target_1': -14.501487731933594, 'val_rmse_target_2': 0.7778571844100952, 'val_mae_target_2': 0.670225203037262, 'val_r2_target_2': -2.0415232181549072, 'val_rmse_target_3': 1.0408432483673096, 'val_mae_target_3': 0.7556082606315613, 'val_r2_target_3': -45.57011795043945}",COMPLETE
154,0.35063519784145886,2026-01-29 12:59:30.132506,2026-01-29 13:00:17.456913,0 days 00:00:47.324407,16,0.39046874133898024,0.00014205252334241431,2,mean,4,256,16,0.0016756655184500212,"{'val_rmse_mean': 0.9496316909790039, 'val_mae_mean': 0.6965513229370117, 'val_r2_mean': -19.843748092651367, 'val_rmse_target_0': 1.0083949565887451, 'val_mae_target_0': 0.659243643283844, 'val_r2_target_0': -27.200178146362305, 'val_rmse_target_1': 0.974696695804596, 'val_mae_target_1': 0.696170449256897, 'val_r2_target_1': -12.810555458068848, 'val_rmse_target_2': 0.7702293992042542, 'val_mae_target_2': 0.6750157475471497, 'val_r2_target_2': -1.6163270473480225, 'val_rmse_target_3': 1.0452059507369995, 'val_mae_target_3': 0.755775511264801, 'val_r2_target_3': -37.74793243408203}",COMPLETE
155,0.3555171168236821,2026-01-29 13:00:17.527070,2026-01-29 13:01:02.272972,0 days 00:00:44.745902,16,0.37668600231633,0.00026065468004582204,2,mean,4,256,16,0.0019641478873021223,"{'val_rmse_mean': 0.9447824954986572, 'val_mae_mean': 0.6961314678192139, 'val_r2_mean': -13.711241722106934, 'val_rmse_target_0': 1.0028562545776367, 'val_mae_target_0': 0.6432828307151794, 'val_r2_target_0': -26.983966827392578, 'val_rmse_target_1': 0.9653260707855225, 'val_mae_target_1': 0.7093472480773926, 'val_r2_target_1': -5.618385314941406, 'val_rmse_target_2': 0.7429031729698181, 'val_mae_target_2': 0.6426299214363098, 'val_r2_target_2': -0.3318812847137451, 'val_rmse_target_3': 1.0680445432662964, 'val_mae_target_3': 0.7892658114433289, 'val_r2_target_3': -21.91073226928711}",COMPLETE
156,0.3498766858268667,2026-01-29 13:01:02.340516,2026-01-29 13:01:49.994786,0 days 00:00:47.654270,16,0.3996140161107165,0.00020710834275919154,2,mean,4,256,16,0.0017385282696009963,"{'val_rmse_mean': 0.9428043365478516, 'val_mae_mean': 0.6914958953857422, 'val_r2_mean': -16.219867706298828, 'val_rmse_target_0': 1.0116281509399414, 'val_mae_target_0': 0.6488797068595886, 'val_r2_target_0': -25.269155502319336, 'val_rmse_target_1': 0.9645761251449585, 'val_mae_target_1': 0.7004774808883667, 'val_r2_target_1': -8.35202693939209, 'val_rmse_target_2': 0.742448627948761, 'val_mae_target_2': 0.6459168195724487, 'val_r2_target_2': -0.6259382963180542, 'val_rmse_target_3': 1.0525645017623901, 'val_mae_target_3': 0.7707095742225647, 'val_r2_target_3': -30.632352828979492}",COMPLETE
157,0.375615652512621,2026-01-29 13:01:50.061961,2026-01-29 13:02:36.326395,0 days 00:00:46.264434,16,0.36869320415522,0.0001244622470451012,2,mean,8,32,16,0.0048668010122566,"{'val_rmse_mean': 0.990592360496521, 'val_mae_mean': 0.7167227864265442, 'val_r2_mean': -62.20732879638672, 'val_rmse_target_0': 1.036807656288147, 'val_mae_target_0': 0.6845637559890747, 'val_r2_target_0': -66.02442169189453, 'val_rmse_target_1': 0.9726627469062805, 'val_mae_target_1': 0.6740267276763916, 'val_r2_target_1': -74.77267456054688, 'val_rmse_target_2': 0.9398491978645325, 'val_mae_target_2': 0.7873814105987549, 'val_r2_target_2': -34.80455780029297, 'val_rmse_target_3': 1.0130497217178345, 'val_mae_target_3': 0.7209194302558899, 'val_r2_target_3': -73.22766876220703}",COMPLETE
158,0.3518983536848315,2026-01-29 13:02:36.396385,2026-01-29 13:03:20.863400,0 days 00:00:44.467015,16,0.3146681659049281,0.00015849420413205354,2,static,4,256,16,0.002302492196389265,"{'val_rmse_mean': 0.9470646381378174, 'val_mae_mean': 0.6946292519569397, 'val_r2_mean': -15.883005142211914, 'val_rmse_target_0': 1.0260604619979858, 'val_mae_target_0': 0.6634183526039124, 'val_r2_target_0': -22.80472183227539, 'val_rmse_target_1': 0.9483590126037598, 'val_mae_target_1': 0.6798224449157715, 'val_r2_target_1': -6.53016996383667, 'val_rmse_target_2': 0.7598617076873779, 'val_mae_target_2': 0.6636245846748352, 'val_r2_target_2': -0.9565805196762085, 'val_rmse_target_3': 1.0539774894714355, 'val_mae_target_3': 0.7716518044471741, 'val_r2_target_3': -33.24054718017578}",COMPLETE
159,0.35010383926607946,2026-01-29 13:03:20.929797,2026-01-29 13:04:02.807581,0 days 00:00:41.877784,16,0.23533989706887914,0.00028516573819121365,2,mean,16,64,16,0.0015144073843364793,"{'val_rmse_mean': 0.9465464353561401, 'val_mae_mean': 0.6861322522163391, 'val_r2_mean': -31.06055450439453, 'val_rmse_target_0': 0.95613694190979, 'val_mae_target_0': 0.6043773889541626, 'val_r2_target_0': -34.00275802612305, 'val_rmse_target_1': 0.9880181550979614, 'val_mae_target_1': 0.6947941780090332, 'val_r2_target_1': -20.850629806518555, 'val_rmse_target_2': 0.8225834369659424, 'val_mae_target_2': 0.7286681532859802, 'val_r2_target_2': -3.1044507026672363, 'val_rmse_target_3': 1.0194473266601562, 'val_mae_target_3': 0.71668940782547, 'val_r2_target_3': -66.28437805175781}",COMPLETE
160,0.3583130935827891,2026-01-29 13:04:02.875262,2026-01-29 13:04:47.975277,0 days 00:00:45.100015,16,0.38855220227465453,0.00010861604372881483,2,mean,4,256,16,0.0016156168068983305,"{'val_rmse_mean': 0.962142825126648, 'val_mae_mean': 0.6949148774147034, 'val_r2_mean': -24.498090744018555, 'val_rmse_target_0': 1.0406414270401, 'val_mae_target_0': 0.6689480543136597, 'val_r2_target_0': -35.57173156738281, 'val_rmse_target_1': 0.963919997215271, 'val_mae_target_1': 0.679290235042572, 'val_r2_target_1': -14.270246505737305, 'val_rmse_target_2': 0.7835709452629089, 'val_mae_target_2': 0.6768760681152344, 'val_r2_target_2': -2.6830923557281494, 'val_rmse_target_3': 1.060438871383667, 'val_mae_target_3': 0.7545451521873474, 'val_r2_target_3': -45.46728515625}",COMPLETE
161,0.3524162454737557,2026-01-29 13:04:48.041928,2026-01-29 13:05:33.892736,0 days 00:00:45.850808,16,0.3831807308968091,0.00019999216605361448,2,mean,4,256,16,0.0014023470071225794,"{'val_rmse_mean': 0.9455094337463379, 'val_mae_mean': 0.6912940740585327, 'val_r2_mean': -13.742603302001953, 'val_rmse_target_0': 1.0263690948486328, 'val_mae_target_0': 0.6653040647506714, 'val_r2_target_0': -17.29364585876465, 'val_rmse_target_1': 0.9757699966430664, 'val_mae_target_1': 0.711230993270874, 'val_r2_target_1': -6.046779155731201, 'val_rmse_target_2': 0.7346771955490112, 'val_mae_target_2': 0.6320483684539795, 'val_r2_target_2': -0.5765236616134644, 'val_rmse_target_3': 1.0452213287353516, 'val_mae_target_3': 0.7565926909446716, 'val_r2_target_3': -31.05345916748047}",COMPLETE
162,0.3531676826101762,2026-01-29 13:05:33.960063,2026-01-29 13:06:17.302811,0 days 00:00:43.342748,16,0.3924736854851889,0.00021255062949767948,2,mean,4,256,16,0.0018199806777018752,"{'val_rmse_mean': 0.9447076916694641, 'val_mae_mean': 0.6925148963928223, 'val_r2_mean': -12.932621955871582, 'val_rmse_target_0': 1.0125186443328857, 'val_mae_target_0': 0.6548898220062256, 'val_r2_target_0': -17.28304672241211, 'val_rmse_target_1': 0.9620814323425293, 'val_mae_target_1': 0.6901512742042542, 'val_r2_target_1': -5.805392742156982, 'val_rmse_target_2': 0.7270678877830505, 'val_mae_target_2': 0.6337054371833801, 'val_r2_target_2': -0.3993253707885742, 'val_rmse_target_3': 1.077162742614746, 'val_mae_target_3': 0.7913132309913635, 'val_r2_target_3': -28.242719650268555}",COMPLETE
163,0.3500046770053881,2026-01-29 13:06:17.370241,2026-01-29 13:07:01.723780,0 days 00:00:44.353539,16,0.3857035255935715,0.00017250827199031486,2,mean,4,256,16,0.003563827610297758,"{'val_rmse_mean': 0.9487632513046265, 'val_mae_mean': 0.6877741813659668, 'val_r2_mean': -18.813982009887695, 'val_rmse_target_0': 1.02188241481781, 'val_mae_target_0': 0.6474353075027466, 'val_r2_target_0': -28.034021377563477, 'val_rmse_target_1': 0.973892092704773, 'val_mae_target_1': 0.6904610991477966, 'val_r2_target_1': -8.474645614624023, 'val_rmse_target_2': 0.7481591105461121, 'val_mae_target_2': 0.6451981067657471, 'val_r2_target_2': -0.7765878438949585, 'val_rmse_target_3': 1.0511194467544556, 'val_mae_target_3': 0.7680023312568665, 'val_r2_target_3': -37.970672607421875}",COMPLETE
164,0.35406632459274046,2026-01-29 13:07:01.802550,2026-01-29 13:07:46.555712,0 days 00:00:44.753162,16,0.3767461979858863,0.00019481720235338902,2,mean,4,256,16,0.003821459738287705,"{'val_rmse_mean': 0.9498519897460938, 'val_mae_mean': 0.6990614533424377, 'val_r2_mean': -14.236825942993164, 'val_rmse_target_0': 1.0150679349899292, 'val_mae_target_0': 0.6588258147239685, 'val_r2_target_0': -20.3051700592041, 'val_rmse_target_1': 0.9729822874069214, 'val_mae_target_1': 0.7029337882995605, 'val_r2_target_1': -8.01878547668457, 'val_rmse_target_2': 0.7529959678649902, 'val_mae_target_2': 0.6610848903656006, 'val_r2_target_2': -0.7103277444839478, 'val_rmse_target_3': 1.0583617687225342, 'val_mae_target_3': 0.7734012603759766, 'val_r2_target_3': -27.91301918029785}",COMPLETE
165,0.35352886675132644,2026-01-29 13:07:46.627265,2026-01-29 13:08:37.948094,0 days 00:00:51.320829,16,0.36877418270306506,0.00018542189840641657,2,gated,4,256,16,0.004183784163999172,"{'val_rmse_mean': 0.9516620635986328, 'val_mae_mean': 0.6956721544265747, 'val_r2_mean': -15.542558670043945, 'val_rmse_target_0': 1.0364123582839966, 'val_mae_target_0': 0.676645040512085, 'val_r2_target_0': -19.5004940032959, 'val_rmse_target_1': 0.968515157699585, 'val_mae_target_1': 0.6972560286521912, 'val_r2_target_1': -8.84521484375, 'val_rmse_target_2': 0.7590968608856201, 'val_mae_target_2': 0.6491605043411255, 'val_r2_target_2': -0.83223557472229, 'val_rmse_target_3': 1.0426238775253296, 'val_mae_target_3': 0.7596268057823181, 'val_r2_target_3': -32.992286682128906}",COMPLETE
166,0.35305444178757844,2026-01-29 13:08:38.022490,2026-01-29 13:09:24.546268,0 days 00:00:46.523778,16,0.39443563608375426,0.0001531205284463053,2,mean,8,256,16,0.0014458982958554915,"{'val_rmse_mean': 0.9508130550384521, 'val_mae_mean': 0.6920855641365051, 'val_r2_mean': -23.0871524810791, 'val_rmse_target_0': 0.9969784021377563, 'val_mae_target_0': 0.6380324959754944, 'val_r2_target_0': -40.52922439575195, 'val_rmse_target_1': 0.986556887626648, 'val_mae_target_1': 0.7073273062705994, 'val_r2_target_1': -13.521942138671875, 'val_rmse_target_2': 0.7715526819229126, 'val_mae_target_2': 0.670838475227356, 'val_r2_target_2': -2.050673007965088, 'val_rmse_target_3': 1.0481644868850708, 'val_mae_target_3': 0.7521440982818604, 'val_r2_target_3': -36.246761322021484}",COMPLETE
167,0.3514368665163164,2026-01-29 13:09:24.616050,2026-01-29 13:10:11.084197,0 days 00:00:46.468147,16,0.29781702211289224,0.00022277788047443095,2,mean,4,256,16,0.0020821712746137934,"{'val_rmse_mean': 0.9407638311386108, 'val_mae_mean': 0.6928310394287109, 'val_r2_mean': -12.969928741455078, 'val_rmse_target_0': 1.00413179397583, 'val_mae_target_0': 0.6520985960960388, 'val_r2_target_0': -19.96868133544922, 'val_rmse_target_1': 0.952835202217102, 'val_mae_target_1': 0.6947062015533447, 'val_r2_target_1': -6.416788578033447, 'val_rmse_target_2': 0.7383630871772766, 'val_mae_target_2': 0.6349285244941711, 'val_r2_target_2': -0.4492487907409668, 'val_rmse_target_3': 1.0677251815795898, 'val_mae_target_3': 0.7895907759666443, 'val_r2_target_3': -25.04498863220215}",COMPLETE
168,0.3584384415988569,2026-01-29 13:10:11.154964,2026-01-29 13:10:58.582952,0 days 00:00:47.427988,16,0.3815084748512242,0.0001643742771798944,2,static,4,128,16,0.0031952645866502524,"{'val_rmse_mean': 0.9674843549728394, 'val_mae_mean': 0.6930533647537231, 'val_r2_mean': -47.11549377441406, 'val_rmse_target_0': 1.0186538696289062, 'val_mae_target_0': 0.6395471096038818, 'val_r2_target_0': -84.12483978271484, 'val_rmse_target_1': 0.9806585311889648, 'val_mae_target_1': 0.6726842522621155, 'val_r2_target_1': -28.903366088867188, 'val_rmse_target_2': 0.8176082372665405, 'val_mae_target_2': 0.7115223407745361, 'val_r2_target_2': -5.248713970184326, 'val_rmse_target_3': 1.0530165433883667, 'val_mae_target_3': 0.7484599351882935, 'val_r2_target_3': -70.18504333496094}",COMPLETE
169,0.34639311250713134,2026-01-29 13:10:58.656270,2026-01-29 13:11:44.904704,0 days 00:00:46.248434,16,0.38862744540853417,0.00013436487021099781,2,mean,4,256,16,0.001527599292144538,"{'val_rmse_mean': 0.9419125318527222, 'val_mae_mean': 0.6866164207458496, 'val_r2_mean': -21.811614990234375, 'val_rmse_target_0': 1.0182844400405884, 'val_mae_target_0': 0.6569942235946655, 'val_r2_target_0': -34.487728118896484, 'val_rmse_target_1': 0.935160219669342, 'val_mae_target_1': 0.6544808149337769, 'val_r2_target_1': -14.815787315368652, 'val_rmse_target_2': 0.7569292187690735, 'val_mae_target_2': 0.6612011790275574, 'val_r2_target_2': -1.980210781097412, 'val_rmse_target_3': 1.0572763681411743, 'val_mae_target_3': 0.7737893462181091, 'val_r2_target_3': -35.96274185180664}",COMPLETE
170,0.3522250573668215,2026-01-29 13:11:44.976064,2026-01-29 13:12:30.785780,0 days 00:00:45.809716,16,0.3735565852067798,0.00013401311515445552,2,mean,8,256,16,0.001536885924191545,"{'val_rmse_mean': 0.9503123164176941, 'val_mae_mean': 0.6952188014984131, 'val_r2_mean': -23.65907096862793, 'val_rmse_target_0': 1.0159907341003418, 'val_mae_target_0': 0.6575407981872559, 'val_r2_target_0': -33.92687225341797, 'val_rmse_target_1': 0.9512226581573486, 'val_mae_target_1': 0.6971743106842041, 'val_r2_target_1': -12.018375396728516, 'val_rmse_target_2': 0.7823152542114258, 'val_mae_target_2': 0.6748420596122742, 'val_r2_target_2': -2.714343547821045, 'val_rmse_target_3': 1.0517206192016602, 'val_mae_target_3': 0.7513180375099182, 'val_r2_target_3': -45.97667694091797}",COMPLETE
171,0.34445268384836336,2026-01-29 13:12:30.863702,2026-01-29 13:13:16.827356,0 days 00:00:45.963654,16,0.3876549606901255,0.00014503825990608567,2,mean,4,256,16,0.0016816786243675126,"{'val_rmse_mean': 0.9362753033638, 'val_mae_mean': 0.6847198009490967, 'val_r2_mean': -20.002532958984375, 'val_rmse_target_0': 0.9888244271278381, 'val_mae_target_0': 0.6329429149627686, 'val_r2_target_0': -32.450557708740234, 'val_rmse_target_1': 0.9672268629074097, 'val_mae_target_1': 0.6840141415596008, 'val_r2_target_1': -11.453415870666504, 'val_rmse_target_2': 0.7482131719589233, 'val_mae_target_2': 0.6638195514678955, 'val_r2_target_2': -1.274691104888916, 'val_rmse_target_3': 1.0408365726470947, 'val_mae_target_3': 0.7581027746200562, 'val_r2_target_3': -34.83146667480469}",COMPLETE
172,0.35611973247594303,2026-01-29 13:13:16.901550,2026-01-29 13:14:02.924712,0 days 00:00:46.023162,16,0.3884479890976978,0.00014557781543458992,2,mean,4,256,16,0.0016928831114960876,"{'val_rmse_mean': 0.9555049538612366, 'val_mae_mean': 0.6992838382720947, 'val_r2_mean': -21.21957015991211, 'val_rmse_target_0': 1.0128352642059326, 'val_mae_target_0': 0.6532981991767883, 'val_r2_target_0': -38.791500091552734, 'val_rmse_target_1': 0.9747046828269958, 'val_mae_target_1': 0.6951294541358948, 'val_r2_target_1': -13.194987297058105, 'val_rmse_target_2': 0.7805108428001404, 'val_mae_target_2': 0.6762742400169373, 'val_r2_target_2': -1.6202304363250732, 'val_rmse_target_3': 1.053968906402588, 'val_mae_target_3': 0.7724334597587585, 'val_r2_target_3': -31.271556854248047}",COMPLETE
173,0.34608952783875996,2026-01-29 13:14:02.996194,2026-01-29 13:14:50.819441,0 days 00:00:47.823247,16,0.26441061315889247,0.00013989266750789054,2,mean,4,256,16,0.0016068217204756627,"{'val_rmse_mean': 0.940151035785675, 'val_mae_mean': 0.6857353448867798, 'val_r2_mean': -17.732044219970703, 'val_rmse_target_0': 1.0217852592468262, 'val_mae_target_0': 0.6552391052246094, 'val_r2_target_0': -23.185626983642578, 'val_rmse_target_1': 0.9382383227348328, 'val_mae_target_1': 0.6774670481681824, 'val_r2_target_1': -9.058944702148438, 'val_rmse_target_2': 0.752923846244812, 'val_mae_target_2': 0.6553534865379333, 'val_r2_target_2': -1.2305071353912354, 'val_rmse_target_3': 1.047656774520874, 'val_mae_target_3': 0.7548815608024597, 'val_r2_target_3': -37.45309829711914}",COMPLETE
174,0.3517977206243409,2026-01-29 13:14:50.890626,2026-01-29 13:15:37.197066,0 days 00:00:46.306440,16,0.26733127465752954,0.00013046891393741922,2,mean,4,256,16,0.0016157283660485574,"{'val_rmse_mean': 0.9499890804290771, 'val_mae_mean': 0.6887049078941345, 'val_r2_mean': -21.545486450195312, 'val_rmse_target_0': 1.0098628997802734, 'val_mae_target_0': 0.642754316329956, 'val_r2_target_0': -26.58794593811035, 'val_rmse_target_1': 0.9788375496864319, 'val_mae_target_1': 0.6848824620246887, 'val_r2_target_1': -15.40080451965332, 'val_rmse_target_2': 0.7686187624931335, 'val_mae_target_2': 0.6678627133369446, 'val_r2_target_2': -1.4238688945770264, 'val_rmse_target_3': 1.0426372289657593, 'val_mae_target_3': 0.7593201994895935, 'val_r2_target_3': -42.76932907104492}",COMPLETE
175,0.35070958264448027,2026-01-29 13:15:37.268373,2026-01-29 13:16:23.524069,0 days 00:00:46.255696,16,0.2848370039985892,0.00013991992602632546,2,mean,4,256,16,0.0015415804426713974,"{'val_rmse_mean': 0.9449092745780945, 'val_mae_mean': 0.6952735185623169, 'val_r2_mean': -19.883190155029297, 'val_rmse_target_0': 1.0132098197937012, 'val_mae_target_0': 0.6530100703239441, 'val_r2_target_0': -31.62954330444336, 'val_rmse_target_1': 0.9657537341117859, 'val_mae_target_1': 0.6986614465713501, 'val_r2_target_1': -8.945490837097168, 'val_rmse_target_2': 0.7526949048042297, 'val_mae_target_2': 0.6681132316589355, 'val_r2_target_2': -1.2179298400878906, 'val_rmse_target_3': 1.0479786396026611, 'val_mae_target_3': 0.7613093256950378, 'val_r2_target_3': -37.73980712890625}",COMPLETE
176,0.35208978766092547,2026-01-29 13:16:23.595031,2026-01-29 13:17:10.372959,0 days 00:00:46.777928,16,0.2802428053387781,0.0001186808149775572,2,mean,4,256,16,0.001487133219047803,"{'val_rmse_mean': 0.9490154981613159, 'val_mae_mean': 0.6933536529541016, 'val_r2_mean': -19.61023712158203, 'val_rmse_target_0': 1.0118584632873535, 'val_mae_target_0': 0.6527366042137146, 'val_r2_target_0': -23.1513671875, 'val_rmse_target_1': 0.963976263999939, 'val_mae_target_1': 0.6914381384849548, 'val_r2_target_1': -12.726754188537598, 'val_rmse_target_2': 0.7745368480682373, 'val_mae_target_2': 0.6756175756454468, 'val_r2_target_2': -1.5799918174743652, 'val_rmse_target_3': 1.0456904172897339, 'val_mae_target_3': 0.7536223530769348, 'val_r2_target_3': -40.982826232910156}",COMPLETE
177,0.3539313287646682,2026-01-29 13:17:10.446457,2026-01-29 13:17:56.238055,0 days 00:00:45.791598,16,0.2576679756174737,0.0001499545741555521,2,mean,4,256,16,0.0014129389754484892,"{'val_rmse_mean': 0.9512366056442261, 'val_mae_mean': 0.693129301071167, 'val_r2_mean': -20.100189208984375, 'val_rmse_target_0': 1.0136067867279053, 'val_mae_target_0': 0.648046612739563, 'val_r2_target_0': -34.04985046386719, 'val_rmse_target_1': 0.9650001525878906, 'val_mae_target_1': 0.6827980875968933, 'val_r2_target_1': -11.748392105102539, 'val_rmse_target_2': 0.7689743638038635, 'val_mae_target_2': 0.6674250364303589, 'val_r2_target_2': -1.00433349609375, 'val_rmse_target_3': 1.0573650598526, 'val_mae_target_3': 0.7742474675178528, 'val_r2_target_3': -33.598182678222656}",COMPLETE
178,0.34821366974049145,2026-01-29 13:17:56.308351,2026-01-29 13:18:42.374095,0 days 00:00:46.065744,16,0.24666367227273606,0.0001374453081840723,2,mean,16,256,16,0.0017283475695205124,"{'val_rmse_mean': 0.9426800012588501, 'val_mae_mean': 0.6874900460243225, 'val_r2_mean': -25.25893783569336, 'val_rmse_target_0': 0.9938201904296875, 'val_mae_target_0': 0.633884847164154, 'val_r2_target_0': -37.76303482055664, 'val_rmse_target_1': 0.9492334723472595, 'val_mae_target_1': 0.6760655641555786, 'val_r2_target_1': -11.514594078063965, 'val_rmse_target_2': 0.7901421785354614, 'val_mae_target_2': 0.6916236877441406, 'val_r2_target_2': -2.1218862533569336, 'val_rmse_target_3': 1.0375243425369263, 'val_mae_target_3': 0.7483861446380615, 'val_r2_target_3': -49.63623046875}",COMPLETE
179,0.3533519987982732,2026-01-29 13:18:42.445384,2026-01-29 13:19:35.403781,0 days 00:00:52.958397,16,0.3792124124909182,0.00012518854722297568,2,gated,4,256,16,0.0016382914949602066,"{'val_rmse_mean': 0.9532514810562134, 'val_mae_mean': 0.6934140920639038, 'val_r2_mean': -18.880260467529297, 'val_rmse_target_0': 1.0271316766738892, 'val_mae_target_0': 0.684238076210022, 'val_r2_target_0': -16.523530960083008, 'val_rmse_target_1': 0.9586242437362671, 'val_mae_target_1': 0.6570921540260315, 'val_r2_target_1': -18.02004051208496, 'val_rmse_target_2': 0.7705838680267334, 'val_mae_target_2': 0.6684317588806152, 'val_r2_target_2': -1.7859516143798828, 'val_rmse_target_3': 1.0566662549972534, 'val_mae_target_3': 0.7638942003250122, 'val_r2_target_3': -39.19151306152344}",COMPLETE
180,0.35015577395205144,2026-01-29 13:19:35.475959,2026-01-29 13:20:23.667331,0 days 00:00:48.191372,16,0.29118314415232804,0.00014347613868902472,2,static,4,256,16,0.0033776060353499196,"{'val_rmse_mean': 0.9467090368270874, 'val_mae_mean': 0.6900496482849121, 'val_r2_mean': -18.363506317138672, 'val_rmse_target_0': 1.0156333446502686, 'val_mae_target_0': 0.6556732654571533, 'val_r2_target_0': -27.519521713256836, 'val_rmse_target_1': 0.9706511497497559, 'val_mae_target_1': 0.6984293460845947, 'val_r2_target_1': -9.267829895019531, 'val_rmse_target_2': 0.7529603838920593, 'val_mae_target_2': 0.658606767654419, 'val_r2_target_2': -1.1030669212341309, 'val_rmse_target_3': 1.047591209411621, 'val_mae_target_3': 0.7474891543388367, 'val_r2_target_3': -35.563602447509766}",COMPLETE
181,0.3530274561985775,2026-01-29 13:20:23.736491,2026-01-29 13:21:10.098598,0 days 00:00:46.362107,16,0.39554053252698673,0.0001305840840296576,2,mean,4,256,16,0.0018994131747433957,"{'val_rmse_mean': 0.9508335590362549, 'val_mae_mean': 0.6904216408729553, 'val_r2_mean': -18.84693145751953, 'val_rmse_target_0': 1.0150816440582275, 'val_mae_target_0': 0.6526249051094055, 'val_r2_target_0': -27.973966598510742, 'val_rmse_target_1': 0.9658091068267822, 'val_mae_target_1': 0.676368236541748, 'val_r2_target_1': -12.24586009979248, 'val_rmse_target_2': 0.7717053294181824, 'val_mae_target_2': 0.6803087592124939, 'val_r2_target_2': -2.0240447521209717, 'val_rmse_target_3': 1.0507380962371826, 'val_mae_target_3': 0.7523847222328186, 'val_r2_target_3': -33.14384841918945}",COMPLETE
182,0.34403874573332294,2026-01-29 13:21:10.167655,2026-01-29 13:21:55.335677,0 days 00:00:45.168022,16,0.3992962946066046,0.00015565288829063982,2,mean,4,256,16,0.0018028150752207402,"{'val_rmse_mean': 0.9357507228851318, 'val_mae_mean': 0.6836722493171692, 'val_r2_mean': -18.661209106445312, 'val_rmse_target_0': 1.0223864316940308, 'val_mae_target_0': 0.6722292900085449, 'val_r2_target_0': -24.830900192260742, 'val_rmse_target_1': 0.9492120742797852, 'val_mae_target_1': 0.6693499088287354, 'val_r2_target_1': -10.69187068939209, 'val_rmse_target_2': 0.7342956066131592, 'val_mae_target_2': 0.6512132287025452, 'val_r2_target_2': -1.033696174621582, 'val_rmse_target_3': 1.0371088981628418, 'val_mae_target_3': 0.7418966889381409, 'val_r2_target_3': -38.0883674621582}",COMPLETE
183,0.34952900889847016,2026-01-29 13:21:55.406718,2026-01-29 13:22:40.803405,0 days 00:00:45.396687,16,0.3884000845416792,0.0001567448152624702,2,mean,4,256,16,0.0015892309929632707,"{'val_rmse_mean': 0.9449939727783203, 'val_mae_mean': 0.6948255300521851, 'val_r2_mean': -20.24385643005371, 'val_rmse_target_0': 1.0157288312911987, 'val_mae_target_0': 0.6582996845245361, 'val_r2_target_0': -37.869014739990234, 'val_rmse_target_1': 0.9728813767433167, 'val_mae_target_1': 0.701710045337677, 'val_r2_target_1': -11.101707458496094, 'val_rmse_target_2': 0.7341647744178772, 'val_mae_target_2': 0.6488476395606995, 'val_r2_target_2': -0.9076719284057617, 'val_rmse_target_3': 1.0572009086608887, 'val_mae_target_3': 0.7704448103904724, 'val_r2_target_3': -31.097023010253906}",COMPLETE
184,0.3523042431032216,2026-01-29 13:22:40.873256,2026-01-29 13:23:27.155007,0 days 00:00:46.281751,16,0.3818745578350268,0.0001498827840402749,2,mean,4,256,16,0.0017659095809406352,"{'val_rmse_mean': 0.9503505229949951, 'val_mae_mean': 0.6895860433578491, 'val_r2_mean': -24.475351333618164, 'val_rmse_target_0': 1.0345871448516846, 'val_mae_target_0': 0.6615933179855347, 'val_r2_target_0': -37.35580062866211, 'val_rmse_target_1': 0.9752134680747986, 'val_mae_target_1': 0.7034397125244141, 'val_r2_target_1': -12.624246597290039, 'val_rmse_target_2': 0.7551001310348511, 'val_mae_target_2': 0.654062032699585, 'val_r2_target_2': -1.2656898498535156, 'val_rmse_target_3': 1.0365015268325806, 'val_mae_target_3': 0.7392491102218628, 'val_r2_target_3': -46.65567398071289}",COMPLETE
185,0.3526833845233476,2026-01-29 13:23:27.226798,2026-01-29 13:24:14.144517,0 days 00:00:46.917719,16,0.21942427238107026,0.0001359697223264324,2,mean,4,256,16,0.005803138802207372,"{'val_rmse_mean': 0.9469298720359802, 'val_mae_mean': 0.6937676668167114, 'val_r2_mean': -17.298442840576172, 'val_rmse_target_0': 1.0001596212387085, 'val_mae_target_0': 0.6519985795021057, 'val_r2_target_0': -31.658397674560547, 'val_rmse_target_1': 0.9724330306053162, 'val_mae_target_1': 0.7045962810516357, 'val_r2_target_1': -8.403303146362305, 'val_rmse_target_2': 0.7551395893096924, 'val_mae_target_2': 0.6601829528808594, 'val_r2_target_2': -1.196115255355835, 'val_rmse_target_3': 1.0599873065948486, 'val_mae_target_3': 0.7582929134368896, 'val_r2_target_3': -27.935955047607422}",COMPLETE
186,0.3554285095521697,2026-01-29 13:24:14.218268,2026-01-29 13:25:01.086160,0 days 00:00:46.867892,16,0.37271528830063216,0.00016113420674124392,2,mean,8,256,16,0.0019203286764571258,"{'val_rmse_mean': 0.9512672424316406, 'val_mae_mean': 0.7012792229652405, 'val_r2_mean': -19.23198699951172, 'val_rmse_target_0': 1.001460075378418, 'val_mae_target_0': 0.6413269639015198, 'val_r2_target_0': -26.058134078979492, 'val_rmse_target_1': 0.970766544342041, 'val_mae_target_1': 0.7086097598075867, 'val_r2_target_1': -10.57371997833252, 'val_rmse_target_2': 0.7741260528564453, 'val_mae_target_2': 0.6853647828102112, 'val_r2_target_2': -1.781186580657959, 'val_rmse_target_3': 1.0587162971496582, 'val_mae_target_3': 0.7698155045509338, 'val_r2_target_3': -38.51490020751953}",COMPLETE
187,0.35310200077516063,2026-01-29 13:25:01.158332,2026-01-29 13:25:46.858418,0 days 00:00:45.700086,16,0.3639832245651375,0.00014641714126803043,2,mean,4,128,16,0.0020220233000948257,"{'val_rmse_mean': 0.9551323652267456, 'val_mae_mean': 0.6888526678085327, 'val_r2_mean': -40.23193359375, 'val_rmse_target_0': 0.9989043474197388, 'val_mae_target_0': 0.6289641857147217, 'val_r2_target_0': -66.83544921875, 'val_rmse_target_1': 0.9581729173660278, 'val_mae_target_1': 0.6708792448043823, 'val_r2_target_1': -29.448820114135742, 'val_rmse_target_2': 0.8316832184791565, 'val_mae_target_2': 0.7196030020713806, 'val_r2_target_2': -6.775816917419434, 'val_rmse_target_3': 1.031769037246704, 'val_mae_target_3': 0.7359641790390015, 'val_r2_target_3': -57.86763381958008}",COMPLETE
188,0.36639137559190943,2026-01-29 13:25:46.932584,2026-01-29 13:26:30.280870,0 days 00:00:43.348286,16,0.39387356528125855,5.4941044289251955e-05,2,mean,4,256,16,0.00147900779930931,"{'val_rmse_mean': 0.9795798063278198, 'val_mae_mean': 0.6978487968444824, 'val_r2_mean': -52.56830596923828, 'val_rmse_target_0': 1.034445881843567, 'val_mae_target_0': 0.6349892020225525, 'val_r2_target_0': -75.9125747680664, 'val_rmse_target_1': 1.0048993825912476, 'val_mae_target_1': 0.6970768570899963, 'val_r2_target_1': -50.07133102416992, 'val_rmse_target_2': 0.8512765765190125, 'val_mae_target_2': 0.723252534866333, 'val_r2_target_2': -7.561635971069336, 'val_rmse_target_3': 1.027697205543518, 'val_mae_target_3': 0.7360765933990479, 'val_r2_target_3': -76.72767639160156}",COMPLETE
189,0.3519682067411917,2026-01-29 13:26:30.354924,2026-01-29 13:27:13.601072,0 days 00:00:43.246148,16,0.3882402443507244,0.00012374108383861982,2,mean,4,256,16,0.0016974463727305212,"{'val_rmse_mean': 0.9472554922103882, 'val_mae_mean': 0.6930835247039795, 'val_r2_mean': -17.40810203552246, 'val_rmse_target_0': 1.0256364345550537, 'val_mae_target_0': 0.664556086063385, 'val_r2_target_0': -23.458539962768555, 'val_rmse_target_1': 0.9452041983604431, 'val_mae_target_1': 0.6619483232498169, 'val_r2_target_1': -11.517873764038086, 'val_rmse_target_2': 0.7791771292686462, 'val_mae_target_2': 0.6805310845375061, 'val_r2_target_2': -2.0345065593719482, 'val_rmse_target_3': 1.0390042066574097, 'val_mae_target_3': 0.76529860496521, 'val_r2_target_3': -32.62148666381836}",COMPLETE
190,0.3629240624054714,2026-01-29 13:27:13.672080,2026-01-29 13:27:58.257324,0 days 00:00:44.585244,16,0.33058503068174055,0.00011978374872310789,2,mean,8,32,16,0.002201582757334227,"{'val_rmse_mean': 0.967812180519104, 'val_mae_mean': 0.6951644420623779, 'val_r2_mean': -59.794677734375, 'val_rmse_target_0': 1.003952980041504, 'val_mae_target_0': 0.632215142250061, 'val_r2_target_0': -88.15925598144531, 'val_rmse_target_1': 0.9873165488243103, 'val_mae_target_1': 0.6934197545051575, 'val_r2_target_1': -48.62285232543945, 'val_rmse_target_2': 0.9256309866905212, 'val_mae_target_2': 0.7888420224189758, 'val_r2_target_2': -27.835233688354492, 'val_rmse_target_3': 0.954348087310791, 'val_mae_target_3': 0.6661808490753174, 'val_r2_target_3': -74.56137084960938}",COMPLETE
191,0.36088048694310365,2026-01-29 13:27:58.328792,2026-01-29 13:28:42.375670,0 days 00:00:44.046878,16,0.39677863994366824,0.00014211655347439107,2,mean,4,256,16,0.0017905562845982777,"{'val_rmse_mean': 0.9594254493713379, 'val_mae_mean': 0.7066832184791565, 'val_r2_mean': -20.140527725219727, 'val_rmse_target_0': 1.0073262453079224, 'val_mae_target_0': 0.6593230366706848, 'val_r2_target_0': -29.91051483154297, 'val_rmse_target_1': 0.9725521206855774, 'val_mae_target_1': 0.6995012760162354, 'val_r2_target_1': -8.808228492736816, 'val_rmse_target_2': 0.7806538939476013, 'val_mae_target_2': 0.6879505515098572, 'val_r2_target_2': -1.5023176670074463, 'val_rmse_target_3': 1.0771695375442505, 'val_mae_target_3': 0.7799579501152039, 'val_r2_target_3': -40.34104537963867}",COMPLETE
192,0.3518739970469916,2026-01-29 13:28:42.446839,2026-01-29 13:29:26.893119,0 days 00:00:44.446280,16,0.39775481427087783,0.0001555492877758853,2,mean,4,256,16,0.0017933677723876507,"{'val_rmse_mean': 0.949192225933075, 'val_mae_mean': 0.6906973719596863, 'val_r2_mean': -16.73684310913086, 'val_rmse_target_0': 1.024260401725769, 'val_mae_target_0': 0.6658942699432373, 'val_r2_target_0': -22.61064910888672, 'val_rmse_target_1': 0.9569466710090637, 'val_mae_target_1': 0.67597895860672, 'val_r2_target_1': -10.526358604431152, 'val_rmse_target_2': 0.7626669406890869, 'val_mae_target_2': 0.6619875431060791, 'val_r2_target_2': -1.6583805084228516, 'val_rmse_target_3': 1.0528948307037354, 'val_mae_target_3': 0.7589287757873535, 'val_r2_target_3': -32.15199279785156}",COMPLETE
193,0.3499680608510971,2026-01-29 13:29:26.965062,2026-01-29 13:30:12.558767,0 days 00:00:45.593705,16,0.39095387451060815,0.00011408363026822835,2,mean,4,256,16,0.0015568470906017682,"{'val_rmse_mean': 0.9487158060073853, 'val_mae_mean': 0.6869769096374512, 'val_r2_mean': -24.04925537109375, 'val_rmse_target_0': 1.0221986770629883, 'val_mae_target_0': 0.6468081474304199, 'val_r2_target_0': -37.07639694213867, 'val_rmse_target_1': 0.9605286121368408, 'val_mae_target_1': 0.6798049211502075, 'val_r2_target_1': -12.620447158813477, 'val_rmse_target_2': 0.7649369835853577, 'val_mae_target_2': 0.6668580174446106, 'val_r2_target_2': -2.6045081615448, 'val_rmse_target_3': 1.0471988916397095, 'val_mae_target_3': 0.7544364333152771, 'val_r2_target_3': -43.89567947387695}",COMPLETE
194,0.35189546851648223,2026-01-29 13:30:12.632543,2026-01-29 13:30:58.006407,0 days 00:00:45.373864,16,0.399308867150593,0.00013139392829083802,2,mean,4,256,16,0.0016564346635922563,"{'val_rmse_mean': 0.9507208466529846, 'val_mae_mean': 0.6931084394454956, 'val_r2_mean': -21.341262817382812, 'val_rmse_target_0': 1.0047794580459595, 'val_mae_target_0': 0.6455501914024353, 'val_r2_target_0': -32.83845901489258, 'val_rmse_target_1': 0.9543208479881287, 'val_mae_target_1': 0.6782554984092712, 'val_r2_target_1': -11.122519493103027, 'val_rmse_target_2': 0.7751787304878235, 'val_mae_target_2': 0.6854965090751648, 'val_r2_target_2': -1.8463363647460938, 'val_rmse_target_3': 1.0686044692993164, 'val_mae_target_3': 0.7631317377090454, 'val_r2_target_3': -39.5577392578125}",COMPLETE
195,0.35578747314435466,2026-01-29 13:30:58.078273,2026-01-29 13:31:41.840409,0 days 00:00:43.762136,16,0.38400595512201224,0.0001689686902812504,2,mean,4,256,16,0.001837523843879305,"{'val_rmse_mean': 0.9531739950180054, 'val_mae_mean': 0.6995477080345154, 'val_r2_mean': -17.060653686523438, 'val_rmse_target_0': 1.0244148969650269, 'val_mae_target_0': 0.6661638617515564, 'val_r2_target_0': -22.035564422607422, 'val_rmse_target_1': 0.9691256284713745, 'val_mae_target_1': 0.7046456336975098, 'val_r2_target_1': -8.012430191040039, 'val_rmse_target_2': 0.7742419242858887, 'val_mae_target_2': 0.6746513247489929, 'val_r2_target_2': -1.105273723602295, 'val_rmse_target_3': 1.044913649559021, 'val_mae_target_3': 0.7527299523353577, 'val_r2_target_3': -37.08934020996094}",COMPLETE
196,0.35056450797451866,2026-01-29 13:31:41.914965,2026-01-29 13:32:27.721300,0 days 00:00:45.806335,16,0.3750689531425371,0.00013877189966657333,2,static,4,256,16,0.0013681166234367564,"{'val_rmse_mean': 0.9504585266113281, 'val_mae_mean': 0.691116452217102, 'val_r2_mean': -20.823101043701172, 'val_rmse_target_0': 1.027181625366211, 'val_mae_target_0': 0.6698481440544128, 'val_r2_target_0': -25.47672462463379, 'val_rmse_target_1': 0.9757148623466492, 'val_mae_target_1': 0.6867087483406067, 'val_r2_target_1': -10.647461891174316, 'val_rmse_target_2': 0.7610581517219543, 'val_mae_target_2': 0.6672229766845703, 'val_r2_target_2': -1.4014105796813965, 'val_rmse_target_3': 1.037879467010498, 'val_mae_target_3': 0.7406860589981079, 'val_r2_target_3': -45.766815185546875}",COMPLETE
197,0.3739481592481887,2026-01-29 13:32:27.793325,2026-01-29 13:33:09.444284,0 days 00:00:41.650959,16,0.38401685628344095,0.00010287053522956616,2,mean,16,64,16,0.003522917640157069,"{'val_rmse_mean': 0.9842896461486816, 'val_mae_mean': 0.7162020802497864, 'val_r2_mean': -82.79606628417969, 'val_rmse_target_0': 1.0176713466644287, 'val_mae_target_0': 0.6667687296867371, 'val_r2_target_0': -69.26824188232422, 'val_rmse_target_1': 0.9688634872436523, 'val_mae_target_1': 0.6739289164543152, 'val_r2_target_1': -110.50624084472656, 'val_rmse_target_2': 0.9538475275039673, 'val_mae_target_2': 0.815980076789856, 'val_r2_target_2': -34.612483978271484, 'val_rmse_target_3': 0.9967759847640991, 'val_mae_target_3': 0.7081305980682373, 'val_r2_target_3': -116.79730224609375}",COMPLETE
198,0.34818501163412025,2026-01-29 13:33:09.516811,2026-01-29 13:33:56.492071,0 days 00:00:46.975260,16,0.3912073772791085,0.00015126034622660548,2,mean,4,256,16,0.002927655821996289,"{'val_rmse_mean': 0.9391210675239563, 'val_mae_mean': 0.6949099898338318, 'val_r2_mean': -16.827823638916016, 'val_rmse_target_0': 0.998638927936554, 'val_mae_target_0': 0.663433849811554, 'val_r2_target_0': -21.208349227905273, 'val_rmse_target_1': 0.9660681486129761, 'val_mae_target_1': 0.6975253224372864, 'val_r2_target_1': -9.882730484008789, 'val_rmse_target_2': 0.7505430579185486, 'val_mae_target_2': 0.6591657996177673, 'val_r2_target_2': -1.395136833190918, 'val_rmse_target_3': 1.041234016418457, 'val_mae_target_3': 0.7595150470733643, 'val_r2_target_3': -34.82508087158203}",COMPLETE
199,0.35177780246293106,2026-01-29 13:33:56.565501,2026-01-29 13:34:48.481012,0 days 00:00:51.915511,16,0.378378640305106,0.0001285140267130846,2,gated,4,256,16,0.0019393606014728858,"{'val_rmse_mean': 0.9543456435203552, 'val_mae_mean': 0.6897246837615967, 'val_r2_mean': -23.473159790039062, 'val_rmse_target_0': 1.0193095207214355, 'val_mae_target_0': 0.648417592048645, 'val_r2_target_0': -43.058937072753906, 'val_rmse_target_1': 0.9710027575492859, 'val_mae_target_1': 0.6815459132194519, 'val_r2_target_1': -12.826773643493652, 'val_rmse_target_2': 0.7689749002456665, 'val_mae_target_2': 0.6762128472328186, 'val_r2_target_2': -1.4605824947357178, 'val_rmse_target_3': 1.0580952167510986, 'val_mae_target_3': 0.7527225613594055, 'val_r2_target_3': -36.546348571777344}",COMPLETE
