number,value,datetime_start,datetime_complete,duration,params_batch_size,params_bidirectional,params_dropout_lstm,params_dropout_path,params_dropout_reg,params_lr,params_lstm_hidden_dim,params_lstm_layers,params_path_aggregation,params_path_dim,params_regressor_dim,params_weight_decay,user_attrs_val_metrics,state
0,0.36169145842669187,2026-01-29 13:56:14.318189,2026-01-29 13:57:09.178870,0 days 00:00:54.860681,16,False,0.13174097979722463,0.18738442283171308,0.27165718212316325,0.00018624994615720316,32,2,mean,32,256,1.2634915055499445e-05,"{'val_rmse_mean': 0.9546092748641968, 'val_mae_mean': 0.7147963047027588, 'val_r2_mean': -10.067425727844238, 'val_rmse_target_0': 0.9916226863861084, 'val_mae_target_0': 0.638159990310669, 'val_r2_target_0': -11.449823379516602, 'val_rmse_target_1': 0.9785172343254089, 'val_mae_target_1': 0.7101464867591858, 'val_r2_target_1': -7.761899948120117, 'val_rmse_target_2': 0.7905312180519104, 'val_mae_target_2': 0.7090815305709839, 'val_r2_target_2': -1.066929817199707, 'val_rmse_target_3': 1.0577659606933594, 'val_mae_target_3': 0.8017973899841309, 'val_r2_target_3': -19.991050720214844}",COMPLETE
1,0.3533965248476576,2026-01-29 13:57:09.253454,2026-01-29 13:58:02.820633,0 days 00:00:53.567179,16,True,0.24050456086052702,0.1162587522766714,0.33960699974948994,0.00020723529574746398,8,3,static,8,128,0.00019169949378888802,"{'val_rmse_mean': 0.953951358795166, 'val_mae_mean': 0.6962844133377075, 'val_r2_mean': -29.6883544921875, 'val_rmse_target_0': 0.9992995858192444, 'val_mae_target_0': 0.6359221935272217, 'val_r2_target_0': -46.441322326660156, 'val_rmse_target_1': 0.9725657105445862, 'val_mae_target_1': 0.6816722750663757, 'val_r2_target_1': -15.227991104125977, 'val_rmse_target_2': 0.7977866530418396, 'val_mae_target_2': 0.7180543541908264, 'val_r2_target_2': -3.1324386596679688, 'val_rmse_target_3': 1.0461534261703491, 'val_mae_target_3': 0.7494889497756958, 'val_r2_target_3': -53.95167541503906}",COMPLETE
2,0.36086696455324135,2026-01-29 13:58:02.895530,2026-01-29 13:58:49.205911,0 days 00:00:46.310381,16,False,0.07521723688312257,0.27625226266443825,0.29933537285148115,0.0001626573073758722,32,1,attention,32,512,9.085527404562872e-05,"{'val_rmse_mean': 0.9504719972610474, 'val_mae_mean': 0.7148147821426392, 'val_r2_mean': -9.031929016113281, 'val_rmse_target_0': 0.984330952167511, 'val_mae_target_0': 0.6586326360702515, 'val_r2_target_0': -11.980416297912598, 'val_rmse_target_1': 0.9941530823707581, 'val_mae_target_1': 0.7321031093597412, 'val_r2_target_1': -7.348862648010254, 'val_rmse_target_2': 0.7495296597480774, 'val_mae_target_2': 0.6625108122825623, 'val_r2_target_2': -0.3417022228240967, 'val_rmse_target_3': 1.0738742351531982, 'val_mae_target_3': 0.806012749671936, 'val_r2_target_3': -16.45673179626465}",COMPLETE
3,0.3581233861407748,2026-01-29 13:58:49.280456,2026-01-29 13:59:49.438133,0 days 00:01:00.157677,16,False,0.10709419051534289,0.3029456603227768,0.28241743307850165,8.590141701195568e-05,32,2,attention,32,512,0.0001608565482200325,"{'val_rmse_mean': 0.9612522125244141, 'val_mae_mean': 0.6995091438293457, 'val_r2_mean': -27.70030975341797, 'val_rmse_target_0': 0.9912383556365967, 'val_mae_target_0': 0.635683536529541, 'val_r2_target_0': -51.219024658203125, 'val_rmse_target_1': 0.9845877885818481, 'val_mae_target_1': 0.6823634505271912, 'val_r2_target_1': -14.95853328704834, 'val_rmse_target_2': 0.8070464730262756, 'val_mae_target_2': 0.7162330150604248, 'val_r2_target_2': -2.5844714641571045, 'val_rmse_target_3': 1.062136173248291, 'val_mae_target_3': 0.763756513595581, 'val_r2_target_3': -42.03922653198242}",COMPLETE
4,0.35694318057762253,2026-01-29 13:59:49.512768,2026-01-29 14:00:57.905537,0 days 00:01:08.392769,16,False,0.24504470360879105,0.10906360160529277,0.14495993339240018,0.00012742606490595969,32,3,attention,16,256,0.00029109346383666686,"{'val_rmse_mean': 0.9572562575340271, 'val_mae_mean': 0.709762454032898, 'val_r2_mean': -21.05928611755371, 'val_rmse_target_0': 1.0057870149612427, 'val_mae_target_0': 0.6609453558921814, 'val_r2_target_0': -36.47084045410156, 'val_rmse_target_1': 0.9778496026992798, 'val_mae_target_1': 0.6927780508995056, 'val_r2_target_1': -12.407187461853027, 'val_rmse_target_2': 0.7708197832107544, 'val_mae_target_2': 0.6945487260818481, 'val_r2_target_2': -1.9373493194580078, 'val_rmse_target_3': 1.074568510055542, 'val_mae_target_3': 0.7907776832580566, 'val_r2_target_3': -33.421775817871094}",COMPLETE
5,0.400979067026465,2026-01-29 14:00:57.981450,2026-01-29 14:01:46.619255,0 days 00:00:48.637805,16,True,0.22622453707416865,0.2552770004332929,0.25392564482625557,0.0004310981640654014,32,1,static,32,128,1.4340359670750485e-05,"{'val_rmse_mean': 0.9859246015548706, 'val_mae_mean': 0.747346043586731, 'val_r2_mean': -3.3938870429992676, 'val_rmse_target_0': 0.9042581915855408, 'val_mae_target_0': 0.6123937964439392, 'val_r2_target_0': -2.889721393585205, 'val_rmse_target_1': 1.0160502195358276, 'val_mae_target_1': 0.7648661136627197, 'val_r2_target_1': -2.4440102577209473, 'val_rmse_target_2': 0.8325144648551941, 'val_mae_target_2': 0.700537919998169, 'val_r2_target_2': -0.15665006637573242, 'val_rmse_target_3': 1.19087553024292, 'val_mae_target_3': 0.911586344242096, 'val_r2_target_3': -8.085165977478027}",COMPLETE
6,0.35870927461871394,2026-01-29 14:01:46.694986,2026-01-29 14:02:44.707330,0 days 00:00:58.012344,16,True,0.1535665421736961,0.10048329072565224,0.17442251683334076,6.792382916935466e-05,16,2,attention,16,256,5.66876376234508e-05,"{'val_rmse_mean': 0.9664497971534729, 'val_mae_mean': 0.6976493000984192, 'val_r2_mean': -46.97740936279297, 'val_rmse_target_0': 1.0111393928527832, 'val_mae_target_0': 0.6353268623352051, 'val_r2_target_0': -58.31324768066406, 'val_rmse_target_1': 0.9743142127990723, 'val_mae_target_1': 0.6810465455055237, 'val_r2_target_1': -31.36172866821289, 'val_rmse_target_2': 0.8555753231048584, 'val_mae_target_2': 0.7351424694061279, 'val_r2_target_2': -11.446380615234375, 'val_rmse_target_3': 1.0247702598571777, 'val_mae_target_3': 0.7390814423561096, 'val_r2_target_3': -86.78826141357422}",COMPLETE
7,0.37813851678812943,2026-01-29 14:02:44.782176,2026-01-29 14:03:40.773648,0 days 00:00:55.991472,16,True,0.24867660005804226,0.12391242040206918,0.3028378471839958,8.063338425958173e-05,32,2,static,16,64,0.0005522194961325262,"{'val_rmse_mean': 0.994946300983429, 'val_mae_mean': 0.7099629044532776, 'val_r2_mean': -109.42681884765625, 'val_rmse_target_0': 1.0067806243896484, 'val_mae_target_0': 0.6312519311904907, 'val_r2_target_0': -213.9070587158203, 'val_rmse_target_1': 0.9788404703140259, 'val_mae_target_1': 0.6689643859863281, 'val_r2_target_1': -70.25183868408203, 'val_rmse_target_2': 0.9455357193946838, 'val_mae_target_2': 0.8157786726951599, 'val_r2_target_2': -54.091552734375, 'val_rmse_target_3': 1.048628330230713, 'val_mae_target_3': 0.7238567471504211, 'val_r2_target_3': -99.45683288574219}",COMPLETE
8,0.3704163968149159,2026-01-29 14:03:40.848919,2026-01-29 14:04:39.223501,0 days 00:00:58.374582,16,True,0.021984437397221945,0.14487764936500383,0.2655537654974576,5.5694804571712774e-05,8,3,attention,16,128,5.2412890704372006e-05,"{'val_rmse_mean': 0.9872968196868896, 'val_mae_mean': 0.7044473886489868, 'val_r2_mean': -136.29049682617188, 'val_rmse_target_0': 0.9992659091949463, 'val_mae_target_0': 0.6404269337654114, 'val_r2_target_0': -284.15863037109375, 'val_rmse_target_1': 0.9968793392181396, 'val_mae_target_1': 0.6780753135681152, 'val_r2_target_1': -81.45709228515625, 'val_rmse_target_2': 0.932614803314209, 'val_mae_target_2': 0.7904607057571411, 'val_r2_target_2': -40.14449691772461, 'val_rmse_target_3': 1.0204271078109741, 'val_mae_target_3': 0.70882648229599, 'val_r2_target_3': -139.40179443359375}",COMPLETE
9,0.36857456934672816,2026-01-29 14:04:39.298168,2026-01-29 14:05:26.036607,0 days 00:00:46.738439,16,True,0.1298642249663278,0.26165238507460525,0.23514175765265433,0.0002491392920637364,32,1,mean,16,64,0.00011840542816408274,"{'val_rmse_mean': 0.9794433116912842, 'val_mae_mean': 0.7130959033966064, 'val_r2_mean': -28.82046890258789, 'val_rmse_target_0': 0.9970905184745789, 'val_mae_target_0': 0.6546662449836731, 'val_r2_target_0': -30.093097686767578, 'val_rmse_target_1': 1.0151095390319824, 'val_mae_target_1': 0.6963281035423279, 'val_r2_target_1': -29.051733016967773, 'val_rmse_target_2': 0.8489475250244141, 'val_mae_target_2': 0.7454431056976318, 'val_r2_target_2': -4.717832088470459, 'val_rmse_target_3': 1.0566256046295166, 'val_mae_target_3': 0.7559462785720825, 'val_r2_target_3': -51.41923141479492}",COMPLETE
10,0.36298566732417653,2026-01-29 14:05:26.111537,2026-01-29 14:06:22.799977,0 days 00:00:56.688440,16,True,0.29782671740595923,0.20333826993110155,0.3312370023417425,0.00038022654754400894,8,3,static,8,128,0.0033619777023518433,"{'val_rmse_mean': 0.9596469402313232, 'val_mae_mean': 0.7096166610717773, 'val_r2_mean': -10.022340774536133, 'val_rmse_target_0': 1.013425350189209, 'val_mae_target_0': 0.6563111543655396, 'val_r2_target_0': -12.706870079040527, 'val_rmse_target_1': 0.9793623685836792, 'val_mae_target_1': 0.7152001261711121, 'val_r2_target_1': -6.861410140991211, 'val_rmse_target_2': 0.7623298168182373, 'val_mae_target_2': 0.670782744884491, 'val_r2_target_2': -0.4206198453903198, 'val_rmse_target_3': 1.083470344543457, 'val_mae_target_3': 0.7961726784706116, 'val_r2_target_3': -20.100467681884766}",COMPLETE
11,0.3554578690479199,2026-01-29 14:06:22.881764,2026-01-29 14:07:24.932123,0 days 00:01:02.050359,16,False,0.19285190031986243,0.1626844010737297,0.10203777930185282,0.0001154845219489272,8,3,static,8,256,0.0007558340406332925,"{'val_rmse_mean': 0.9528180360794067, 'val_mae_mean': 0.7002710103988647, 'val_r2_mean': -19.957813262939453, 'val_rmse_target_0': 0.9992150068283081, 'val_mae_target_0': 0.6510310769081116, 'val_r2_target_0': -28.235607147216797, 'val_rmse_target_1': 0.961316704750061, 'val_mae_target_1': 0.6883948445320129, 'val_r2_target_1': -10.923312187194824, 'val_rmse_target_2': 0.7860465049743652, 'val_mae_target_2': 0.6882628202438354, 'val_r2_target_2': -2.809978485107422, 'val_rmse_target_3': 1.064693808555603, 'val_mae_target_3': 0.773395299911499, 'val_r2_target_3': -37.86235427856445}",COMPLETE
12,0.3568954857894116,2026-01-29 14:07:25.011400,2026-01-29 14:08:25.915029,0 days 00:01:00.903629,16,False,0.18575560312454187,0.16521854047504334,0.10698179855295116,0.00011786620805222062,8,3,static,8,128,0.0017640938301909418,"{'val_rmse_mean': 0.9640616774559021, 'val_mae_mean': 0.6911095976829529, 'val_r2_mean': -45.8505744934082, 'val_rmse_target_0': 0.9694620966911316, 'val_mae_target_0': 0.6103691458702087, 'val_r2_target_0': -55.858360290527344, 'val_rmse_target_1': 0.9657894372940063, 'val_mae_target_1': 0.6601404547691345, 'val_r2_target_1': -53.50691223144531, 'val_rmse_target_2': 0.8857726454734802, 'val_mae_target_2': 0.7840393781661987, 'val_r2_target_2': -11.932132720947266, 'val_rmse_target_3': 1.0352225303649902, 'val_mae_target_3': 0.7098893523216248, 'val_r2_target_3': -62.10490798950195}",COMPLETE
13,0.3538155243904502,2026-01-29 14:08:25.992681,2026-01-29 14:09:26.781937,0 days 00:01:00.789256,16,False,0.19606973953965548,0.3476108784046236,0.19515347213200268,0.00021705946215428416,8,3,static,8,256,0.0017351276479940603,"{'val_rmse_mean': 0.9462422132492065, 'val_mae_mean': 0.694220781326294, 'val_r2_mean': -12.973491668701172, 'val_rmse_target_0': 0.9921154379844666, 'val_mae_target_0': 0.6286312937736511, 'val_r2_target_0': -22.044397354125977, 'val_rmse_target_1': 0.959933876991272, 'val_mae_target_1': 0.6862865686416626, 'val_r2_target_1': -7.7476043701171875, 'val_rmse_target_2': 0.7540523409843445, 'val_mae_target_2': 0.659206748008728, 'val_r2_target_2': -0.3787034749984741, 'val_rmse_target_3': 1.0788671970367432, 'val_mae_target_3': 0.8027586340904236, 'val_r2_target_3': -21.7232666015625}",COMPLETE
14,0.36086291626647665,2026-01-29 14:09:26.860240,2026-01-29 14:10:23.523273,0 days 00:00:56.663033,16,True,0.2975883699155826,0.33441681791068,0.18672783048917738,0.00025811230606607175,8,3,static,8,256,0.00779913018870365,"{'val_rmse_mean': 0.953444242477417, 'val_mae_mean': 0.7076300978660583, 'val_r2_mean': -10.590679168701172, 'val_rmse_target_0': 1.0053057670593262, 'val_mae_target_0': 0.6667892336845398, 'val_r2_target_0': -14.517130851745605, 'val_rmse_target_1': 0.9943450093269348, 'val_mae_target_1': 0.7317745089530945, 'val_r2_target_1': -5.308401107788086, 'val_rmse_target_2': 0.7495350241661072, 'val_mae_target_2': 0.6588076949119568, 'val_r2_target_2': -0.2804429531097412, 'val_rmse_target_3': 1.0645911693572998, 'val_mae_target_3': 0.7731489539146423, 'val_r2_target_3': -22.25673484802246}",COMPLETE
15,0.3538547141684426,2026-01-29 14:10:23.603235,2026-01-29 14:11:19.947251,0 days 00:00:56.344016,16,False,0.2050607398951591,0.34897295209782364,0.1994206864085795,0.0002544941635890275,16,2,static,8,128,0.0016145858527737834,"{'val_rmse_mean': 0.9548499584197998, 'val_mae_mean': 0.6930213570594788, 'val_r2_mean': -20.551258087158203, 'val_rmse_target_0': 1.0238516330718994, 'val_mae_target_0': 0.6608321070671082, 'val_r2_target_0': -31.298583984375, 'val_rmse_target_1': 0.986505925655365, 'val_mae_target_1': 0.6774260401725769, 'val_r2_target_1': -13.558886528015137, 'val_rmse_target_2': 0.7662668824195862, 'val_mae_target_2': 0.6810032725334167, 'val_r2_target_2': -1.5131676197052002, 'val_rmse_target_3': 1.042775273323059, 'val_mae_target_3': 0.752824068069458, 'val_r2_target_3': -35.834381103515625}",COMPLETE
16,0.3728734816390055,2026-01-29 14:11:20.023617,2026-01-29 14:12:17.630668,0 days 00:00:57.607051,16,True,0.27057156950703115,0.23533182448813716,0.337580498631507,0.00020087047217173573,8,3,mean,8,512,0.008192647390210568,"{'val_rmse_mean': 0.9675013422966003, 'val_mae_mean': 0.7216836214065552, 'val_r2_mean': -8.280839920043945, 'val_rmse_target_0': 1.03224515914917, 'val_mae_target_0': 0.6764350533485413, 'val_r2_target_0': -11.347737312316895, 'val_rmse_target_1': 0.9923698902130127, 'val_mae_target_1': 0.7426724433898926, 'val_r2_target_1': -4.752267837524414, 'val_rmse_target_2': 0.7493442296981812, 'val_mae_target_2': 0.6453586220741272, 'val_r2_target_2': -0.16087079048156738, 'val_rmse_target_3': 1.0960462093353271, 'val_mae_target_3': 0.8222683668136597, 'val_r2_target_3': -16.862483978271484}",COMPLETE
17,0.35659918947904196,2026-01-29 14:12:17.711273,2026-01-29 14:13:18.778584,0 days 00:01:01.067311,16,False,0.17329049132164973,0.3043590303123658,0.21797101939129315,0.0003172200606157409,8,3,static,8,64,0.0004328705105833341,"{'val_rmse_mean': 0.960040807723999, 'val_mae_mean': 0.6943103075027466, 'val_r2_mean': -23.770797729492188, 'val_rmse_target_0': 1.0045275688171387, 'val_mae_target_0': 0.633124828338623, 'val_r2_target_0': -29.811058044433594, 'val_rmse_target_1': 0.9663456678390503, 'val_mae_target_1': 0.6761314272880554, 'val_r2_target_1': -16.14893341064453, 'val_rmse_target_2': 0.817155659198761, 'val_mae_target_2': 0.7214154005050659, 'val_r2_target_2': -3.697772979736328, 'val_rmse_target_3': 1.052134394645691, 'val_mae_target_3': 0.7465697526931763, 'val_r2_target_3': -45.42542266845703}",COMPLETE
18,0.4204864666831714,2026-01-29 14:13:18.856414,2026-01-29 14:14:15.583012,0 days 00:00:56.726598,16,True,0.21989012461231328,0.21166225441287229,0.15238968159527927,0.0004973781766559424,8,3,static,8,256,0.0012569140220635888,"{'val_rmse_mean': 1.0203819274902344, 'val_mae_mean': 0.774800181388855, 'val_r2_mean': -3.067641258239746, 'val_rmse_target_0': 1.0216940641403198, 'val_mae_target_0': 0.682582437992096, 'val_r2_target_0': -4.129970073699951, 'val_rmse_target_1': 1.0761359930038452, 'val_mae_target_1': 0.8377711176872253, 'val_r2_target_1': -1.7093677520751953, 'val_rmse_target_2': 0.8150901794433594, 'val_mae_target_2': 0.6842993497848511, 'val_r2_target_2': -0.1226203441619873, 'val_rmse_target_3': 1.168607473373413, 'val_mae_target_3': 0.8945478796958923, 'val_r2_target_3': -6.308604717254639}",COMPLETE
19,0.3539587675973221,2026-01-29 14:14:15.663358,2026-01-29 14:15:11.119267,0 days 00:00:55.455909,16,False,0.07943626049714096,0.3102725600129315,0.22787876597158513,0.0001441240335489947,16,2,static,8,128,0.003197663806267069,"{'val_rmse_mean': 0.9563513994216919, 'val_mae_mean': 0.6938508152961731, 'val_r2_mean': -40.05742645263672, 'val_rmse_target_0': 1.0085316896438599, 'val_mae_target_0': 0.6437183022499084, 'val_r2_target_0': -60.226959228515625, 'val_rmse_target_1': 0.9846214652061462, 'val_mae_target_1': 0.6872721910476685, 'val_r2_target_1': -16.162006378173828, 'val_rmse_target_2': 0.8190391659736633, 'val_mae_target_2': 0.7243973612785339, 'val_r2_target_2': -4.497984409332275, 'val_rmse_target_3': 1.0132135152816772, 'val_mae_target_3': 0.7200153470039368, 'val_r2_target_3': -79.3427734375}",COMPLETE
20,0.3582316492166784,2026-01-29 14:15:11.200216,2026-01-29 14:16:05.137852,0 days 00:00:53.937636,16,False,0.2597587155298471,0.1382403409663302,0.346988805031315,0.00020395741813623546,8,2,mean,8,128,0.00025626544310049893,"{'val_rmse_mean': 0.9638861417770386, 'val_mae_mean': 0.7000231146812439, 'val_r2_mean': -27.944366455078125, 'val_rmse_target_0': 1.0146937370300293, 'val_mae_target_0': 0.6627304553985596, 'val_r2_target_0': -33.174400329589844, 'val_rmse_target_1': 0.993344783782959, 'val_mae_target_1': 0.6907564997673035, 'val_r2_target_1': -24.10783576965332, 'val_rmse_target_2': 0.8021603226661682, 'val_mae_target_2': 0.6997910737991333, 'val_r2_target_2': -2.995756149291992, 'val_rmse_target_3': 1.045345664024353, 'val_mae_target_3': 0.746814489364624, 'val_r2_target_3': -51.499481201171875}",COMPLETE
21,0.3572377860546112,2026-01-29 14:16:05.217144,2026-01-29 14:16:51.576779,0 days 00:00:46.359635,16,False,0.21119664688756293,0.3419623933970596,0.20457245616560563,0.0002706017551899249,16,1,static,8,128,0.0013730517836363872,"{'val_rmse_mean': 0.9539872407913208, 'val_mae_mean': 0.6998790502548218, 'val_r2_mean': -17.341751098632812, 'val_rmse_target_0': 0.9952760338783264, 'val_mae_target_0': 0.6345316767692566, 'val_r2_target_0': -35.09971237182617, 'val_rmse_target_1': 0.9686664938926697, 'val_mae_target_1': 0.6773918867111206, 'val_r2_target_1': -11.95006275177002, 'val_rmse_target_2': 0.7787408232688904, 'val_mae_target_2': 0.6925148963928223, 'val_r2_target_2': -0.9966719150543213, 'val_rmse_target_3': 1.073265552520752, 'val_mae_target_3': 0.7950778007507324, 'val_r2_target_3': -21.3205509185791}",COMPLETE
22,0.3624389076398479,2026-01-29 14:16:51.654589,2026-01-29 14:17:48.102802,0 days 00:00:56.448213,16,False,0.16428902140725,0.3266252817249204,0.1898172628179441,0.00030302426703357596,16,2,static,8,128,0.003595496874647182,"{'val_rmse_mean': 0.9602789878845215, 'val_mae_mean': 0.7078046202659607, 'val_r2_mean': -14.680752754211426, 'val_rmse_target_0': 1.0146597623825073, 'val_mae_target_0': 0.6539490222930908, 'val_r2_target_0': -19.86146354675293, 'val_rmse_target_1': 0.9823237657546997, 'val_mae_target_1': 0.7192065119743347, 'val_r2_target_1': -7.514463424682617, 'val_rmse_target_2': 0.7912130951881409, 'val_mae_target_2': 0.6913154125213623, 'val_r2_target_2': -0.7572386264801025, 'val_rmse_target_3': 1.0529193878173828, 'val_mae_target_3': 0.7667474150657654, 'val_r2_target_3': -30.589841842651367}",COMPLETE
23,0.3525097716461729,2026-01-29 14:17:48.182230,2026-01-29 14:18:51.418281,0 days 00:01:03.236051,16,False,0.20292551423134086,0.34657545489142944,0.15626198262280402,0.00022145296661639236,16,3,static,8,128,0.0008347838718760245,"{'val_rmse_mean': 0.950202465057373, 'val_mae_mean': 0.6902830600738525, 'val_r2_mean': -24.627979278564453, 'val_rmse_target_0': 0.9964506030082703, 'val_mae_target_0': 0.6303902864456177, 'val_r2_target_0': -38.89369201660156, 'val_rmse_target_1': 0.9715899229049683, 'val_mae_target_1': 0.6868138909339905, 'val_r2_target_1': -12.799848556518555, 'val_rmse_target_2': 0.7670167684555054, 'val_mae_target_2': 0.6842032670974731, 'val_r2_target_2': -1.7299253940582275, 'val_rmse_target_3': 1.0657525062561035, 'val_mae_target_3': 0.7597246766090393, 'val_r2_target_3': -45.08845138549805}",COMPLETE
24,0.35701889503333306,2026-01-29 14:18:51.498493,2026-01-29 14:19:53.988553,0 days 00:01:02.490060,16,False,0.23242159197074524,0.2835536876088531,0.1474502318282992,0.00017016614156142504,16,3,static,8,128,0.0007802685696971575,"{'val_rmse_mean': 0.9608677625656128, 'val_mae_mean': 0.6999601125717163, 'val_r2_mean': -24.489639282226562, 'val_rmse_target_0': 1.0242491960525513, 'val_mae_target_0': 0.6398453116416931, 'val_r2_target_0': -43.82890319824219, 'val_rmse_target_1': 0.965950071811676, 'val_mae_target_1': 0.6793051958084106, 'val_r2_target_1': -15.457941055297852, 'val_rmse_target_2': 0.7976690530776978, 'val_mae_target_2': 0.7179825901985168, 'val_r2_target_2': -2.8241941928863525, 'val_rmse_target_3': 1.0556025505065918, 'val_mae_target_3': 0.762707531452179, 'val_r2_target_3': -35.8475227355957}",COMPLETE
25,0.35810341465252415,2026-01-29 14:19:54.068680,2026-01-29 14:20:55.055358,0 days 00:01:00.986678,16,False,0.2722837019255683,0.3189585832592728,0.16464234644368406,0.00023000802255958668,8,3,static,8,256,0.0002136120788464853,"{'val_rmse_mean': 0.9540223479270935, 'val_mae_mean': 0.6989762783050537, 'val_r2_mean': -12.063432693481445, 'val_rmse_target_0': 1.0057365894317627, 'val_mae_target_0': 0.638513445854187, 'val_r2_target_0': -16.324636459350586, 'val_rmse_target_1': 0.9851940274238586, 'val_mae_target_1': 0.7076820731163025, 'val_r2_target_1': -6.700747966766357, 'val_rmse_target_2': 0.7584959864616394, 'val_mae_target_2': 0.658435583114624, 'val_r2_target_2': -0.3327838182449341, 'val_rmse_target_3': 1.0666627883911133, 'val_mae_target_3': 0.7912741303443909, 'val_r2_target_3': -24.89556312561035}",COMPLETE
26,0.40612617659348027,2026-01-29 14:20:55.133351,2026-01-29 14:21:51.947970,0 days 00:00:56.814619,16,True,0.19130722843506337,0.29079775911585787,0.12749867359062605,0.0003211895327407276,16,3,static,8,512,2.8006463632152607e-05,"{'val_rmse_mean': 1.0018848180770874, 'val_mae_mean': 0.7550508975982666, 'val_r2_mean': -4.155661582946777, 'val_rmse_target_0': 0.9843333959579468, 'val_mae_target_0': 0.6454675197601318, 'val_r2_target_0': -6.05233097076416, 'val_rmse_target_1': 1.0727744102478027, 'val_mae_target_1': 0.8169949650764465, 'val_r2_target_1': -2.138768196105957, 'val_rmse_target_2': 0.8041123747825623, 'val_mae_target_2': 0.6780871152877808, 'val_r2_target_2': -0.03728687763214111, 'val_rmse_target_3': 1.146319031715393, 'val_mae_target_3': 0.879654049873352, 'val_r2_target_3': -8.394259452819824}",COMPLETE
27,0.35832028629051316,2026-01-29 14:21:52.029040,2026-01-29 14:22:54.152327,0 days 00:01:02.123287,16,False,0.12877691198094504,0.2351326249877885,0.24408108943309303,0.00021425749623780232,8,3,static,8,64,0.0004966092891465742,"{'val_rmse_mean': 0.9691211581230164, 'val_mae_mean': 0.6977831721305847, 'val_r2_mean': -39.514068603515625, 'val_rmse_target_0': 1.024647831916809, 'val_mae_target_0': 0.659523069858551, 'val_r2_target_0': -69.37116241455078, 'val_rmse_target_1': 1.0099971294403076, 'val_mae_target_1': 0.6745284795761108, 'val_r2_target_1': -30.805526733398438, 'val_rmse_target_2': 0.8130843043327332, 'val_mae_target_2': 0.7148299217224121, 'val_r2_target_2': -5.945073127746582, 'val_rmse_target_3': 1.0287551879882812, 'val_mae_target_3': 0.7422511577606201, 'val_r2_target_3': -51.934513092041016}",COMPLETE
28,0.36678244573650537,2026-01-29 14:22:54.226391,2026-01-29 14:23:51.834124,0 days 00:00:57.607733,16,True,0.16930830625748788,0.18160642370291333,0.12882725652876997,0.00015403373954333066,16,3,static,32,128,0.0008902198435069983,"{'val_rmse_mean': 0.9794377088546753, 'val_mae_mean': 0.7110860347747803, 'val_r2_mean': -38.62437438964844, 'val_rmse_target_0': 1.0081756114959717, 'val_mae_target_0': 0.6506483554840088, 'val_r2_target_0': -39.758033752441406, 'val_rmse_target_1': 0.989724338054657, 'val_mae_target_1': 0.6731747388839722, 'val_r2_target_1': -30.770156860351562, 'val_rmse_target_2': 0.8679843544960022, 'val_mae_target_2': 0.7681017518043518, 'val_r2_target_2': -6.0918378829956055, 'val_rmse_target_3': 1.0518666505813599, 'val_mae_target_3': 0.7524193525314331, 'val_r2_target_3': -77.8774642944336}",COMPLETE
29,0.35386388031420885,2026-01-29 14:23:51.908763,2026-01-29 14:24:53.993543,0 days 00:01:02.084780,16,False,0.14743083659460748,0.2591793607031866,0.21510846827435814,0.00017810425584006444,8,3,mean,8,256,0.002182334590588206,"{'val_rmse_mean': 0.9517723917961121, 'val_mae_mean': 0.6976829171180725, 'val_r2_mean': -16.87680435180664, 'val_rmse_target_0': 1.0137052536010742, 'val_mae_target_0': 0.6571714878082275, 'val_r2_target_0': -24.091960906982422, 'val_rmse_target_1': 0.9715141654014587, 'val_mae_target_1': 0.6886229515075684, 'val_r2_target_1': -10.674717903137207, 'val_rmse_target_2': 0.7703307271003723, 'val_mae_target_2': 0.6743937134742737, 'val_r2_target_2': -0.989026665687561, 'val_rmse_target_3': 1.051539421081543, 'val_mae_target_3': 0.77054363489151, 'val_r2_target_3': -31.751514434814453}",COMPLETE
30,0.42154056634064074,2026-01-29 14:24:54.069607,2026-01-29 14:25:50.267057,0 days 00:00:56.197450,16,False,0.23564536529255187,0.19012445052694749,0.17191134147804643,0.00038490204496547634,16,2,mean,32,256,0.000476392331619703,"{'val_rmse_mean': 1.0079842805862427, 'val_mae_mean': 0.7777684926986694, 'val_r2_mean': -2.657026529312134, 'val_rmse_target_0': 0.9185357689857483, 'val_mae_target_0': 0.6399986147880554, 'val_r2_target_0': -2.3012430667877197, 'val_rmse_target_1': 1.0848523378372192, 'val_mae_target_1': 0.8272117376327515, 'val_r2_target_1': -2.487360715866089, 'val_rmse_target_2': 0.8359601497650146, 'val_mae_target_2': 0.711152970790863, 'val_r2_target_2': -0.14232933521270752, 'val_rmse_target_3': 1.1925889253616333, 'val_mae_target_3': 0.9327107071876526, 'val_r2_target_3': -5.69717264175415}",COMPLETE
31,0.35506787923751054,2026-01-29 14:25:50.341902,2026-01-29 14:26:48.163671,0 days 00:00:57.821769,16,False,0.2044353027253937,0.34693861470406534,0.2051903812182859,0.00028934628285588715,16,2,static,8,128,0.004715327374354745,"{'val_rmse_mean': 0.9500309228897095, 'val_mae_mean': 0.6963320970535278, 'val_r2_mean': -17.547649383544922, 'val_rmse_target_0': 1.0173815488815308, 'val_mae_target_0': 0.6670709252357483, 'val_r2_target_0': -23.108707427978516, 'val_rmse_target_1': 0.969769299030304, 'val_mae_target_1': 0.6931959986686707, 'val_r2_target_1': -8.994508743286133, 'val_rmse_target_2': 0.7592248916625977, 'val_mae_target_2': 0.6678909659385681, 'val_r2_target_2': -0.8971562385559082, 'val_rmse_target_3': 1.0537478923797607, 'val_mae_target_3': 0.7571704387664795, 'val_r2_target_3': -37.19021987915039}",COMPLETE
32,0.3449136918341672,2026-01-29 14:26:48.238934,2026-01-29 14:27:43.714384,0 days 00:00:55.475450,16,False,0.21296944295340778,0.32310768642810067,0.19103391951416035,0.00022750546852567957,16,2,static,8,128,0.002030321309567903,"{'val_rmse_mean': 0.9384377002716064, 'val_mae_mean': 0.6771203279495239, 'val_r2_mean': -18.366985321044922, 'val_rmse_target_0': 0.9852243065834045, 'val_mae_target_0': 0.6406055688858032, 'val_r2_target_0': -24.726577758789062, 'val_rmse_target_1': 0.9397197961807251, 'val_mae_target_1': 0.6358518004417419, 'val_r2_target_1': -13.626790046691895, 'val_rmse_target_2': 0.769011914730072, 'val_mae_target_2': 0.6723706126213074, 'val_r2_target_2': -1.8691391944885254, 'val_rmse_target_3': 1.0597947835922241, 'val_mae_target_3': 0.7596532106399536, 'val_r2_target_3': -33.24542999267578}",COMPLETE
33,0.3542044968516738,2026-01-29 14:27:43.790956,2026-01-29 14:28:40.074372,0 days 00:00:56.283416,16,False,0.22057584989590517,0.32163459837105973,0.3103996688617224,0.0001860537892338948,16,2,static,8,128,0.001017477077420219,"{'val_rmse_mean': 0.9564018249511719, 'val_mae_mean': 0.6894172430038452, 'val_r2_mean': -35.45948791503906, 'val_rmse_target_0': 0.9887459874153137, 'val_mae_target_0': 0.6275471448898315, 'val_r2_target_0': -64.94003295898438, 'val_rmse_target_1': 0.9827631711959839, 'val_mae_target_1': 0.669493556022644, 'val_r2_target_1': -17.567399978637695, 'val_rmse_target_2': 0.813805341720581, 'val_mae_target_2': 0.7266604900360107, 'val_r2_target_2': -3.3578696250915527, 'val_rmse_target_3': 1.040292739868164, 'val_mae_target_3': 0.7339679002761841, 'val_r2_target_3': -55.97263717651367}",COMPLETE
34,0.3642423500617345,2026-01-29 14:28:40.150770,2026-01-29 14:29:43.831594,0 days 00:01:03.680824,16,False,0.1827441015150947,0.33089190117547,0.18576345439705794,0.00013925315075300832,16,3,attention,8,512,0.002040776564249653,"{'val_rmse_mean': 0.9594347476959229, 'val_mae_mean': 0.710371732711792, 'val_r2_mean': -11.770162582397461, 'val_rmse_target_0': 1.02094566822052, 'val_mae_target_0': 0.6713317632675171, 'val_r2_target_0': -15.131937026977539, 'val_rmse_target_1': 0.9973297715187073, 'val_mae_target_1': 0.7338760495185852, 'val_r2_target_1': -5.411397457122803, 'val_rmse_target_2': 0.7470095753669739, 'val_mae_target_2': 0.6454725861549377, 'val_r2_target_2': -0.3894127607345581, 'val_rmse_target_3': 1.0724540948867798, 'val_mae_target_3': 0.7908065915107727, 'val_r2_target_3': -26.14790153503418}",COMPLETE
35,0.358899369145985,2026-01-29 14:29:43.907370,2026-01-29 14:30:39.642791,0 days 00:00:55.735421,16,False,0.2503543421440894,0.2947706323742511,0.2855501697658775,0.0002285123838566146,8,2,static,32,128,0.00016250902560782426,"{'val_rmse_mean': 0.9592766761779785, 'val_mae_mean': 0.705128014087677, 'val_r2_mean': -19.990158081054688, 'val_rmse_target_0': 0.9816527366638184, 'val_mae_target_0': 0.6232393980026245, 'val_r2_target_0': -28.070581436157227, 'val_rmse_target_1': 0.9812030792236328, 'val_mae_target_1': 0.7022752165794373, 'val_r2_target_1': -12.178553581237793, 'val_rmse_target_2': 0.8012065887451172, 'val_mae_target_2': 0.7193195223808289, 'val_r2_target_2': -2.4420862197875977, 'val_rmse_target_3': 1.0730444192886353, 'val_mae_target_3': 0.7756778597831726, 'val_r2_target_3': -37.269405364990234}",COMPLETE
36,0.3684273419763755,2026-01-29 14:30:39.718591,2026-01-29 14:31:28.763268,0 days 00:00:49.044677,16,False,0.2041488517365304,0.2735913095019049,0.12998155017373186,9.625710279897137e-05,32,1,attention,8,128,0.00543967897338646,"{'val_rmse_mean': 0.9843274354934692, 'val_mae_mean': 0.7086055874824524, 'val_r2_mean': -74.23894500732422, 'val_rmse_target_0': 1.0199027061462402, 'val_mae_target_0': 0.6478493213653564, 'val_r2_target_0': -162.97329711914062, 'val_rmse_target_1': 1.0128769874572754, 'val_mae_target_1': 0.6952547430992126, 'val_r2_target_1': -50.77912902832031, 'val_rmse_target_2': 0.8549814224243164, 'val_mae_target_2': 0.7434847354888916, 'val_r2_target_2': -12.440524101257324, 'val_rmse_target_3': 1.049548625946045, 'val_mae_target_3': 0.7478334903717041, 'val_r2_target_3': -70.76282501220703}",COMPLETE
37,0.423665600794333,2026-01-29 14:31:28.838750,2026-01-29 14:32:31.326372,0 days 00:01:02.487622,16,False,0.2788330996766346,0.31176299647382794,0.1613613945598547,0.00035655423594840933,16,3,static,16,512,9.168827602646414e-05,"{'val_rmse_mean': 1.0231759548187256, 'val_mae_mean': 0.7782195210456848, 'val_r2_mean': -2.8470067977905273, 'val_rmse_target_0': 0.9733840227127075, 'val_mae_target_0': 0.6902549862861633, 'val_r2_target_0': -3.1331472396850586, 'val_rmse_target_1': 1.0691351890563965, 'val_mae_target_1': 0.8171340227127075, 'val_r2_target_1': -2.1434834003448486, 'val_rmse_target_2': 0.829328715801239, 'val_mae_target_2': 0.6947571635246277, 'val_r2_target_2': -0.04322469234466553, 'val_rmse_target_3': 1.2208561897277832, 'val_mae_target_3': 0.9107317924499512, 'val_r2_target_3': -6.068170547485352}",COMPLETE
38,0.34889714357753593,2026-01-29 14:32:31.401076,2026-01-29 14:33:25.771782,0 days 00:00:54.370706,16,True,0.10641269401441669,0.3377586001909026,0.2560575340869248,0.00016376768275372532,32,2,static,32,256,0.00033773868315988985,"{'val_rmse_mean': 0.940791130065918, 'val_mae_mean': 0.6915766000747681, 'val_r2_mean': -14.218931198120117, 'val_rmse_target_0': 0.9874908328056335, 'val_mae_target_0': 0.6300436854362488, 'val_r2_target_0': -20.790714263916016, 'val_rmse_target_1': 0.9706830978393555, 'val_mae_target_1': 0.6925646662712097, 'val_r2_target_1': -8.503046035766602, 'val_rmse_target_2': 0.7406226396560669, 'val_mae_target_2': 0.6530236005783081, 'val_r2_target_2': -1.108114242553711, 'val_rmse_target_3': 1.0643677711486816, 'val_mae_target_3': 0.7906745076179504, 'val_r2_target_3': -26.473846435546875}",COMPLETE
39,0.35875164641550294,2026-01-29 14:33:25.846994,2026-01-29 14:34:20.687708,0 days 00:00:54.840714,16,True,0.1065077062347144,0.24244809344430512,0.2648137737457703,0.00016383389934737237,32,2,static,32,128,0.00035718224958522114,"{'val_rmse_mean': 0.961094856262207, 'val_mae_mean': 0.6952798366546631, 'val_r2_mean': -25.39293670654297, 'val_rmse_target_0': 0.984557032585144, 'val_mae_target_0': 0.6300719380378723, 'val_r2_target_0': -38.57376480102539, 'val_rmse_target_1': 0.9772256016731262, 'val_mae_target_1': 0.671574056148529, 'val_r2_target_1': -14.995065689086914, 'val_rmse_target_2': 0.8181702494621277, 'val_mae_target_2': 0.7248900532722473, 'val_r2_target_2': -4.19704008102417, 'val_rmse_target_3': 1.064426302909851, 'val_mae_target_3': 0.7545834183692932, 'val_r2_target_3': -43.80588150024414}",COMPLETE
40,0.37590070434466555,2026-01-29 14:34:20.761535,2026-01-29 14:35:19.338882,0 days 00:00:58.577347,16,True,0.04974503205441877,0.11780390489836698,0.31747787346408773,0.00010520322456933789,32,2,attention,32,64,6.044173823838221e-05,"{'val_rmse_mean': 0.9892176389694214, 'val_mae_mean': 0.7132432460784912, 'val_r2_mean': -89.37633514404297, 'val_rmse_target_0': 0.9797267317771912, 'val_mae_target_0': 0.6266857385635376, 'val_r2_target_0': -133.66549682617188, 'val_rmse_target_1': 0.992899477481842, 'val_mae_target_1': 0.6663520336151123, 'val_r2_target_1': -71.5023193359375, 'val_rmse_target_2': 0.9368996620178223, 'val_mae_target_2': 0.8151803016662598, 'val_r2_target_2': -33.161460876464844, 'val_rmse_target_3': 1.0473445653915405, 'val_mae_target_3': 0.7447549104690552, 'val_r2_target_3': -119.17604064941406}",COMPLETE
41,0.3649143149593362,2026-01-29 14:35:19.414035,2026-01-29 14:36:14.625586,0 days 00:00:55.211551,16,True,0.08955147548447812,0.3393349457946377,0.2867711902652325,0.00019366062451022854,32,2,static,32,256,0.000637793901460937,"{'val_rmse_mean': 0.9583617448806763, 'val_mae_mean': 0.7179365158081055, 'val_r2_mean': -9.579813003540039, 'val_rmse_target_0': 0.9825810790061951, 'val_mae_target_0': 0.6613614559173584, 'val_r2_target_0': -12.622426986694336, 'val_rmse_target_1': 0.9919516444206238, 'val_mae_target_1': 0.7385393977165222, 'val_r2_target_1': -5.547269821166992, 'val_rmse_target_2': 0.7606578469276428, 'val_mae_target_2': 0.6664139032363892, 'val_r2_target_2': -0.568449854850769, 'val_rmse_target_3': 1.0982563495635986, 'val_mae_target_3': 0.8054312467575073, 'val_r2_target_3': -19.58110809326172}",COMPLETE
42,0.36604753481569113,2026-01-29 14:36:14.700383,2026-01-29 14:37:04.660384,0 days 00:00:49.960001,16,True,0.11223800891041671,0.32855385409491134,0.24707620962011506,0.00022558845950169164,32,1,static,32,256,0.0001940624932075141,"{'val_rmse_mean': 0.9571428298950195, 'val_mae_mean': 0.7170987725257874, 'val_r2_mean': -6.775426864624023, 'val_rmse_target_0': 0.980328381061554, 'val_mae_target_0': 0.6618691086769104, 'val_r2_target_0': -6.004023551940918, 'val_rmse_target_1': 0.9839380383491516, 'val_mae_target_1': 0.7087779641151428, 'val_r2_target_1': -4.971286773681641, 'val_rmse_target_2': 0.7486597299575806, 'val_mae_target_2': 0.6569210886955261, 'val_r2_target_2': -0.27145636081695557, 'val_rmse_target_3': 1.1156450510025024, 'val_mae_target_3': 0.8408270478248596, 'val_r2_target_3': -15.854944229125977}",COMPLETE
43,0.36145459667400076,2026-01-29 14:37:04.735927,2026-01-29 14:37:59.018127,0 days 00:00:54.282200,16,True,0.15457627470385638,0.3479495434556891,0.17928721816612875,0.00012914377287849432,32,2,static,16,256,0.0003369064288795448,"{'val_rmse_mean': 0.967491865158081, 'val_mae_mean': 0.7087371945381165, 'val_r2_mean': -22.475669860839844, 'val_rmse_target_0': 1.002846598625183, 'val_mae_target_0': 0.640090823173523, 'val_r2_target_0': -34.875770568847656, 'val_rmse_target_1': 1.0039775371551514, 'val_mae_target_1': 0.7059417366981506, 'val_r2_target_1': -14.055373191833496, 'val_rmse_target_2': 0.8023136854171753, 'val_mae_target_2': 0.7202025651931763, 'val_r2_target_2': -2.252056121826172, 'val_rmse_target_3': 1.0608296394348145, 'val_mae_target_3': 0.768713653087616, 'val_r2_target_3': -38.71947479248047}",COMPLETE
44,0.3521138175770088,2026-01-29 14:37:59.092879,2026-01-29 14:38:57.636002,0 days 00:00:58.543123,16,True,0.14370428404033053,0.29903167643755413,0.23474017702205216,0.00017916469353255126,8,3,static,32,256,0.002527294798818635,"{'val_rmse_mean': 0.9458380937576294, 'val_mae_mean': 0.6937581896781921, 'val_r2_mean': -17.582290649414062, 'val_rmse_target_0': 0.9793540239334106, 'val_mae_target_0': 0.6370540857315063, 'val_r2_target_0': -22.131364822387695, 'val_rmse_target_1': 0.9810733199119568, 'val_mae_target_1': 0.7010315656661987, 'val_r2_target_1': -11.894044876098633, 'val_rmse_target_2': 0.7488425374031067, 'val_mae_target_2': 0.6609042286872864, 'val_r2_target_2': -1.0188462734222412, 'val_rmse_target_3': 1.074082612991333, 'val_mae_target_3': 0.7760429382324219, 'val_r2_target_3': -35.2849006652832}",COMPLETE
45,0.36191040249886336,2026-01-29 14:38:57.710256,2026-01-29 14:39:57.015281,0 days 00:00:59.305025,16,True,0.053671697250264765,0.27059516189830213,0.27357270305902354,0.0001462126710942122,32,3,static,32,256,0.002604598158402884,"{'val_rmse_mean': 0.9605709314346313, 'val_mae_mean': 0.7160485982894897, 'val_r2_mean': -15.48116683959961, 'val_rmse_target_0': 0.992861270904541, 'val_mae_target_0': 0.6624574065208435, 'val_r2_target_0': -17.451732635498047, 'val_rmse_target_1': 0.9827261567115784, 'val_mae_target_1': 0.7125053405761719, 'val_r2_target_1': -11.074410438537598, 'val_rmse_target_2': 0.7823861837387085, 'val_mae_target_2': 0.7035916447639465, 'val_r2_target_2': -1.6292407512664795, 'val_rmse_target_3': 1.0843101739883423, 'val_mae_target_3': 0.7856398820877075, 'val_r2_target_3': -31.76927947998047}",COMPLETE
46,0.3592857058953356,2026-01-29 14:39:57.090245,2026-01-29 14:40:52.733592,0 days 00:00:55.643347,16,True,0.14107680100636652,0.29476889726366184,0.23182729970926916,0.00017751166487083638,8,2,static,32,128,0.0001063298128641382,"{'val_rmse_mean': 0.9615923166275024, 'val_mae_mean': 0.6983333826065063, 'val_r2_mean': -28.740413665771484, 'val_rmse_target_0': 0.9902319312095642, 'val_mae_target_0': 0.6460996270179749, 'val_r2_target_0': -45.010337829589844, 'val_rmse_target_1': 0.9781863689422607, 'val_mae_target_1': 0.6742047071456909, 'val_r2_target_1': -19.105876922607422, 'val_rmse_target_2': 0.8184799551963806, 'val_mae_target_2': 0.7093749046325684, 'val_r2_target_2': -4.039605617523193, 'val_rmse_target_3': 1.0594710111618042, 'val_mae_target_3': 0.763654351234436, 'val_r2_target_3': -46.805843353271484}",COMPLETE
47,0.3565917910525092,2026-01-29 14:40:52.807532,2026-01-29 14:41:52.938493,0 days 00:01:00.130961,16,True,0.12190305228167096,0.3078593709690153,0.21471099099541793,0.00016448768200002034,16,3,attention,32,256,0.0010874007960288532,"{'val_rmse_mean': 0.9524844884872437, 'val_mae_mean': 0.711951494216919, 'val_r2_mean': -14.57968521118164, 'val_rmse_target_0': 1.0081158876419067, 'val_mae_target_0': 0.6719629764556885, 'val_r2_target_0': -18.358081817626953, 'val_rmse_target_1': 0.9621701836585999, 'val_mae_target_1': 0.7024621367454529, 'val_r2_target_1': -9.473544120788574, 'val_rmse_target_2': 0.7590693831443787, 'val_mae_target_2': 0.6748076677322388, 'val_r2_target_2': -1.5061094760894775, 'val_rmse_target_3': 1.0805823802947998, 'val_mae_target_3': 0.7985730767250061, 'val_r2_target_3': -28.981006622314453}",COMPLETE
48,0.35652054501352487,2026-01-29 14:41:53.012647,2026-01-29 14:42:47.993403,0 days 00:00:54.980756,16,True,0.24586906326067035,0.32174885475941395,0.25090137049111266,0.0002477852002994119,8,2,static,32,128,0.00012879702615450957,"{'val_rmse_mean': 0.9571479558944702, 'val_mae_mean': 0.7024606466293335, 'val_r2_mean': -16.821025848388672, 'val_rmse_target_0': 0.9835833311080933, 'val_mae_target_0': 0.6407642960548401, 'val_r2_target_0': -18.91883659362793, 'val_rmse_target_1': 0.9954376220703125, 'val_mae_target_1': 0.689450740814209, 'val_r2_target_1': -13.370237350463867, 'val_rmse_target_2': 0.7765296101570129, 'val_mae_target_2': 0.6979297399520874, 'val_r2_target_2': -1.9310338497161865, 'val_rmse_target_3': 1.073041319847107, 'val_mae_target_3': 0.781697690486908, 'val_r2_target_3': -33.063995361328125}",COMPLETE
49,0.36370150310297805,2026-01-29 14:42:48.069228,2026-01-29 14:43:49.542257,0 days 00:01:01.473029,16,True,0.0946631601692496,0.2175069539342101,0.26258635322633617,0.00012896171980897436,32,3,mean,16,64,0.0007581727398053591,"{'val_rmse_mean': 0.9760962128639221, 'val_mae_mean': 0.6993741989135742, 'val_r2_mean': -78.47612762451172, 'val_rmse_target_0': 1.001437783241272, 'val_mae_target_0': 0.6359809637069702, 'val_r2_target_0': -72.86476135253906, 'val_rmse_target_1': 0.9988706111907959, 'val_mae_target_1': 0.7006134986877441, 'val_r2_target_1': -47.499755859375, 'val_rmse_target_2': 0.8843342065811157, 'val_mae_target_2': 0.7570359706878662, 'val_r2_target_2': -14.820796966552734, 'val_rmse_target_3': 1.0197422504425049, 'val_mae_target_3': 0.7038664817810059, 'val_r2_target_3': -178.71920776367188}",COMPLETE
50,0.3632245855750861,2026-01-29 14:43:49.617198,2026-01-29 14:44:37.126020,0 days 00:00:47.508822,16,True,0.062412762605592254,0.3344351961927552,0.3196131304989816,5.843263791697202e-05,8,1,static,32,256,1.0579845442566964e-05,"{'val_rmse_mean': 0.9757522940635681, 'val_mae_mean': 0.6956580877304077, 'val_r2_mean': -88.263916015625, 'val_rmse_target_0': 1.0156357288360596, 'val_mae_target_0': 0.6339274048805237, 'val_r2_target_0': -112.98037719726562, 'val_rmse_target_1': 0.9838589429855347, 'val_mae_target_1': 0.6638745069503784, 'val_r2_target_1': -84.00439453125, 'val_rmse_target_2': 0.8985261917114258, 'val_mae_target_2': 0.7779145240783691, 'val_r2_target_2': -25.863510131835938, 'val_rmse_target_3': 1.004988431930542, 'val_mae_target_3': 0.7069157958030701, 'val_r2_target_3': -130.20736694335938}",COMPLETE
51,0.3584678980211417,2026-01-29 14:44:37.200923,2026-01-29 14:45:31.131803,0 days 00:00:53.930880,16,True,0.0017556079227059318,0.3383231170197541,0.19246950144359437,0.00020839724169622207,8,3,static,8,256,0.0015690867384087796,"{'val_rmse_mean': 0.9476888179779053, 'val_mae_mean': 0.7092233896255493, 'val_r2_mean': -10.310493469238281, 'val_rmse_target_0': 1.0231491327285767, 'val_mae_target_0': 0.6768507361412048, 'val_r2_target_0': -14.888639450073242, 'val_rmse_target_1': 0.9788262844085693, 'val_mae_target_1': 0.7159796357154846, 'val_r2_target_1': -6.063000202178955, 'val_rmse_target_2': 0.7393600940704346, 'val_mae_target_2': 0.6560660004615784, 'val_r2_target_2': -0.35572779178619385, 'val_rmse_target_3': 1.049419641494751, 'val_mae_target_3': 0.7879971861839294, 'val_r2_target_3': -19.93460464477539}",COMPLETE
52,0.35443099477776774,2026-01-29 14:45:31.207005,2026-01-29 14:46:33.369446,0 days 00:01:02.162441,16,False,0.18444652310686363,0.31895885969450594,0.23624959443124707,0.00019067438670563144,8,3,static,8,256,0.0027487154315713014,"{'val_rmse_mean': 0.951086163520813, 'val_mae_mean': 0.6996092796325684, 'val_r2_mean': -16.633399963378906, 'val_rmse_target_0': 1.014858603477478, 'val_mae_target_0': 0.6545330286026001, 'val_r2_target_0': -26.799922943115234, 'val_rmse_target_1': 0.9695218801498413, 'val_mae_target_1': 0.6961747407913208, 'val_r2_target_1': -8.850872993469238, 'val_rmse_target_2': 0.7641373872756958, 'val_mae_target_2': 0.6740050315856934, 'val_r2_target_2': -0.6166044473648071, 'val_rmse_target_3': 1.0558267831802368, 'val_mae_target_3': 0.7737243175506592, 'val_r2_target_3': -30.266193389892578}",COMPLETE
53,0.3500541616921072,2026-01-29 14:46:33.444469,2026-01-29 14:47:30.196930,0 days 00:00:56.752461,16,True,0.22836806360900685,0.3487085096545731,0.29456175017455377,0.00023417561858554483,8,3,static,8,256,0.00028578348234292744,"{'val_rmse_mean': 0.9429287314414978, 'val_mae_mean': 0.688022792339325, 'val_r2_mean': -12.190916061401367, 'val_rmse_target_0': 1.0026699304580688, 'val_mae_target_0': 0.6358122825622559, 'val_r2_target_0': -17.495960235595703, 'val_rmse_target_1': 0.9615403413772583, 'val_mae_target_1': 0.6946032047271729, 'val_r2_target_1': -6.827764511108398, 'val_rmse_target_2': 0.7323583364486694, 'val_mae_target_2': 0.6429274678230286, 'val_r2_target_2': -0.39201390743255615, 'val_rmse_target_3': 1.0751464366912842, 'val_mae_target_3': 0.7787483334541321, 'val_r2_target_3': -24.04791831970215}",COMPLETE
54,0.36349878791305756,2026-01-29 14:47:30.271750,2026-01-29 14:48:27.954524,0 days 00:00:57.682774,16,True,0.2350567754176784,0.3031323240651593,0.2914645368045193,0.0002808633434945561,8,3,static,8,256,0.00024020547210548796,"{'val_rmse_mean': 0.9574589729309082, 'val_mae_mean': 0.7055222988128662, 'val_r2_mean': -11.365964889526367, 'val_rmse_target_0': 1.0089149475097656, 'val_mae_target_0': 0.6597927212715149, 'val_r2_target_0': -16.68695068359375, 'val_rmse_target_1': 1.0012351274490356, 'val_mae_target_1': 0.7309150099754333, 'val_r2_target_1': -5.545454025268555, 'val_rmse_target_2': 0.7472500205039978, 'val_mae_target_2': 0.6445977687835693, 'val_r2_target_2': -0.21117615699768066, 'val_rmse_target_3': 1.072435736656189, 'val_mae_target_3': 0.7867835760116577, 'val_r2_target_3': -23.020265579223633}",COMPLETE
55,0.3546530078682635,2026-01-29 14:48:28.031290,2026-01-29 14:49:25.079774,0 days 00:00:57.048484,16,True,0.25959424137091397,0.15576581102075246,0.29869960392549644,0.00023471400834240534,8,3,static,32,128,0.00028715720474804796,"{'val_rmse_mean': 0.9539477229118347, 'val_mae_mean': 0.6919909715652466, 'val_r2_mean': -17.62665557861328, 'val_rmse_target_0': 0.9838776588439941, 'val_mae_target_0': 0.6194698810577393, 'val_r2_target_0': -24.36263084411621, 'val_rmse_target_1': 0.9775931239128113, 'val_mae_target_1': 0.6914587616920471, 'val_r2_target_1': -15.243082046508789, 'val_rmse_target_2': 0.7834028005599976, 'val_mae_target_2': 0.6865769624710083, 'val_r2_target_2': -2.2101428508758545, 'val_rmse_target_3': 1.0709173679351807, 'val_mae_target_3': 0.7704583406448364, 'val_r2_target_3': -28.690765380859375}",COMPLETE
56,0.36244546953174805,2026-01-29 14:49:25.155169,2026-01-29 14:50:18.360766,0 days 00:00:53.205597,16,True,0.21640401456115246,0.3164734654400453,0.2759467273526405,0.00024266372355697977,16,2,static,8,256,0.0006160754959926381,"{'val_rmse_mean': 0.9566006660461426, 'val_mae_mean': 0.7091490030288696, 'val_r2_mean': -11.51518726348877, 'val_rmse_target_0': 1.0201648473739624, 'val_mae_target_0': 0.6781466603279114, 'val_r2_target_0': -14.600349426269531, 'val_rmse_target_1': 0.9820795655250549, 'val_mae_target_1': 0.7159835696220398, 'val_r2_target_1': -6.807884693145752, 'val_rmse_target_2': 0.7477469444274902, 'val_mae_target_2': 0.6533978581428528, 'val_r2_target_2': -0.2732630968093872, 'val_rmse_target_3': 1.0764113664627075, 'val_mae_target_3': 0.7890681028366089, 'val_r2_target_3': -24.379255294799805}",COMPLETE
57,0.3618682689136929,2026-01-29 14:50:18.435680,2026-01-29 14:51:16.138544,0 days 00:00:57.702864,16,True,0.16121748804699965,0.33392881686650416,0.25969024759370285,0.0002666229079369815,8,3,static,16,128,0.0003586057835967874,"{'val_rmse_mean': 0.9613296389579773, 'val_mae_mean': 0.7090374827384949, 'val_r2_mean': -15.144980430603027, 'val_rmse_target_0': 1.001821517944336, 'val_mae_target_0': 0.6324266791343689, 'val_r2_target_0': -24.632680892944336, 'val_rmse_target_1': 0.9897677302360535, 'val_mae_target_1': 0.7035808563232422, 'val_r2_target_1': -11.644761085510254, 'val_rmse_target_2': 0.7742456197738647, 'val_mae_target_2': 0.6897321343421936, 'val_r2_target_2': -1.0407633781433105, 'val_rmse_target_3': 1.0794837474822998, 'val_mae_target_3': 0.8104103207588196, 'val_r2_target_3': -23.26171875}",COMPLETE
58,0.3575275013292277,2026-01-29 14:51:16.213587,2026-01-29 14:52:14.462242,0 days 00:00:58.248655,16,True,0.14072349451447838,0.2875622597694839,0.33447256026659006,0.0001525417434618751,8,3,static,8,512,6.418694855826594e-05,"{'val_rmse_mean': 0.9494298696517944, 'val_mae_mean': 0.7001661062240601, 'val_r2_mean': -12.174163818359375, 'val_rmse_target_0': 1.0159944295883179, 'val_mae_target_0': 0.6651744246482849, 'val_r2_target_0': -16.7096004486084, 'val_rmse_target_1': 0.9712918996810913, 'val_mae_target_1': 0.7029730677604675, 'val_r2_target_1': -5.430663108825684, 'val_rmse_target_2': 0.7489142417907715, 'val_mae_target_2': 0.6556401252746582, 'val_r2_target_2': -0.298160195350647, 'val_rmse_target_3': 1.0615187883377075, 'val_mae_target_3': 0.7768769264221191, 'val_r2_target_3': -26.258230209350586}",COMPLETE
59,0.35498720517864935,2026-01-29 14:52:14.537126,2026-01-29 14:53:11.761972,0 days 00:00:57.224846,16,True,0.22550994743363495,0.3264594728708046,0.24165615044712965,0.0002110804367465165,16,3,static,8,256,0.0001391702493985351,"{'val_rmse_mean': 0.949555516242981, 'val_mae_mean': 0.6991257071495056, 'val_r2_mean': -11.408767700195312, 'val_rmse_target_0': 1.0242992639541626, 'val_mae_target_0': 0.6594746708869934, 'val_r2_target_0': -17.050973892211914, 'val_rmse_target_1': 0.9971141815185547, 'val_mae_target_1': 0.7262008190155029, 'val_r2_target_1': -5.459787845611572, 'val_rmse_target_2': 0.7211299538612366, 'val_mae_target_2': 0.6296511292457581, 'val_r2_target_2': -0.43991947174072266, 'val_rmse_target_3': 1.0556787252426147, 'val_mae_target_3': 0.7811763286590576, 'val_r2_target_3': -22.684391021728516}",COMPLETE
60,0.35171667679592417,2026-01-29 14:53:11.835829,2026-01-29 14:54:04.972588,0 days 00:00:53.136759,16,True,0.2006845389632487,0.3496819057971455,0.22255510203468826,0.0001831661574587109,8,2,static,8,128,0.005210974911910606,"{'val_rmse_mean': 0.9555491209030151, 'val_mae_mean': 0.6919642686843872, 'val_r2_mean': -37.3031005859375, 'val_rmse_target_0': 0.9946097731590271, 'val_mae_target_0': 0.6329258680343628, 'val_r2_target_0': -59.53060531616211, 'val_rmse_target_1': 0.9924643039703369, 'val_mae_target_1': 0.6933629512786865, 'val_r2_target_1': -14.402231216430664, 'val_rmse_target_2': 0.7917145490646362, 'val_mae_target_2': 0.6929551362991333, 'val_r2_target_2': -3.066354274749756, 'val_rmse_target_3': 1.0434080362319946, 'val_mae_target_3': 0.7486130595207214, 'val_r2_target_3': -72.21321868896484}",COMPLETE
61,0.35228333849873805,2026-01-29 14:54:05.046364,2026-01-29 14:54:59.285401,0 days 00:00:54.239037,16,True,0.19960526938383447,0.34159415145933725,0.22060862908634093,0.00017622494239038768,8,2,static,8,128,0.006553293048586882,"{'val_rmse_mean': 0.9560842514038086, 'val_mae_mean': 0.6916909217834473, 'val_r2_mean': -47.70268249511719, 'val_rmse_target_0': 1.012322187423706, 'val_mae_target_0': 0.6384138464927673, 'val_r2_target_0': -92.63900756835938, 'val_rmse_target_1': 0.9627314805984497, 'val_mae_target_1': 0.6767931580543518, 'val_r2_target_1': -20.871410369873047, 'val_rmse_target_2': 0.808303952217102, 'val_mae_target_2': 0.7046161890029907, 'val_r2_target_2': -3.2148895263671875, 'val_rmse_target_3': 1.0409793853759766, 'val_mae_target_3': 0.7469404935836792, 'val_r2_target_3': -74.0854263305664}",COMPLETE
62,0.3559970714289833,2026-01-29 14:54:59.359604,2026-01-29 14:55:53.131025,0 days 00:00:53.771421,16,True,0.17765720548421757,0.34977658015371105,0.22631562091132235,0.00016872113542366386,8,2,static,8,128,0.006261654327649162,"{'val_rmse_mean': 0.9639997482299805, 'val_mae_mean': 0.6890174746513367, 'val_r2_mean': -35.05970001220703, 'val_rmse_target_0': 1.0023125410079956, 'val_mae_target_0': 0.6447136998176575, 'val_r2_target_0': -67.20533752441406, 'val_rmse_target_1': 0.9811243414878845, 'val_mae_target_1': 0.6523529291152954, 'val_r2_target_1': -23.749717712402344, 'val_rmse_target_2': 0.8227362036705017, 'val_mae_target_2': 0.7103456854820251, 'val_r2_target_2': -4.024070739746094, 'val_rmse_target_3': 1.04982590675354, 'val_mae_target_3': 0.7486575245857239, 'val_r2_target_3': -45.25967025756836}",COMPLETE
63,0.35777720864172335,2026-01-29 14:55:53.206481,2026-01-29 14:56:46.202510,0 days 00:00:52.996029,16,True,0.2010001779376608,0.3390099285380422,0.21817668053241077,0.00018372286231136648,8,2,static,8,128,0.0037745648745712034,"{'val_rmse_mean': 0.9589034914970398, 'val_mae_mean': 0.701439380645752, 'val_r2_mean': -28.055908203125, 'val_rmse_target_0': 1.0011875629425049, 'val_mae_target_0': 0.645427405834198, 'val_r2_target_0': -34.4303092956543, 'val_rmse_target_1': 0.9725962281227112, 'val_mae_target_1': 0.6862200498580933, 'val_r2_target_1': -16.816280364990234, 'val_rmse_target_2': 0.8122231364250183, 'val_mae_target_2': 0.7185158133506775, 'val_r2_target_2': -3.3718643188476562, 'val_rmse_target_3': 1.0496070384979248, 'val_mae_target_3': 0.7555941939353943, 'val_r2_target_3': -57.60515594482422}",COMPLETE
64,0.3527464908030298,2026-01-29 14:56:46.276759,2026-01-29 14:57:38.732831,0 days 00:00:52.456072,16,True,0.21108084612843503,0.34210016164483725,0.20839847126232464,0.00019742633552019437,8,2,static,8,128,0.009136897283886367,"{'val_rmse_mean': 0.952106773853302, 'val_mae_mean': 0.6966089010238647, 'val_r2_mean': -27.399059295654297, 'val_rmse_target_0': 1.0027981996536255, 'val_mae_target_0': 0.6268888115882874, 'val_r2_target_0': -41.646915435791016, 'val_rmse_target_1': 0.9696251153945923, 'val_mae_target_1': 0.69297194480896, 'val_r2_target_1': -14.320564270019531, 'val_rmse_target_2': 0.7965806126594543, 'val_mae_target_2': 0.7135257124900818, 'val_r2_target_2': -2.7775895595550537, 'val_rmse_target_3': 1.0394232273101807, 'val_mae_target_3': 0.7530490756034851, 'val_r2_target_3': -50.85116958618164}",COMPLETE
65,0.36098441992093017,2026-01-29 14:57:38.808226,2026-01-29 14:58:32.973402,0 days 00:00:54.165176,16,True,0.19438044666376766,0.3294305872429205,0.2550595932616888,0.000137428161920174,8,2,mean,8,128,0.0041556050730355044,"{'val_rmse_mean': 0.9733684062957764, 'val_mae_mean': 0.6945137977600098, 'val_r2_mean': -41.2679443359375, 'val_rmse_target_0': 1.0092240571975708, 'val_mae_target_0': 0.6168953776359558, 'val_r2_target_0': -57.916805267333984, 'val_rmse_target_1': 0.9904572367668152, 'val_mae_target_1': 0.6911370754241943, 'val_r2_target_1': -33.303680419921875, 'val_rmse_target_2': 0.8584716320037842, 'val_mae_target_2': 0.7349448204040527, 'val_r2_target_2': -7.903445243835449, 'val_rmse_target_3': 1.0353208780288696, 'val_mae_target_3': 0.7350779175758362, 'val_r2_target_3': -65.94783020019531}",COMPLETE
66,0.36528436273888304,2026-01-29 14:58:33.054778,2026-01-29 14:59:27.724235,0 days 00:00:54.669457,16,True,0.17655117749822155,0.31391219551545946,0.22210368754328316,0.00011704510346537359,16,2,static,8,128,0.005246143512479421,"{'val_rmse_mean': 0.9749966263771057, 'val_mae_mean': 0.6997384428977966, 'val_r2_mean': -59.377601623535156, 'val_rmse_target_0': 1.01799476146698, 'val_mae_target_0': 0.6452265381813049, 'val_r2_target_0': -53.155731201171875, 'val_rmse_target_1': 0.9654217958450317, 'val_mae_target_1': 0.6695910692214966, 'val_r2_target_1': -36.117759704589844, 'val_rmse_target_2': 0.8809540867805481, 'val_mae_target_2': 0.7553747892379761, 'val_r2_target_2': -11.905566215515137, 'val_rmse_target_3': 1.0356159210205078, 'val_mae_target_3': 0.7287613749504089, 'val_r2_target_3': -136.3313446044922}",COMPLETE
67,0.36143852991086467,2026-01-29 14:59:27.798597,2026-01-29 15:00:22.906207,0 days 00:00:55.107610,16,True,0.15917354393200359,0.34347221877413314,0.19939932773657248,0.00021664851228025004,8,2,static,8,64,0.0066447849241227566,"{'val_rmse_mean': 0.9721572399139404, 'val_mae_mean': 0.7004929780960083, 'val_r2_mean': -41.838584899902344, 'val_rmse_target_0': 1.003578543663025, 'val_mae_target_0': 0.6431559920310974, 'val_r2_target_0': -68.18025207519531, 'val_rmse_target_1': 0.996062695980072, 'val_mae_target_1': 0.6678831577301025, 'val_r2_target_1': -42.1302375793457, 'val_rmse_target_2': 0.847862720489502, 'val_mae_target_2': 0.7368603944778442, 'val_r2_target_2': -6.4693427085876465, 'val_rmse_target_3': 1.0411250591278076, 'val_mae_target_3': 0.7540720701217651, 'val_r2_target_3': -50.57451248168945}",COMPLETE
68,0.359376726810027,2026-01-29 15:00:22.980782,2026-01-29 15:01:16.763839,0 days 00:00:53.783057,16,True,0.23029692841834387,0.30197333217237937,0.23969188640685307,0.0001574037556207853,8,2,static,8,128,0.00999966288358577,"{'val_rmse_mean': 0.9694263339042664, 'val_mae_mean': 0.6924940943717957, 'val_r2_mean': -36.560752868652344, 'val_rmse_target_0': 1.006445288658142, 'val_mae_target_0': 0.6344202756881714, 'val_r2_target_0': -57.54313278198242, 'val_rmse_target_1': 1.0075106620788574, 'val_mae_target_1': 0.6822730898857117, 'val_r2_target_1': -27.12384033203125, 'val_rmse_target_2': 0.8156387209892273, 'val_mae_target_2': 0.6987533569335938, 'val_r2_target_2': -4.638963222503662, 'val_rmse_target_3': 1.0481104850769043, 'val_mae_target_3': 0.7545296549797058, 'val_r2_target_3': -56.937068939208984}",COMPLETE
69,0.35114547210159125,2026-01-29 15:01:16.839178,2026-01-29 15:02:15.379691,0 days 00:00:58.540513,16,False,0.18843803916548132,0.32336295992781644,0.21108013689633778,0.00017621421799845553,16,2,attention,32,256,0.002372188875118041,"{'val_rmse_mean': 0.9434095621109009, 'val_mae_mean': 0.6984290480613708, 'val_r2_mean': -15.595916748046875, 'val_rmse_target_0': 0.9619207382202148, 'val_mae_target_0': 0.6182807087898254, 'val_r2_target_0': -26.13352394104004, 'val_rmse_target_1': 0.9866540431976318, 'val_mae_target_1': 0.711083710193634, 'val_r2_target_1': -9.85206413269043, 'val_rmse_target_2': 0.7426041960716248, 'val_mae_target_2': 0.6572246551513672, 'val_r2_target_2': -1.1079199314117432, 'val_rmse_target_3': 1.0824592113494873, 'val_mae_target_3': 0.8071271181106567, 'val_r2_target_3': -25.290164947509766}",COMPLETE
70,0.36115337659915286,2026-01-29 15:02:15.454736,2026-01-29 15:03:14.589576,0 days 00:00:59.134840,16,True,0.18787990563005508,0.3258780788550111,0.21039205841624378,0.0001770928483237504,32,2,attention,32,256,0.0026120040873150877,"{'val_rmse_mean': 0.9543122053146362, 'val_mae_mean': 0.7109600305557251, 'val_r2_mean': -11.084609031677246, 'val_rmse_target_0': 0.9555097818374634, 'val_mae_target_0': 0.6322824954986572, 'val_r2_target_0': -15.119924545288086, 'val_rmse_target_1': 0.9771754145622253, 'val_mae_target_1': 0.7167710661888123, 'val_r2_target_1': -8.206313133239746, 'val_rmse_target_2': 0.774564802646637, 'val_mae_target_2': 0.6804507374763489, 'val_r2_target_2': -0.7383583784103394, 'val_rmse_target_3': 1.1099989414215088, 'val_mae_target_3': 0.8143357038497925, 'val_r2_target_3': -20.27384376525879}",COMPLETE
71,0.36146052167923365,2026-01-29 15:03:14.663703,2026-01-29 15:04:15.745253,0 days 00:01:01.081550,16,False,0.2112122868459295,0.3350386726054369,0.13824304109207597,0.00017092662055929192,16,2,attention,32,256,0.0020267587104878947,"{'val_rmse_mean': 0.9626112580299377, 'val_mae_mean': 0.7095203995704651, 'val_r2_mean': -12.766969680786133, 'val_rmse_target_0': 0.9760032296180725, 'val_mae_target_0': 0.6126509308815002, 'val_r2_target_0': -17.998579025268555, 'val_rmse_target_1': 1.0190398693084717, 'val_mae_target_1': 0.7280676960945129, 'val_r2_target_1': -9.709260940551758, 'val_rmse_target_2': 0.7826141119003296, 'val_mae_target_2': 0.70402991771698, 'val_r2_target_2': -1.1121044158935547, 'val_rmse_target_3': 1.0727880001068115, 'val_mae_target_3': 0.7933329939842224, 'val_r2_target_3': -22.247943878173828}",COMPLETE
72,0.3640638043483098,2026-01-29 15:04:15.818917,2026-01-29 15:05:16.705507,0 days 00:01:00.886590,16,False,0.19696257710544351,0.34951447105686545,0.2306950148529222,0.00019686377221138853,16,2,attention,32,256,0.0012247225920104545,"{'val_rmse_mean': 0.9605574011802673, 'val_mae_mean': 0.7136887311935425, 'val_r2_mean': -12.989142417907715, 'val_rmse_target_0': 0.9968004822731018, 'val_mae_target_0': 0.6591498255729675, 'val_r2_target_0': -13.866100311279297, 'val_rmse_target_1': 0.9842100739479065, 'val_mae_target_1': 0.7109126448631287, 'val_r2_target_1': -8.067425727844238, 'val_rmse_target_2': 0.7907459735870361, 'val_mae_target_2': 0.7031724452972412, 'val_r2_target_2': -0.7601113319396973, 'val_rmse_target_3': 1.0704729557037354, 'val_mae_target_3': 0.7815200090408325, 'val_r2_target_3': -29.262937545776367}",COMPLETE
73,0.3589154168687485,2026-01-29 15:05:16.781053,2026-01-29 15:06:16.995571,0 days 00:01:00.214518,16,False,0.2232914776206976,0.3411320607856693,0.11566262563460464,0.00015022410118188494,16,2,attention,32,256,0.006731420565434075,"{'val_rmse_mean': 0.9587632417678833, 'val_mae_mean': 0.7095063924789429, 'val_r2_mean': -17.769227981567383, 'val_rmse_target_0': 1.0212712287902832, 'val_mae_target_0': 0.6690644025802612, 'val_r2_target_0': -25.70608901977539, 'val_rmse_target_1': 0.9765236973762512, 'val_mae_target_1': 0.7021620869636536, 'val_r2_target_1': -9.970098495483398, 'val_rmse_target_2': 0.7805612683296204, 'val_mae_target_2': 0.6995735168457031, 'val_r2_target_2': -1.5384228229522705, 'val_rmse_target_3': 1.056696891784668, 'val_mae_target_3': 0.7672255635261536, 'val_r2_target_3': -33.8623046875}",COMPLETE
74,0.3567931028427901,2026-01-29 15:06:17.071010,2026-01-29 15:07:16.881547,0 days 00:00:59.810537,16,False,0.16654237080492584,0.32269295263729303,0.19966018806468322,0.00022387780304400424,16,2,attention,32,256,0.0029561309065676902,"{'val_rmse_mean': 0.9428507089614868, 'val_mae_mean': 0.7055800557136536, 'val_r2_mean': -8.592913627624512, 'val_rmse_target_0': 0.9546514749526978, 'val_mae_target_0': 0.6380504965782166, 'val_r2_target_0': -8.531558990478516, 'val_rmse_target_1': 0.9923102855682373, 'val_mae_target_1': 0.7368607521057129, 'val_r2_target_1': -6.274789810180664, 'val_rmse_target_2': 0.7493323087692261, 'val_mae_target_2': 0.6527995467185974, 'val_r2_target_2': -0.2675055265426636, 'val_rmse_target_3': 1.0751087665557861, 'val_mae_target_3': 0.7946093082427979, 'val_r2_target_3': -19.297800064086914}",COMPLETE
75,0.35682761848524763,2026-01-29 15:07:16.957494,2026-01-29 15:08:12.898812,0 days 00:00:55.941318,16,False,0.21731586299437392,0.3132161735367449,0.17748942973309337,0.00018693844805838658,16,2,static,8,128,0.004174911768435047,"{'val_rmse_mean': 0.9601334929466248, 'val_mae_mean': 0.6932071447372437, 'val_r2_mean': -25.904815673828125, 'val_rmse_target_0': 1.0270065069198608, 'val_mae_target_0': 0.6500412225723267, 'val_r2_target_0': -34.60194778442383, 'val_rmse_target_1': 0.9666202664375305, 'val_mae_target_1': 0.6744822859764099, 'val_r2_target_1': -18.34054183959961, 'val_rmse_target_2': 0.8038463592529297, 'val_mae_target_2': 0.7065300941467285, 'val_r2_target_2': -3.0466723442077637, 'val_rmse_target_3': 1.0430607795715332, 'val_mae_target_3': 0.7417749762535095, 'val_r2_target_3': -47.63010787963867}",COMPLETE
76,0.38634602656518974,2026-01-29 15:08:12.974011,2026-01-29 15:09:10.328665,0 days 00:00:57.354654,16,False,0.14907989585454787,0.3004780542927058,0.1651252266974172,0.00025274909913432285,16,2,static,8,512,0.0014965848391701668,"{'val_rmse_mean': 0.9823119044303894, 'val_mae_mean': 0.7432370185852051, 'val_r2_mean': -5.464646339416504, 'val_rmse_target_0': 1.0062063932418823, 'val_mae_target_0': 0.6546235680580139, 'val_r2_target_0': -8.016046524047852, 'val_rmse_target_1': 1.0441962480545044, 'val_mae_target_1': 0.8010323643684387, 'val_r2_target_1': -3.4621472358703613, 'val_rmse_target_2': 0.7519482374191284, 'val_mae_target_2': 0.6583800315856934, 'val_r2_target_2': -0.041649460792541504, 'val_rmse_target_3': 1.126896619796753, 'val_mae_target_3': 0.8589119911193848, 'val_r2_target_3': -10.338739395141602}",COMPLETE
77,0.354982728621474,2026-01-29 15:09:10.404538,2026-01-29 15:10:05.812319,0 days 00:00:55.407781,16,False,0.12245863826797798,0.33227301520776564,0.21215564874325066,0.00020267188524277286,8,2,mean,32,128,0.0023180937610158257,"{'val_rmse_mean': 0.9548680186271667, 'val_mae_mean': 0.6970812082290649, 'val_r2_mean': -25.194355010986328, 'val_rmse_target_0': 1.01091468334198, 'val_mae_target_0': 0.6621875166893005, 'val_r2_target_0': -31.402748107910156, 'val_rmse_target_1': 0.9729760885238647, 'val_mae_target_1': 0.6851834654808044, 'val_r2_target_1': -15.504850387573242, 'val_rmse_target_2': 0.7934387922286987, 'val_mae_target_2': 0.6901980042457581, 'val_r2_target_2': -3.6846814155578613, 'val_rmse_target_3': 1.042142629623413, 'val_mae_target_3': 0.750755786895752, 'val_r2_target_3': -50.18513107299805}",COMPLETE
78,0.35393118016697744,2026-01-29 15:10:05.887884,2026-01-29 15:11:03.180674,0 days 00:00:57.292790,16,False,0.17375844732687834,0.34167602837178096,0.22160753279639883,0.00013737407925543303,16,2,static,16,256,0.0033279685837180155,"{'val_rmse_mean': 0.9549837112426758, 'val_mae_mean': 0.6980172395706177, 'val_r2_mean': -23.276294708251953, 'val_rmse_target_0': 1.0019619464874268, 'val_mae_target_0': 0.6397938132286072, 'val_r2_target_0': -38.5837287902832, 'val_rmse_target_1': 0.9846022725105286, 'val_mae_target_1': 0.683660626411438, 'val_r2_target_1': -16.956939697265625, 'val_rmse_target_2': 0.7862351536750793, 'val_mae_target_2': 0.6989623308181763, 'val_r2_target_2': -2.5855698585510254, 'val_rmse_target_3': 1.0471354722976685, 'val_mae_target_3': 0.7696523070335388, 'val_r2_target_3': -34.978946685791016}",COMPLETE
79,0.3714357593821155,2026-01-29 15:11:03.256326,2026-01-29 15:12:02.808706,0 days 00:00:59.552380,16,True,0.2425905680550552,0.3084671669810893,0.18403543432026861,0.0003026317552159924,32,2,attention,8,128,0.004743189445950471,"{'val_rmse_mean': 0.9621771574020386, 'val_mae_mean': 0.7290505170822144, 'val_r2_mean': -8.274152755737305, 'val_rmse_target_0': 1.0177279710769653, 'val_mae_target_0': 0.7032355070114136, 'val_r2_target_0': -9.618054389953613, 'val_rmse_target_1': 0.9775422215461731, 'val_mae_target_1': 0.7069169282913208, 'val_r2_target_1': -6.4664201736450195, 'val_rmse_target_2': 0.7611219882965088, 'val_mae_target_2': 0.6852741837501526, 'val_r2_target_2': -0.5982351303100586, 'val_rmse_target_3': 1.0923165082931519, 'val_mae_target_3': 0.8207754492759705, 'val_r2_target_3': -16.413902282714844}",COMPLETE
80,0.3776433550649219,2026-01-29 15:12:02.884422,2026-01-29 15:12:59.566320,0 days 00:00:56.681898,16,False,0.20651929781845288,0.32788901332781034,0.15839829371183287,0.00026461353530655534,8,2,static,32,256,0.0009698347615006429,"{'val_rmse_mean': 0.9689595699310303, 'val_mae_mean': 0.7340628504753113, 'val_r2_mean': -5.819698810577393, 'val_rmse_target_0': 0.9903891682624817, 'val_mae_target_0': 0.6814460754394531, 'val_r2_target_0': -7.346701622009277, 'val_rmse_target_1': 1.0092577934265137, 'val_mae_target_1': 0.7529814839363098, 'val_r2_target_1': -5.035540580749512, 'val_rmse_target_2': 0.7355878949165344, 'val_mae_target_2': 0.6445394158363342, 'val_r2_target_2': -0.12787139415740967, 'val_rmse_target_3': 1.1406035423278809, 'val_mae_target_3': 0.8572844862937927, 'val_r2_target_3': -10.768680572509766}",COMPLETE
81,0.3578555727446521,2026-01-29 15:12:59.643274,2026-01-29 15:13:50.165921,0 days 00:00:50.522647,16,True,0.21352328280863175,0.34334971688303584,0.2028071854604505,0.00019868496363245687,8,2,static,8,128,0.0074958016475426,"{'val_rmse_mean': 0.9616439342498779, 'val_mae_mean': 0.7022074460983276, 'val_r2_mean': -26.26095962524414, 'val_rmse_target_0': 1.007506251335144, 'val_mae_target_0': 0.6632775068283081, 'val_r2_target_0': -41.52681350708008, 'val_rmse_target_1': 0.9946913719177246, 'val_mae_target_1': 0.6797025203704834, 'val_r2_target_1': -20.02876091003418, 'val_rmse_target_2': 0.7943646907806396, 'val_mae_target_2': 0.7021651864051819, 'val_r2_target_2': -2.6028623580932617, 'val_rmse_target_3': 1.0500134229660034, 'val_mae_target_3': 0.7636845707893372, 'val_r2_target_3': -40.88541793823242}",COMPLETE
82,0.36043005326279887,2026-01-29 15:13:50.240472,2026-01-29 15:14:41.147356,0 days 00:00:50.906884,16,True,0.19576246351910367,0.3443492816621629,0.2079726190473635,0.0001645196700439015,8,2,static,8,128,0.00907542426068895,"{'val_rmse_mean': 0.9653401970863342, 'val_mae_mean': 0.7014161944389343, 'val_r2_mean': -33.41080856323242, 'val_rmse_target_0': 1.0141527652740479, 'val_mae_target_0': 0.6438878178596497, 'val_r2_target_0': -61.69950866699219, 'val_rmse_target_1': 0.9671664834022522, 'val_mae_target_1': 0.6694281697273254, 'val_r2_target_1': -18.922578811645508, 'val_rmse_target_2': 0.8342836499214172, 'val_mae_target_2': 0.7359039783477783, 'val_r2_target_2': -3.9521822929382324, 'val_rmse_target_3': 1.0457580089569092, 'val_mae_target_3': 0.7564446330070496, 'val_r2_target_3': -49.068939208984375}",COMPLETE
83,0.35376371864091466,2026-01-29 15:14:41.222717,2026-01-29 15:15:34.585720,0 days 00:00:53.363003,16,True,0.18760134702303757,0.33559873689450004,0.23485977328825858,0.00017561980727985702,8,2,static,8,128,0.0018038680602013427,"{'val_rmse_mean': 0.9577710628509521, 'val_mae_mean': 0.6869785189628601, 'val_r2_mean': -34.52946472167969, 'val_rmse_target_0': 0.994936466217041, 'val_mae_target_0': 0.6300433874130249, 'val_r2_target_0': -56.754249572753906, 'val_rmse_target_1': 0.9715241193771362, 'val_mae_target_1': 0.664933443069458, 'val_r2_target_1': -19.465648651123047, 'val_rmse_target_2': 0.8094597458839417, 'val_mae_target_2': 0.7015928626060486, 'val_r2_target_2': -3.6009583473205566, 'val_rmse_target_3': 1.0551639795303345, 'val_mae_target_3': 0.7513444423675537, 'val_r2_target_3': -58.2969970703125}",COMPLETE
84,0.3571225495802032,2026-01-29 15:15:34.661008,2026-01-29 15:16:29.055931,0 days 00:00:54.394923,16,True,0.20760340715357006,0.32339746879893794,0.22689859567032206,0.00023345264092065448,8,2,static,8,128,0.0004159782219725705,"{'val_rmse_mean': 0.9575639963150024, 'val_mae_mean': 0.7006549835205078, 'val_r2_mean': -24.0648193359375, 'val_rmse_target_0': 0.9845054745674133, 'val_mae_target_0': 0.6217250823974609, 'val_r2_target_0': -46.758277893066406, 'val_rmse_target_1': 0.9880969524383545, 'val_mae_target_1': 0.6847575902938843, 'val_r2_target_1': -14.954367637634277, 'val_rmse_target_2': 0.7901517152786255, 'val_mae_target_2': 0.7127323150634766, 'val_r2_target_2': -2.0819106101989746, 'val_rmse_target_3': 1.0675021409988403, 'val_mae_target_3': 0.7834049463272095, 'val_r2_target_3': -32.464725494384766}",COMPLETE
85,0.35302320267591214,2026-01-29 15:16:29.131741,2026-01-29 15:17:19.327057,0 days 00:00:50.195316,16,True,0.2553475112978298,0.3162834203267703,0.17189789176492357,0.0001872672215166645,8,2,static,8,128,0.005138869155672405,"{'val_rmse_mean': 0.9556950926780701, 'val_mae_mean': 0.6903581023216248, 'val_r2_mean': -28.86464500427246, 'val_rmse_target_0': 0.9973488450050354, 'val_mae_target_0': 0.630803644657135, 'val_r2_target_0': -44.95201110839844, 'val_rmse_target_1': 0.9780498147010803, 'val_mae_target_1': 0.6887202262878418, 'val_r2_target_1': -16.221622467041016, 'val_rmse_target_2': 0.7920675873756409, 'val_mae_target_2': 0.6891669631004333, 'val_r2_target_2': -3.4265451431274414, 'val_rmse_target_3': 1.055314064025879, 'val_mae_target_3': 0.7527415752410889, 'val_r2_target_3': -50.85841751098633}",COMPLETE
86,0.36518454317141463,2026-01-29 15:17:19.402021,2026-01-29 15:18:14.717885,0 days 00:00:55.315864,16,True,0.22720638581454633,0.34916801310304263,0.19364131019097786,0.00021428014849668426,8,2,static,8,64,0.008155084526102254,"{'val_rmse_mean': 0.9782102108001709, 'val_mae_mean': 0.6970425248146057, 'val_r2_mean': -44.59030532836914, 'val_rmse_target_0': 1.0067455768585205, 'val_mae_target_0': 0.6381583213806152, 'val_r2_target_0': -61.068565368652344, 'val_rmse_target_1': 0.9929503798484802, 'val_mae_target_1': 0.6805018782615662, 'val_r2_target_1': -38.6568717956543, 'val_rmse_target_2': 0.8624645471572876, 'val_mae_target_2': 0.722891092300415, 'val_r2_target_2': -7.408106803894043, 'val_rmse_target_3': 1.0506802797317505, 'val_mae_target_3': 0.7466188073158264, 'val_r2_target_3': -71.22769165039062}",COMPLETE
87,0.3526525578841015,2026-01-29 15:18:14.794123,2026-01-29 15:19:01.617105,0 days 00:00:46.822982,16,True,0.2372204645330705,0.33720758753594876,0.2448515216886563,0.00015736120589205155,32,1,static,32,256,0.0039015703712337304,"{'val_rmse_mean': 0.9455220699310303, 'val_mae_mean': 0.6972362399101257, 'val_r2_mean': -14.049442291259766, 'val_rmse_target_0': 0.9743441343307495, 'val_mae_target_0': 0.6339787840843201, 'val_r2_target_0': -17.571985244750977, 'val_rmse_target_1': 0.966009259223938, 'val_mae_target_1': 0.6936877369880676, 'val_r2_target_1': -7.479931831359863, 'val_rmse_target_2': 0.7784991264343262, 'val_mae_target_2': 0.6847766041755676, 'val_r2_target_2': -1.2645034790039062, 'val_rmse_target_3': 1.0632356405258179, 'val_mae_target_3': 0.7765018939971924, 'val_r2_target_3': -29.881349563598633}",COMPLETE
88,0.3575540101500573,2026-01-29 15:19:01.691559,2026-01-29 15:19:47.399093,0 days 00:00:45.707534,16,False,0.23612295961980379,0.2816463077153147,0.27012156888108707,0.00012220115270055725,32,1,static,32,256,0.003819188147143041,"{'val_rmse_mean': 0.9603768587112427, 'val_mae_mean': 0.696465015411377, 'val_r2_mean': -30.20539093017578, 'val_rmse_target_0': 0.9801402688026428, 'val_mae_target_0': 0.6172161102294922, 'val_r2_target_0': -45.48855972290039, 'val_rmse_target_1': 0.9926570057868958, 'val_mae_target_1': 0.6772273182868958, 'val_r2_target_1': -21.562705993652344, 'val_rmse_target_2': 0.8267232775688171, 'val_mae_target_2': 0.7340487241744995, 'val_r2_target_2': -4.150254249572754, 'val_rmse_target_3': 1.0419870615005493, 'val_mae_target_3': 0.7573680281639099, 'val_r2_target_3': -49.62003707885742}",COMPLETE
89,0.3693287912066336,2026-01-29 15:19:47.474059,2026-01-29 15:20:35.844890,0 days 00:00:48.370831,16,True,0.2661912791321671,0.3318366855694212,0.24919921912274234,0.0001619155532900796,32,1,static,32,256,1.92758733276202e-05,"{'val_rmse_mean': 0.9683465957641602, 'val_mae_mean': 0.719760537147522, 'val_r2_mean': -15.387703895568848, 'val_rmse_target_0': 1.0111976861953735, 'val_mae_target_0': 0.6650471687316895, 'val_r2_target_0': -16.86716651916504, 'val_rmse_target_1': 1.0030900239944458, 'val_mae_target_1': 0.7180275917053223, 'val_r2_target_1': -9.727885246276855, 'val_rmse_target_2': 0.7828486561775208, 'val_mae_target_2': 0.696901261806488, 'val_r2_target_2': -1.2528674602508545, 'val_rmse_target_3': 1.0762499570846558, 'val_mae_target_3': 0.7990661859512329, 'val_r2_target_3': -33.70289611816406}",COMPLETE
90,0.3571045695355645,2026-01-29 15:20:35.918958,2026-01-29 15:21:23.967674,0 days 00:00:48.048716,16,True,0.24116809398772096,0.31888264335048544,0.25740426431688745,0.00014349535861155757,32,1,mean,32,256,0.003244622517440264,"{'val_rmse_mean': 0.9583728313446045, 'val_mae_mean': 0.6989304423332214, 'val_r2_mean': -20.007627487182617, 'val_rmse_target_0': 0.9913457036018372, 'val_mae_target_0': 0.6192378997802734, 'val_r2_target_0': -31.81317138671875, 'val_rmse_target_1': 0.9833856821060181, 'val_mae_target_1': 0.6897960901260376, 'val_r2_target_1': -12.533385276794434, 'val_rmse_target_2': 0.7768547534942627, 'val_mae_target_2': 0.6868484020233154, 'val_r2_target_2': -2.2060322761535645, 'val_rmse_target_3': 1.0819050073623657, 'val_mae_target_3': 0.799839437007904, 'val_r2_target_3': -33.47792053222656}",COMPLETE
91,0.35536850947472787,2026-01-29 15:21:24.043022,2026-01-29 15:22:13.270997,0 days 00:00:49.227975,16,True,0.22028826708622834,0.34416349156465853,0.218424617937942,0.00015724152930658125,32,1,static,32,256,0.005809082012273134,"{'val_rmse_mean': 0.9496372938156128, 'val_mae_mean': 0.7001586556434631, 'val_r2_mean': -14.43602180480957, 'val_rmse_target_0': 0.9968656897544861, 'val_mae_target_0': 0.6466597318649292, 'val_r2_target_0': -18.576393127441406, 'val_rmse_target_1': 0.9840202331542969, 'val_mae_target_1': 0.7088952660560608, 'val_r2_target_1': -7.605930328369141, 'val_rmse_target_2': 0.7534987926483154, 'val_mae_target_2': 0.6685718297958374, 'val_r2_target_2': -0.9696720838546753, 'val_rmse_target_3': 1.0641645193099976, 'val_mae_target_3': 0.776507556438446, 'val_r2_target_3': -30.592090606689453}",COMPLETE
92,0.37377614293385436,2026-01-29 15:22:13.346095,2026-01-29 15:23:14.064689,0 days 00:01:00.718594,16,True,0.20142201339807617,0.3373985808554689,0.2410009421305098,0.00020346762662905803,32,3,static,32,256,0.0022910843218758373,"{'val_rmse_mean': 0.96966552734375, 'val_mae_mean': 0.7187674045562744, 'val_r2_mean': -9.55284309387207, 'val_rmse_target_0': 0.9832665920257568, 'val_mae_target_0': 0.6655547618865967, 'val_r2_target_0': -8.038275718688965, 'val_rmse_target_1': 0.9990605115890503, 'val_mae_target_1': 0.725946843624115, 'val_r2_target_1': -6.065021991729736, 'val_rmse_target_2': 0.7892210483551025, 'val_mae_target_2': 0.6617811918258667, 'val_r2_target_2': -0.3941926956176758, 'val_rmse_target_3': 1.1071138381958008, 'val_mae_target_3': 0.8217868208885193, 'val_r2_target_3': -23.713876724243164}",COMPLETE
93,0.3527385879445959,2026-01-29 15:23:14.139960,2026-01-29 15:24:00.686253,0 days 00:00:46.546293,16,True,0.18235821356980186,0.33887755222931254,0.2344514301362855,0.00018218513090145197,16,1,static,8,128,0.007613129804264301,"{'val_rmse_mean': 0.9546371698379517, 'val_mae_mean': 0.6917138695716858, 'val_r2_mean': -26.844404220581055, 'val_rmse_target_0': 1.0137953758239746, 'val_mae_target_0': 0.6460082530975342, 'val_r2_target_0': -47.452537536621094, 'val_rmse_target_1': 0.9977452754974365, 'val_mae_target_1': 0.6931597590446472, 'val_r2_target_1': -18.347074508666992, 'val_rmse_target_2': 0.7829174995422363, 'val_mae_target_2': 0.6899197101593018, 'val_r2_target_2': -2.3969926834106445, 'val_rmse_target_3': 1.0240906476974487, 'val_mae_target_3': 0.7377676367759705, 'val_r2_target_3': -39.18099594116211}",COMPLETE
94,0.4001556978457504,2026-01-29 15:24:00.760874,2026-01-29 15:24:48.844519,0 days 00:00:48.083645,16,True,0.17027644050742743,0.24681693407346322,0.27844740990875827,0.00024034250289395694,16,1,static,32,512,0.0044555510941213725,"{'val_rmse_mean': 0.9959231615066528, 'val_mae_mean': 0.7480760812759399, 'val_r2_mean': -4.214057922363281, 'val_rmse_target_0': 0.9950879812240601, 'val_mae_target_0': 0.6572852730751038, 'val_r2_target_0': -4.046037197113037, 'val_rmse_target_1': 1.0735529661178589, 'val_mae_target_1': 0.8139963746070862, 'val_r2_target_1': -2.941148281097412, 'val_rmse_target_2': 0.8034399151802063, 'val_mae_target_2': 0.6754052639007568, 'val_r2_target_2': -0.01909458637237549, 'val_rmse_target_3': 1.1116119623184204, 'val_mae_target_3': 0.8456173539161682, 'val_r2_target_3': -9.849953651428223}",COMPLETE
95,0.3542320372329818,2026-01-29 15:24:48.919685,2026-01-29 15:25:36.149322,0 days 00:00:47.229637,16,True,0.17926513792300194,0.3301085424825054,0.24614758168336165,0.00017570788167928773,16,1,static,8,256,0.001262979106921573,"{'val_rmse_mean': 0.9522817134857178, 'val_mae_mean': 0.6993527412414551, 'val_r2_mean': -17.384870529174805, 'val_rmse_target_0': 1.0075143575668335, 'val_mae_target_0': 0.648470401763916, 'val_r2_target_0': -30.661651611328125, 'val_rmse_target_1': 0.9724602699279785, 'val_mae_target_1': 0.7050780653953552, 'val_r2_target_1': -9.28563404083252, 'val_rmse_target_2': 0.756425678730011, 'val_mae_target_2': 0.6560617089271545, 'val_r2_target_2': -0.7409704923629761, 'val_rmse_target_3': 1.0727266073226929, 'val_mae_target_3': 0.7878009080886841, 'val_r2_target_3': -28.851228713989258}",COMPLETE
96,0.35374481520719,2026-01-29 15:25:36.224378,2026-01-29 15:26:25.162840,0 days 00:00:48.938462,16,True,0.2842532843830463,0.3371953731784688,0.23583724348038967,0.00018466873052595733,16,1,static,16,128,0.0005307009395925557,"{'val_rmse_mean': 0.9594259262084961, 'val_mae_mean': 0.6930455565452576, 'val_r2_mean': -34.68578338623047, 'val_rmse_target_0': 1.0030322074890137, 'val_mae_target_0': 0.640783429145813, 'val_r2_target_0': -45.01331329345703, 'val_rmse_target_1': 0.9703389406204224, 'val_mae_target_1': 0.6644982099533081, 'val_r2_target_1': -21.403623580932617, 'val_rmse_target_2': 0.8212651014328003, 'val_mae_target_2': 0.7155179381370544, 'val_r2_target_2': -4.1710100173950195, 'val_rmse_target_3': 1.0430675745010376, 'val_mae_target_3': 0.75138258934021, 'val_r2_target_3': -68.15518951416016}",COMPLETE
97,0.34616941917273736,2026-01-29 15:26:25.238475,2026-01-29 15:27:08.963340,0 days 00:00:43.724865,16,False,0.10506123440763251,0.30784452748717,0.22376605572233468,0.00022456641818430998,16,1,static,8,128,0.0019433487375759189,"{'val_rmse_mean': 0.9459503889083862, 'val_mae_mean': 0.6889121532440186, 'val_r2_mean': -25.670717239379883, 'val_rmse_target_0': 1.0065699815750122, 'val_mae_target_0': 0.6442309021949768, 'val_r2_target_0': -50.21329116821289, 'val_rmse_target_1': 0.9926809072494507, 'val_mae_target_1': 0.6990833878517151, 'val_r2_target_1': -14.37219524383545, 'val_rmse_target_2': 0.7614078521728516, 'val_mae_target_2': 0.6663957238197327, 'val_r2_target_2': -2.1314637660980225, 'val_rmse_target_3': 1.02314293384552, 'val_mae_target_3': 0.7459384799003601, 'val_r2_target_3': -35.96591567993164}",COMPLETE
98,0.3664151058980712,2026-01-29 15:27:09.038507,2026-01-29 15:27:56.794717,0 days 00:00:47.756210,16,False,0.09257019877585365,0.32363853913797286,0.2255930745698165,0.00022001226134230279,16,1,attention,32,256,0.0018299345907130458,"{'val_rmse_mean': 0.9589177370071411, 'val_mae_mean': 0.7130976915359497, 'val_r2_mean': -9.073909759521484, 'val_rmse_target_0': 0.9826180338859558, 'val_mae_target_0': 0.6469219923019409, 'val_r2_target_0': -11.322114944458008, 'val_rmse_target_1': 0.9691494703292847, 'val_mae_target_1': 0.7008108496665955, 'val_r2_target_1': -6.355344772338867, 'val_rmse_target_2': 0.8345226049423218, 'val_mae_target_2': 0.7257784605026245, 'val_r2_target_2': -0.7241460084915161, 'val_rmse_target_3': 1.049380898475647, 'val_mae_target_3': 0.7788796424865723, 'val_r2_target_3': -17.894033432006836}",COMPLETE
99,0.35293465535397883,2026-01-29 15:27:56.869915,2026-01-29 15:29:00.329920,0 days 00:01:03.460005,16,False,0.11082158835153454,0.2955787687902591,0.32551667756929725,0.00028801863678750946,16,3,static,8,128,0.0008531752025817511,"{'val_rmse_mean': 0.9505170583724976, 'val_mae_mean': 0.6951557993888855, 'val_r2_mean': -19.808120727539062, 'val_rmse_target_0': 0.9937021136283875, 'val_mae_target_0': 0.6462169289588928, 'val_r2_target_0': -31.084102630615234, 'val_rmse_target_1': 0.9844166040420532, 'val_mae_target_1': 0.6851403713226318, 'val_r2_target_1': -12.02762222290039, 'val_rmse_target_2': 0.7763441801071167, 'val_mae_target_2': 0.6817370057106018, 'val_r2_target_2': -1.1175706386566162, 'val_rmse_target_3': 1.0476055145263672, 'val_mae_target_3': 0.7675290703773499, 'val_r2_target_3': -35.003196716308594}",COMPLETE
100,0.3755692726484052,2026-01-29 15:29:00.404691,2026-01-29 15:30:04.902042,0 days 00:01:04.497351,16,False,0.0995477958486048,0.3095085812658326,0.21775474858018148,0.0003422474450651942,32,3,static,8,256,0.00255910351228282,"{'val_rmse_mean': 0.9690329432487488, 'val_mae_mean': 0.7260424494743347, 'val_r2_mean': -6.216163158416748, 'val_rmse_target_0': 0.9872698187828064, 'val_mae_target_0': 0.6630423069000244, 'val_r2_target_0': -9.304424285888672, 'val_rmse_target_1': 0.9933869242668152, 'val_mae_target_1': 0.7351703643798828, 'val_r2_target_1': -4.883512496948242, 'val_rmse_target_2': 0.7708198428153992, 'val_mae_target_2': 0.6660752296447754, 'val_r2_target_2': -0.04199564456939697, 'val_rmse_target_3': 1.1246552467346191, 'val_mae_target_3': 0.8398818373680115, 'val_r2_target_3': -10.634721755981445}",COMPLETE
101,0.3640225005370599,2026-01-29 15:30:04.977768,2026-01-29 15:30:49.211981,0 days 00:00:44.234213,16,False,0.08185892539966638,0.33042348881237327,0.22933188496954035,7.899226112133241e-05,16,1,static,8,128,0.007324215950915238,"{'val_rmse_mean': 0.9749433994293213, 'val_mae_mean': 0.7070237398147583, 'val_r2_mean': -59.6921501159668, 'val_rmse_target_0': 0.9982348084449768, 'val_mae_target_0': 0.6331552863121033, 'val_r2_target_0': -107.11749267578125, 'val_rmse_target_1': 0.9775477051734924, 'val_mae_target_1': 0.6913232207298279, 'val_r2_target_1': -53.07912063598633, 'val_rmse_target_2': 0.902995228767395, 'val_mae_target_2': 0.7765581607818604, 'val_r2_target_2': -22.348722457885742, 'val_rmse_target_3': 1.020995855331421, 'val_mae_target_3': 0.727058470249176, 'val_r2_target_3': -56.22328567504883}",COMPLETE
102,0.35026981088298337,2026-01-29 15:30:49.286861,2026-01-29 15:31:32.630290,0 days 00:00:43.343429,16,False,0.1307318316330452,0.3493372893345525,0.25137954965534337,0.0001495779403796908,16,1,static,8,128,0.00027910705694012043,"{'val_rmse_mean': 0.9541047215461731, 'val_mae_mean': 0.6884218454360962, 'val_r2_mean': -36.828651428222656, 'val_rmse_target_0': 0.9870667457580566, 'val_mae_target_0': 0.6356814503669739, 'val_r2_target_0': -54.396812438964844, 'val_rmse_target_1': 0.9715598821640015, 'val_mae_target_1': 0.6642544865608215, 'val_r2_target_1': -20.570602416992188, 'val_rmse_target_2': 0.8164031505584717, 'val_mae_target_2': 0.7124331593513489, 'val_r2_target_2': -4.315474510192871, 'val_rmse_target_3': 1.0413892269134521, 'val_mae_target_3': 0.7413182258605957, 'val_r2_target_3': -68.0317153930664}",COMPLETE
103,0.3507323437542827,2026-01-29 15:31:32.705788,2026-01-29 15:32:17.283709,0 days 00:00:44.577921,16,False,0.1379226195466914,0.3490084165442819,0.2679069659516682,0.00014989252636020235,16,1,static,8,128,0.0001758491638478199,"{'val_rmse_mean': 0.9546376466751099, 'val_mae_mean': 0.6807812452316284, 'val_r2_mean': -41.58012390136719, 'val_rmse_target_0': 0.9934576153755188, 'val_mae_target_0': 0.6250892281532288, 'val_r2_target_0': -66.65257263183594, 'val_rmse_target_1': 0.9880315661430359, 'val_mae_target_1': 0.6632643938064575, 'val_r2_target_1': -25.81415557861328, 'val_rmse_target_2': 0.8082153797149658, 'val_mae_target_2': 0.7019938230514526, 'val_r2_target_2': -4.598265647888184, 'val_rmse_target_3': 1.028846025466919, 'val_mae_target_3': 0.7327774167060852, 'val_r2_target_3': -69.25550079345703}",COMPLETE
104,0.36268016958126315,2026-01-29 15:32:17.358597,2026-01-29 15:33:01.579533,0 days 00:00:44.220936,16,False,0.14132725254960166,0.34981286203546796,0.2643338019667279,0.00013327489537782444,16,1,static,8,128,0.00022415180714634248,"{'val_rmse_mean': 0.9743026494979858, 'val_mae_mean': 0.6989539861679077, 'val_r2_mean': -46.052982330322266, 'val_rmse_target_0': 0.996394157409668, 'val_mae_target_0': 0.6279959678649902, 'val_r2_target_0': -66.90062713623047, 'val_rmse_target_1': 0.9943549036979675, 'val_mae_target_1': 0.6723186373710632, 'val_r2_target_1': -30.487085342407227, 'val_rmse_target_2': 0.8694218397140503, 'val_mae_target_2': 0.7620940208435059, 'val_r2_target_2': -7.373923301696777, 'val_rmse_target_3': 1.037039875984192, 'val_mae_target_3': 0.733407199382782, 'val_r2_target_3': -79.45030975341797}",COMPLETE
105,0.36000666712169294,2026-01-29 15:33:01.654571,2026-01-29 15:33:46.911817,0 days 00:00:45.257246,16,False,0.12907561637741363,0.34303123831809074,0.2515017123475579,0.0001468219834190317,16,1,static,8,128,0.00017449632689735253,"{'val_rmse_mean': 0.966097354888916, 'val_mae_mean': 0.6958203315734863, 'val_r2_mean': -47.293670654296875, 'val_rmse_target_0': 1.020743489265442, 'val_mae_target_0': 0.657342255115509, 'val_r2_target_0': -71.51676940917969, 'val_rmse_target_1': 0.9746351838111877, 'val_mae_target_1': 0.671114981174469, 'val_r2_target_1': -24.442405700683594, 'val_rmse_target_2': 0.8300285339355469, 'val_mae_target_2': 0.7190654277801514, 'val_r2_target_2': -4.774343967437744, 'val_rmse_target_3': 1.0389820337295532, 'val_mae_target_3': 0.7357586622238159, 'val_r2_target_3': -88.44115447998047}",COMPLETE
106,0.36221736959285206,2026-01-29 15:33:46.986756,2026-01-29 15:34:51.336409,0 days 00:01:04.349653,16,False,0.13632324323492362,0.2675225607310694,0.29861184809902075,0.00017129608342141432,16,3,static,8,128,0.00030165875361550404,"{'val_rmse_mean': 0.9703530669212341, 'val_mae_mean': 0.7001619935035706, 'val_r2_mean': -31.45124053955078, 'val_rmse_target_0': 1.0177173614501953, 'val_mae_target_0': 0.6479731798171997, 'val_r2_target_0': -46.66619110107422, 'val_rmse_target_1': 0.994933545589447, 'val_mae_target_1': 0.682309091091156, 'val_r2_target_1': -28.175600051879883, 'val_rmse_target_2': 0.8174827694892883, 'val_mae_target_2': 0.7147575616836548, 'val_r2_target_2': -3.946249485015869, 'val_rmse_target_3': 1.0512785911560059, 'val_mae_target_3': 0.7556083798408508, 'val_r2_target_3': -47.01692199707031}",COMPLETE
107,0.36678211404769506,2026-01-29 15:34:51.412646,2026-01-29 15:35:35.078037,0 days 00:00:43.665391,16,False,0.12062175114307999,0.3457375211925438,0.2587925718411993,0.00010402630650155894,16,1,static,8,128,0.00015324343265905866,"{'val_rmse_mean': 0.979731559753418, 'val_mae_mean': 0.7023881673812866, 'val_r2_mean': -65.47285461425781, 'val_rmse_target_0': 0.9930577874183655, 'val_mae_target_0': 0.6317882537841797, 'val_r2_target_0': -92.724853515625, 'val_rmse_target_1': 1.0045170783996582, 'val_mae_target_1': 0.680517852306366, 'val_r2_target_1': -61.987972259521484, 'val_rmse_target_2': 0.876832127571106, 'val_mae_target_2': 0.7597045302391052, 'val_r2_target_2': -17.649934768676758, 'val_rmse_target_3': 1.044519305229187, 'val_mae_target_3': 0.7375418543815613, 'val_r2_target_3': -89.52867126464844}",COMPLETE
108,0.3592982863386472,2026-01-29 15:35:35.153739,2026-01-29 15:36:39.240768,0 days 00:01:04.087029,16,False,0.1568937040378958,0.3258153402015115,0.26855698736496403,0.00012290425012409016,16,3,attention,8,128,0.00027171250580231265,"{'val_rmse_mean': 0.972136378288269, 'val_mae_mean': 0.6907815933227539, 'val_r2_mean': -53.52265167236328, 'val_rmse_target_0': 1.0255227088928223, 'val_mae_target_0': 0.6473241448402405, 'val_r2_target_0': -83.42385864257812, 'val_rmse_target_1': 0.9987894296646118, 'val_mae_target_1': 0.6838356256484985, 'val_r2_target_1': -38.64564895629883, 'val_rmse_target_2': 0.8461975455284119, 'val_mae_target_2': 0.7196472883224487, 'val_r2_target_2': -8.186263084411621, 'val_rmse_target_3': 1.018035888671875, 'val_mae_target_3': 0.7123193144798279, 'val_r2_target_3': -83.8348159790039}",COMPLETE
109,0.35631152987480164,2026-01-29 15:36:39.315771,2026-01-29 15:37:21.622581,0 days 00:00:42.306810,16,False,0.12000618507409705,0.31898274094502427,0.3113268564802756,0.00019272300678067872,16,1,static,8,128,0.0004191578380673251,"{'val_rmse_mean': 0.9594749212265015, 'val_mae_mean': 0.6935412883758545, 'val_r2_mean': -26.082664489746094, 'val_rmse_target_0': 1.0102819204330444, 'val_mae_target_0': 0.6595818400382996, 'val_r2_target_0': -37.15509796142578, 'val_rmse_target_1': 0.9643731117248535, 'val_mae_target_1': 0.6617481112480164, 'val_r2_target_1': -15.650005340576172, 'val_rmse_target_2': 0.8067306280136108, 'val_mae_target_2': 0.7007613778114319, 'val_r2_target_2': -2.871706962585449, 'val_rmse_target_3': 1.056514024734497, 'val_mae_target_3': 0.7520737051963806, 'val_r2_target_3': -48.65385055541992}",COMPLETE
110,0.36001178173831216,2026-01-29 15:37:21.696791,2026-01-29 15:38:25.516723,0 days 00:01:03.819932,16,False,0.10443631384634232,0.33265403571679386,0.22271652208978243,0.00020688800008269233,16,3,static,8,64,0.0006482772451050497,"{'val_rmse_mean': 0.9656952619552612, 'val_mae_mean': 0.6920436024665833, 'val_r2_mean': -46.209556579589844, 'val_rmse_target_0': 0.9989854693412781, 'val_mae_target_0': 0.6245490908622742, 'val_r2_target_0': -66.83333587646484, 'val_rmse_target_1': 0.9853768348693848, 'val_mae_target_1': 0.6701414585113525, 'val_r2_target_1': -27.511140823364258, 'val_rmse_target_2': 0.8468401432037354, 'val_mae_target_2': 0.7342861294746399, 'val_r2_target_2': -6.293362140655518, 'val_rmse_target_3': 1.0315786600112915, 'val_mae_target_3': 0.7391977906227112, 'val_r2_target_3': -84.20038604736328}",COMPLETE
111,0.3612225001884831,2026-01-29 15:38:25.591979,2026-01-29 15:39:11.829388,0 days 00:00:46.237409,16,False,0.11540334186789561,0.33841469729664014,0.2924357685738172,0.00015639918355342123,16,1,static,32,128,0.0002416479113497895,"{'val_rmse_mean': 0.9707603454589844, 'val_mae_mean': 0.6945537328720093, 'val_r2_mean': -48.180564880371094, 'val_rmse_target_0': 0.9990206956863403, 'val_mae_target_0': 0.6264041662216187, 'val_r2_target_0': -61.9821662902832, 'val_rmse_target_1': 0.9908225536346436, 'val_mae_target_1': 0.6574034094810486, 'val_r2_target_1': -36.70024108886719, 'val_rmse_target_2': 0.8546183705329895, 'val_mae_target_2': 0.7494195103645325, 'val_r2_target_2': -8.711003303527832, 'val_rmse_target_3': 1.0385797023773193, 'val_mae_target_3': 0.7449879050254822, 'val_r2_target_3': -85.32886505126953}",COMPLETE
112,0.35843712588151294,2026-01-29 15:39:11.905653,2026-01-29 15:39:56.859012,0 days 00:00:44.953359,16,False,0.14576583474236532,0.34588804846550486,0.24272140874531195,0.00016548563579903087,16,1,static,8,256,0.0030331817974323743,"{'val_rmse_mean': 0.9610816836357117, 'val_mae_mean': 0.6990727186203003, 'val_r2_mean': -18.282760620117188, 'val_rmse_target_0': 1.0237759351730347, 'val_mae_target_0': 0.652071475982666, 'val_r2_target_0': -31.68024444580078, 'val_rmse_target_1': 0.9921866655349731, 'val_mae_target_1': 0.6918590068817139, 'val_r2_target_1': -12.284740447998047, 'val_rmse_target_2': 0.7669455409049988, 'val_mae_target_2': 0.667509913444519, 'val_r2_target_2': -1.0228006839752197, 'val_rmse_target_3': 1.0614185333251953, 'val_mae_target_3': 0.784850537776947, 'val_r2_target_3': -28.14326286315918}",COMPLETE
113,0.35396198611016627,2026-01-29 15:39:56.934458,2026-01-29 15:40:41.566084,0 days 00:00:44.631626,16,False,0.13069315479403867,0.337447833380988,0.23881536747039428,0.00015118138238479634,32,1,static,8,128,0.0002078050841163103,"{'val_rmse_mean': 0.9576056003570557, 'val_mae_mean': 0.6878446340560913, 'val_r2_mean': -39.83127212524414, 'val_rmse_target_0': 0.9852202534675598, 'val_mae_target_0': 0.623217761516571, 'val_r2_target_0': -84.30179595947266, 'val_rmse_target_1': 0.9836440682411194, 'val_mae_target_1': 0.6768963932991028, 'val_r2_target_1': -23.186059951782227, 'val_rmse_target_2': 0.8201360106468201, 'val_mae_target_2': 0.7003818154335022, 'val_r2_target_2': -4.689879417419434, 'val_rmse_target_3': 1.0414221286773682, 'val_mae_target_3': 0.750882625579834, 'val_r2_target_3': -47.14734649658203}",COMPLETE
114,0.36287657854457694,2026-01-29 15:40:41.641877,2026-01-29 15:41:24.993015,0 days 00:00:43.351138,16,False,0.06972587542054756,0.32708833000907256,0.2552809778447064,0.0001415861403964908,16,1,static,32,128,0.00010380937918204517,"{'val_rmse_mean': 0.9703882336616516, 'val_mae_mean': 0.7029908895492554, 'val_r2_mean': -50.35810089111328, 'val_rmse_target_0': 1.0142669677734375, 'val_mae_target_0': 0.6473330855369568, 'val_r2_target_0': -58.86632537841797, 'val_rmse_target_1': 0.9873034954071045, 'val_mae_target_1': 0.68417888879776, 'val_r2_target_1': -36.750919342041016, 'val_rmse_target_2': 0.8517873287200928, 'val_mae_target_2': 0.7537713646888733, 'val_r2_target_2': -8.807718276977539, 'val_rmse_target_3': 1.0281951427459717, 'val_mae_target_3': 0.726680338382721, 'val_r2_target_3': -97.0074234008789}",COMPLETE
115,0.36637067463662887,2026-01-29 15:41:25.070737,2026-01-29 15:42:10.795932,0 days 00:00:45.725195,16,False,0.1345113908734483,0.349535838418885,0.24768129149542512,0.00025203574510157105,8,1,static,8,256,0.0036433343542355144,"{'val_rmse_mean': 0.9623412489891052, 'val_mae_mean': 0.7155441045761108, 'val_r2_mean': -10.980170249938965, 'val_rmse_target_0': 1.0314099788665771, 'val_mae_target_0': 0.68517005443573, 'val_r2_target_0': -14.427736282348633, 'val_rmse_target_1': 0.9886602759361267, 'val_mae_target_1': 0.7213819026947021, 'val_r2_target_1': -6.033566474914551, 'val_rmse_target_2': 0.758409321308136, 'val_mae_target_2': 0.6549375057220459, 'val_r2_target_2': -0.4055814743041992, 'val_rmse_target_3': 1.070885419845581, 'val_mae_target_3': 0.8006869554519653, 'val_r2_target_3': -23.053804397583008}",COMPLETE
116,0.3745276712709003,2026-01-29 15:42:10.869183,2026-01-29 15:42:53.557902,0 days 00:00:42.688719,16,False,0.09950513241281755,0.3122220130892698,0.2813068395328268,0.00022758866363985913,16,1,mean,16,512,0.0013958944671816,"{'val_rmse_mean': 0.9660484790802002, 'val_mae_mean': 0.721312403678894, 'val_r2_mean': -6.8177876472473145, 'val_rmse_target_0': 0.9697316288948059, 'val_mae_target_0': 0.6410941481590271, 'val_r2_target_0': -8.10648250579834, 'val_rmse_target_1': 1.0057284832000732, 'val_mae_target_1': 0.762103259563446, 'val_r2_target_1': -3.829686164855957, 'val_rmse_target_2': 0.7735508680343628, 'val_mae_target_2': 0.653309166431427, 'val_r2_target_2': -0.09503936767578125, 'val_rmse_target_3': 1.1151829957962036, 'val_mae_target_3': 0.8287431001663208, 'val_r2_target_3': -15.239940643310547}",COMPLETE
117,0.3701058501308715,2026-01-29 15:42:53.632938,2026-01-29 15:43:56.838757,0 days 00:01:03.205819,16,False,0.25059229105796516,0.18917042882564059,0.21377686689121403,0.00013329632828162682,32,3,static,32,128,0.00018655514560033618,"{'val_rmse_mean': 0.9817787408828735, 'val_mae_mean': 0.7086350321769714, 'val_r2_mean': -45.99787139892578, 'val_rmse_target_0': 0.9945948719978333, 'val_mae_target_0': 0.6393815279006958, 'val_r2_target_0': -65.48258972167969, 'val_rmse_target_1': 0.9935147166252136, 'val_mae_target_1': 0.6690488457679749, 'val_r2_target_1': -29.781396865844727, 'val_rmse_target_2': 0.8849271535873413, 'val_mae_target_2': 0.771256148815155, 'val_r2_target_2': -8.789262771606445, 'val_rmse_target_3': 1.0540781021118164, 'val_mae_target_3': 0.7548534870147705, 'val_r2_target_3': -79.938232421875}",COMPLETE
118,0.35520825286706287,2026-01-29 15:43:56.914853,2026-01-29 15:44:45.468139,0 days 00:00:48.553286,16,True,0.1907734062740587,0.19749903552146272,0.2282649958074753,0.000159921215111409,8,1,static,8,256,0.0020039052587898128,"{'val_rmse_mean': 0.9516343474388123, 'val_mae_mean': 0.7004023790359497, 'val_r2_mean': -17.693035125732422, 'val_rmse_target_0': 1.0097535848617554, 'val_mae_target_0': 0.6580962538719177, 'val_r2_target_0': -24.09898567199707, 'val_rmse_target_1': 0.9784969091415405, 'val_mae_target_1': 0.6959825158119202, 'val_r2_target_1': -11.382340431213379, 'val_rmse_target_2': 0.7590281367301941, 'val_mae_target_2': 0.6690793633460999, 'val_r2_target_2': -1.031095266342163, 'val_rmse_target_3': 1.0592586994171143, 'val_mae_target_3': 0.7784514427185059, 'val_r2_target_3': -34.25972366333008}",COMPLETE
119,0.3498845822695229,2026-01-29 15:44:45.543901,2026-01-29 15:45:50.502789,0 days 00:01:04.958888,16,False,0.15214747372960777,0.3340677116415934,0.27363105632143325,0.0001718964833947647,16,3,attention,8,128,0.0003597259225121548,"{'val_rmse_mean': 0.9507855772972107, 'val_mae_mean': 0.683594286441803, 'val_r2_mean': -33.56804275512695, 'val_rmse_target_0': 1.0076087713241577, 'val_mae_target_0': 0.6289032697677612, 'val_r2_target_0': -51.59114074707031, 'val_rmse_target_1': 0.9662043452262878, 'val_mae_target_1': 0.6661835312843323, 'val_r2_target_1': -23.99561882019043, 'val_rmse_target_2': 0.805873453617096, 'val_mae_target_2': 0.6996544003486633, 'val_r2_target_2': -3.7791175842285156, 'val_rmse_target_3': 1.0234558582305908, 'val_mae_target_3': 0.7396358847618103, 'val_r2_target_3': -54.90630340576172}",COMPLETE
120,0.35256894774459024,2026-01-29 15:45:50.579383,2026-01-29 15:46:55.377166,0 days 00:01:04.797783,16,False,0.1518561230192923,0.30734599846618543,0.28840412258594916,0.00017158987922522213,16,3,attention,8,128,0.0003627634324245287,"{'val_rmse_mean': 0.9538836479187012, 'val_mae_mean': 0.6894237995147705, 'val_r2_mean': -33.9932975769043, 'val_rmse_target_0': 1.0008528232574463, 'val_mae_target_0': 0.6477237343788147, 'val_r2_target_0': -46.38852310180664, 'val_rmse_target_1': 0.9672145247459412, 'val_mae_target_1': 0.6701950430870056, 'val_r2_target_1': -25.659948348999023, 'val_rmse_target_2': 0.7931696176528931, 'val_mae_target_2': 0.6980434060096741, 'val_r2_target_2': -3.3882641792297363, 'val_rmse_target_3': 1.0542974472045898, 'val_mae_target_3': 0.7417330741882324, 'val_r2_target_3': -60.53644561767578}",COMPLETE
121,0.3616712162340129,2026-01-29 15:46:55.451582,2026-01-29 15:47:59.161647,0 days 00:01:03.710065,16,False,0.14779549772929687,0.3017588629003102,0.28849865951939413,0.00017568753669332623,16,3,attention,8,128,0.0003250793062663007,"{'val_rmse_mean': 0.9643514156341553, 'val_mae_mean': 0.7003856897354126, 'val_r2_mean': -26.356809616088867, 'val_rmse_target_0': 1.0112112760543823, 'val_mae_target_0': 0.6610077023506165, 'val_r2_target_0': -30.813486099243164, 'val_rmse_target_1': 0.9740097522735596, 'val_mae_target_1': 0.6727718710899353, 'val_r2_target_1': -23.547792434692383, 'val_rmse_target_2': 0.8212133049964905, 'val_mae_target_2': 0.7096362709999084, 'val_r2_target_2': -3.5993685722351074, 'val_rmse_target_3': 1.0509711503982544, 'val_mae_target_3': 0.7581270933151245, 'val_r2_target_3': -47.46659469604492}",COMPLETE
122,0.3598479465753944,2026-01-29 15:47:59.237518,2026-01-29 15:49:03.665126,0 days 00:01:04.427608,16,False,0.0866724680392785,0.3054400471663753,0.27314523221676207,0.00016878012473936385,16,3,attention,8,128,0.0004543357478208684,"{'val_rmse_mean': 0.9680018424987793, 'val_mae_mean': 0.6968778967857361, 'val_r2_mean': -28.000089645385742, 'val_rmse_target_0': 1.0200278759002686, 'val_mae_target_0': 0.651191771030426, 'val_r2_target_0': -50.27254867553711, 'val_rmse_target_1': 0.9911224842071533, 'val_mae_target_1': 0.6661279201507568, 'val_r2_target_1': -22.580522537231445, 'val_rmse_target_2': 0.8108319640159607, 'val_mae_target_2': 0.7048083543777466, 'val_r2_target_2': -3.5255513191223145, 'val_rmse_target_3': 1.0500251054763794, 'val_mae_target_3': 0.7653835415840149, 'val_r2_target_3': -35.621726989746094}",COMPLETE
123,0.353113628923893,2026-01-29 15:49:03.741488,2026-01-29 15:50:06.681126,0 days 00:01:02.939638,16,False,0.1253393847992248,0.29764664725073064,0.266982202576315,0.00019152114174798463,16,3,attention,8,128,0.00034564981351926,"{'val_rmse_mean': 0.9583896398544312, 'val_mae_mean': 0.6939456462860107, 'val_r2_mean': -28.816347122192383, 'val_rmse_target_0': 1.018660306930542, 'val_mae_target_0': 0.6508383750915527, 'val_r2_target_0': -41.465091705322266, 'val_rmse_target_1': 0.9731777310371399, 'val_mae_target_1': 0.6693224906921387, 'val_r2_target_1': -21.743497848510742, 'val_rmse_target_2': 0.790242075920105, 'val_mae_target_2': 0.6966361999511719, 'val_r2_target_2': -3.027985095977783, 'val_rmse_target_3': 1.051478385925293, 'val_mae_target_3': 0.7589856386184692, 'val_r2_target_3': -49.02881622314453}",COMPLETE
124,0.35188547397653264,2026-01-29 15:50:06.756467,2026-01-29 15:51:12.086413,0 days 00:01:05.329946,16,False,0.15587116369809312,0.3213499771039964,0.30465196158624036,0.00021636109809324483,16,3,attention,8,128,0.0002683585196555229,"{'val_rmse_mean': 0.9540256857872009, 'val_mae_mean': 0.686504602432251, 'val_r2_mean': -26.448802947998047, 'val_rmse_target_0': 1.0114718675613403, 'val_mae_target_0': 0.6396625638008118, 'val_r2_target_0': -42.560245513916016, 'val_rmse_target_1': 0.9921378493309021, 'val_mae_target_1': 0.683826744556427, 'val_r2_target_1': -15.572784423828125, 'val_rmse_target_2': 0.7827611565589905, 'val_mae_target_2': 0.6791033744812012, 'val_r2_target_2': -2.1258091926574707, 'val_rmse_target_3': 1.0297319889068604, 'val_mae_target_3': 0.7434259057044983, 'val_r2_target_3': -45.536354064941406}",COMPLETE
125,0.3528530252752481,2026-01-29 15:51:12.160673,2026-01-29 15:52:15.849240,0 days 00:01:03.688567,16,False,0.1648737124295817,0.32157144711353464,0.26142011174489066,0.00027480766980254325,16,3,attention,8,128,0.00025106662918566585,"{'val_rmse_mean': 0.9503186941146851, 'val_mae_mean': 0.6982361078262329, 'val_r2_mean': -20.748401641845703, 'val_rmse_target_0': 1.0025492906570435, 'val_mae_target_0': 0.656527042388916, 'val_r2_target_0': -31.10810089111328, 'val_rmse_target_1': 0.9874212741851807, 'val_mae_target_1': 0.6946144104003906, 'val_r2_target_1': -12.032200813293457, 'val_rmse_target_2': 0.7729573249816895, 'val_mae_target_2': 0.6815901398658752, 'val_r2_target_2': -1.411240577697754, 'val_rmse_target_3': 1.0383466482162476, 'val_mae_target_3': 0.7602129578590393, 'val_r2_target_3': -38.44207000732422}",COMPLETE
126,0.3622226345318335,2026-01-29 15:52:15.924423,2026-01-29 15:53:21.411731,0 days 00:01:05.487308,16,False,0.13856210431799315,0.33275021252236864,0.30743649233465004,0.0002126731698057079,16,3,attention,8,128,0.0005830926623951539,"{'val_rmse_mean': 0.9667770266532898, 'val_mae_mean': 0.7129161357879639, 'val_r2_mean': -22.99167823791504, 'val_rmse_target_0': 1.0179471969604492, 'val_mae_target_0': 0.665770947933197, 'val_r2_target_0': -39.4161376953125, 'val_rmse_target_1': 0.9923879504203796, 'val_mae_target_1': 0.7088950276374817, 'val_r2_target_1': -11.054803848266602, 'val_rmse_target_2': 0.8065477609634399, 'val_mae_target_2': 0.7181209325790405, 'val_r2_target_2': -2.411344289779663, 'val_rmse_target_3': 1.050225019454956, 'val_mae_target_3': 0.758877694606781, 'val_r2_target_3': -39.08442306518555}",COMPLETE
127,0.3571615007326559,2026-01-29 15:53:21.487337,2026-01-29 15:54:25.225960,0 days 00:01:03.738623,16,False,0.19942670858119596,0.34158451831097697,0.29700270165949944,0.0002435445313272086,16,3,attention,8,128,0.00028508269401545413,"{'val_rmse_mean': 0.9613950252532959, 'val_mae_mean': 0.6975426077842712, 'val_r2_mean': -18.432674407958984, 'val_rmse_target_0': 1.015133261680603, 'val_mae_target_0': 0.6408637762069702, 'val_r2_target_0': -27.188648223876953, 'val_rmse_target_1': 0.9931797385215759, 'val_mae_target_1': 0.700084388256073, 'val_r2_target_1': -11.393232345581055, 'val_rmse_target_2': 0.7780786156654358, 'val_mae_target_2': 0.6833438277244568, 'val_r2_target_2': -1.5791730880737305, 'val_rmse_target_3': 1.059188723564148, 'val_mae_target_3': 0.7658783793449402, 'val_r2_target_3': -33.569644927978516}",COMPLETE
128,0.34658349608933486,2026-01-29 15:54:25.302877,2026-01-29 15:55:24.893548,0 days 00:00:59.590671,16,False,0.15656742627757983,0.3158958981588644,0.14753652474502113,0.0002219040971450967,16,2,attention,8,128,0.0003904367774571453,"{'val_rmse_mean': 0.9411417245864868, 'val_mae_mean': 0.6840490698814392, 'val_r2_mean': -22.371536254882812, 'val_rmse_target_0': 0.9893547296524048, 'val_mae_target_0': 0.6495272517204285, 'val_r2_target_0': -24.285139083862305, 'val_rmse_target_1': 0.9638932347297668, 'val_mae_target_1': 0.6719410419464111, 'val_r2_target_1': -15.698806762695312, 'val_rmse_target_2': 0.7663787603378296, 'val_mae_target_2': 0.6670652031898499, 'val_r2_target_2': -1.6477735042572021, 'val_rmse_target_3': 1.0449398756027222, 'val_mae_target_3': 0.7476627826690674, 'val_r2_target_3': -47.85441207885742}",COMPLETE
129,0.3561941665355806,2026-01-29 15:55:24.969689,2026-01-29 15:56:24.966056,0 days 00:00:59.996367,16,False,0.11502522893456055,0.3178188851737032,0.2022723202465943,0.0002236544070629409,16,2,attention,8,128,0.00041249036561002956,"{'val_rmse_mean': 0.9549460411071777, 'val_mae_mean': 0.7021993398666382, 'val_r2_mean': -22.234888076782227, 'val_rmse_target_0': 1.0139944553375244, 'val_mae_target_0': 0.6492781639099121, 'val_r2_target_0': -41.54433822631836, 'val_rmse_target_1': 0.9674069881439209, 'val_mae_target_1': 0.6971597075462341, 'val_r2_target_1': -9.724405288696289, 'val_rmse_target_2': 0.7667129039764404, 'val_mae_target_2': 0.6691739559173584, 'val_r2_target_2': -1.5642595291137695, 'val_rmse_target_3': 1.0716699361801147, 'val_mae_target_3': 0.7931854724884033, 'val_r2_target_3': -36.1065559387207}",COMPLETE
130,0.35423971919549835,2026-01-29 15:56:25.041625,2026-01-29 15:57:21.840318,0 days 00:00:56.798693,16,False,0.1542992892719912,0.31228182981542363,0.11417899077440806,0.00020231586563695692,8,2,attention,8,128,0.00012261018013410977,"{'val_rmse_mean': 0.9561974406242371, 'val_mae_mean': 0.6961256265640259, 'val_r2_mean': -26.98794174194336, 'val_rmse_target_0': 1.0230034589767456, 'val_mae_target_0': 0.6634749174118042, 'val_r2_target_0': -45.97956085205078, 'val_rmse_target_1': 0.9751370549201965, 'val_mae_target_1': 0.6626160740852356, 'val_r2_target_1': -22.4710693359375, 'val_rmse_target_2': 0.7733346223831177, 'val_mae_target_2': 0.6830281019210815, 'val_r2_target_2': -1.5694127082824707, 'val_rmse_target_3': 1.053314447402954, 'val_mae_target_3': 0.7753835320472717, 'val_r2_target_3': -37.93171310424805}",COMPLETE
131,0.3546958347713506,2026-01-29 15:57:21.914367,2026-01-29 15:58:26.444796,0 days 00:01:04.530429,16,False,0.16071703285803887,0.3284958289207644,0.14032638845278697,0.00023569339996104154,16,3,attention,8,128,0.0002064582274815566,"{'val_rmse_mean': 0.9510583877563477, 'val_mae_mean': 0.6978951692581177, 'val_r2_mean': -23.377243041992188, 'val_rmse_target_0': 0.9811527132987976, 'val_mae_target_0': 0.642906129360199, 'val_r2_target_0': -33.62931442260742, 'val_rmse_target_1': 0.9894673824310303, 'val_mae_target_1': 0.689109742641449, 'val_r2_target_1': -11.902811050415039, 'val_rmse_target_2': 0.7875233888626099, 'val_mae_target_2': 0.7024357914924622, 'val_r2_target_2': -1.5658621788024902, 'val_rmse_target_3': 1.0460902452468872, 'val_mae_target_3': 0.7571289539337158, 'val_r2_target_3': -46.41098403930664}",COMPLETE
132,0.35928181034547313,2026-01-29 15:58:26.519656,2026-01-29 15:59:24.850713,0 days 00:00:58.331057,16,False,0.17166700433080218,0.2893857120601111,0.16670259152305789,0.0001833397628975157,16,2,attention,8,128,0.0001562234588629446,"{'val_rmse_mean': 0.9681188464164734, 'val_mae_mean': 0.6955472230911255, 'val_r2_mean': -31.715776443481445, 'val_rmse_target_0': 1.024280309677124, 'val_mae_target_0': 0.651767373085022, 'val_r2_target_0': -58.47523880004883, 'val_rmse_target_1': 1.0045015811920166, 'val_mae_target_1': 0.6653883457183838, 'val_r2_target_1': -24.904577255249023, 'val_rmse_target_2': 0.8004400730133057, 'val_mae_target_2': 0.7058195471763611, 'val_r2_target_2': -2.7209343910217285, 'val_rmse_target_3': 1.0432534217834473, 'val_mae_target_3': 0.7592135667800903, 'val_r2_target_3': -40.762359619140625}",COMPLETE
133,0.36038697235010286,2026-01-29 15:59:24.926193,2026-01-29 16:00:25.118617,0 days 00:01:00.192424,16,False,0.14709229618640068,0.34539879819075076,0.15342663262058154,0.00025907804627324195,16,2,attention,8,128,0.0016008282521084818,"{'val_rmse_mean': 0.9596768617630005, 'val_mae_mean': 0.7020787596702576, 'val_r2_mean': -15.256277084350586, 'val_rmse_target_0': 1.025076150894165, 'val_mae_target_0': 0.6705193519592285, 'val_r2_target_0': -17.721187591552734, 'val_rmse_target_1': 0.9739280343055725, 'val_mae_target_1': 0.6792755126953125, 'val_r2_target_1': -9.750732421875, 'val_rmse_target_2': 0.7642837166786194, 'val_mae_target_2': 0.6794310212135315, 'val_r2_target_2': -1.2429232597351074, 'val_rmse_target_3': 1.0754197835922241, 'val_mae_target_3': 0.7790892124176025, 'val_r2_target_3': -32.310264587402344}",COMPLETE
134,0.35115385710917135,2026-01-29 16:00:25.193141,2026-01-29 16:01:29.892804,0 days 00:01:04.699663,16,False,0.20790144499164648,0.33264723291314013,0.14328160684979105,0.00021381757878306451,16,3,attention,8,128,0.0005233388369902894,"{'val_rmse_mean': 0.9463304281234741, 'val_mae_mean': 0.6898613572120667, 'val_r2_mean': -23.025619506835938, 'val_rmse_target_0': 0.9928891062736511, 'val_mae_target_0': 0.6393800377845764, 'val_r2_target_0': -38.8150749206543, 'val_rmse_target_1': 0.9413862228393555, 'val_mae_target_1': 0.6669743657112122, 'val_r2_target_1': -14.346924781799316, 'val_rmse_target_2': 0.8021882772445679, 'val_mae_target_2': 0.6882073879241943, 'val_r2_target_2': -2.095088005065918, 'val_rmse_target_3': 1.0488581657409668, 'val_mae_target_3': 0.7648835778236389, 'val_r2_target_3': -36.84539794921875}",COMPLETE
135,0.3606623575367309,2026-01-29 16:01:29.971100,2026-01-29 16:02:33.375214,0 days 00:01:03.404114,16,False,0.21415920267941685,0.31451952191636173,0.14806962541936072,0.0001948599907268235,16,3,attention,8,128,0.0005023032480861386,"{'val_rmse_mean': 0.9623452425003052, 'val_mae_mean': 0.7067348957061768, 'val_r2_mean': -20.646129608154297, 'val_rmse_target_0': 0.9950070977210999, 'val_mae_target_0': 0.6341273188591003, 'val_r2_target_0': -28.105104446411133, 'val_rmse_target_1': 0.9887933731079102, 'val_mae_target_1': 0.6870231628417969, 'val_r2_target_1': -15.053583145141602, 'val_rmse_target_2': 0.8142539858818054, 'val_mae_target_2': 0.7328380346298218, 'val_r2_target_2': -2.613323450088501, 'val_rmse_target_3': 1.0513265132904053, 'val_mae_target_3': 0.7729510068893433, 'val_r2_target_3': -36.8125}",COMPLETE
136,0.35310313905830737,2026-01-29 16:02:33.452479,2026-01-29 16:03:33.269656,0 days 00:00:59.817177,16,False,0.20684334034819596,0.3242185953597398,0.27912781244706697,0.00020919142903378054,16,2,attention,8,128,0.0003175369272719791,"{'val_rmse_mean': 0.9539629817008972, 'val_mae_mean': 0.694106936454773, 'val_r2_mean': -25.83537483215332, 'val_rmse_target_0': 1.0099942684173584, 'val_mae_target_0': 0.6449373960494995, 'val_r2_target_0': -31.62645721435547, 'val_rmse_target_1': 0.991580069065094, 'val_mae_target_1': 0.6970378756523132, 'val_r2_target_1': -15.442237854003906, 'val_rmse_target_2': 0.7814645171165466, 'val_mae_target_2': 0.6939396262168884, 'val_r2_target_2': -2.462217092514038, 'val_rmse_target_3': 1.0328130722045898, 'val_mae_target_3': 0.7405128479003906, 'val_r2_target_3': -53.81058883666992}",COMPLETE
137,0.37159528093481503,2026-01-29 16:03:33.346087,2026-01-29 16:04:36.506345,0 days 00:01:03.160258,16,False,0.14204142927080735,0.33447472876069034,0.1342084978531254,0.00014943027816328988,8,3,attention,8,64,0.000276063716323797,"{'val_rmse_mean': 0.9887810945510864, 'val_mae_mean': 0.7083051204681396, 'val_r2_mean': -60.02415466308594, 'val_rmse_target_0': 1.0001628398895264, 'val_mae_target_0': 0.6186313629150391, 'val_r2_target_0': -86.91400909423828, 'val_rmse_target_1': 1.0262759923934937, 'val_mae_target_1': 0.6935452222824097, 'val_r2_target_1': -39.31344985961914, 'val_rmse_target_2': 0.9182786345481873, 'val_mae_target_2': 0.8006626963615417, 'val_r2_target_2': -24.716228485107422, 'val_rmse_target_3': 1.0104069709777832, 'val_mae_target_3': 0.7203811407089233, 'val_r2_target_3': -89.15296173095703}",COMPLETE
138,0.36103637033590563,2026-01-29 16:04:36.582870,2026-01-29 16:05:35.519331,0 days 00:00:58.936461,16,False,0.22533673760505712,0.3212782572422689,0.30225563074626094,0.00022219094078360565,16,2,attention,8,128,0.0003977425823089112,"{'val_rmse_mean': 0.9676738381385803, 'val_mae_mean': 0.7031201124191284, 'val_r2_mean': -30.001115798950195, 'val_rmse_target_0': 1.0285675525665283, 'val_mae_target_0': 0.6523116230964661, 'val_r2_target_0': -59.091529846191406, 'val_rmse_target_1': 0.9849070906639099, 'val_mae_target_1': 0.6951252818107605, 'val_r2_target_1': -14.778828620910645, 'val_rmse_target_2': 0.8073472380638123, 'val_mae_target_2': 0.7047228217124939, 'val_r2_target_2': -2.8242452144622803, 'val_rmse_target_3': 1.0498733520507812, 'val_mae_target_3': 0.760320782661438, 'val_r2_target_3': -43.30986785888672}",COMPLETE
139,0.34743266221549773,2026-01-29 16:05:35.595381,2026-01-29 16:06:33.312350,0 days 00:00:57.716969,16,False,0.134072193703948,0.22528016050174626,0.1203509467491219,0.00018141572916141285,8,2,attention,8,128,0.0002369106366741369,"{'val_rmse_mean': 0.9432919025421143, 'val_mae_mean': 0.6812807321548462, 'val_r2_mean': -27.29413604736328, 'val_rmse_target_0': 0.9955059885978699, 'val_mae_target_0': 0.6413611173629761, 'val_r2_target_0': -31.620601654052734, 'val_rmse_target_1': 0.9498862028121948, 'val_mae_target_1': 0.6634621024131775, 'val_r2_target_1': -20.29389762878418, 'val_rmse_target_2': 0.7829056978225708, 'val_mae_target_2': 0.694668173789978, 'val_r2_target_2': -3.0389513969421387, 'val_rmse_target_3': 1.0448698997497559, 'val_mae_target_3': 0.7256317138671875, 'val_r2_target_3': -54.223079681396484}",COMPLETE
140,0.35086825890121637,2026-01-29 16:06:33.385970,2026-01-29 16:07:37.771022,0 days 00:01:04.385052,16,False,0.13218591718038813,0.2075159752531289,0.10054079874545825,0.00021406295185943296,16,3,attention,8,128,0.000669243104901301,"{'val_rmse_mean': 0.9516587853431702, 'val_mae_mean': 0.6910043358802795, 'val_r2_mean': -23.637765884399414, 'val_rmse_target_0': 1.005643606185913, 'val_mae_target_0': 0.6439685821533203, 'val_r2_target_0': -34.63932800292969, 'val_rmse_target_1': 0.9685542583465576, 'val_mae_target_1': 0.6644282937049866, 'val_r2_target_1': -14.734419822692871, 'val_rmse_target_2': 0.791337788105011, 'val_mae_target_2': 0.7073588371276855, 'val_r2_target_2': -1.6718108654022217, 'val_rmse_target_3': 1.0410995483398438, 'val_mae_target_3': 0.7482616305351257, 'val_r2_target_3': -43.50550079345703}",COMPLETE
141,0.37125455243168054,2026-01-29 16:07:37.849734,2026-01-29 16:08:42.032875,0 days 00:01:04.183141,16,False,0.13141381354334725,0.20886461734330888,0.1024225032449565,5.074625090990748e-05,16,3,attention,8,128,0.0006885406437791849,"{'val_rmse_mean': 0.980172872543335, 'val_mae_mean': 0.7214020490646362, 'val_r2_mean': -75.81936645507812, 'val_rmse_target_0': 0.9773732423782349, 'val_mae_target_0': 0.6331126689910889, 'val_r2_target_0': -114.12271881103516, 'val_rmse_target_1': 1.0084848403930664, 'val_mae_target_1': 0.7169449925422668, 'val_r2_target_1': -62.50041961669922, 'val_rmse_target_2': 0.9118313789367676, 'val_mae_target_2': 0.7960731983184814, 'val_r2_target_2': -43.55667495727539, 'val_rmse_target_3': 1.023002028465271, 'val_mae_target_3': 0.7394773960113525, 'val_r2_target_3': -83.09765625}",COMPLETE
142,0.36120560365142645,2026-01-29 16:08:42.113435,2026-01-29 16:09:46.879680,0 days 00:01:04.766245,16,False,0.13364988035075753,0.21728561897591242,0.11694339911841382,0.00023599742530863924,16,3,attention,8,128,0.00023326430846339023,"{'val_rmse_mean': 0.9618728160858154, 'val_mae_mean': 0.708014190196991, 'val_r2_mean': -20.21209144592285, 'val_rmse_target_0': 1.018444538116455, 'val_mae_target_0': 0.641484797000885, 'val_r2_target_0': -32.624969482421875, 'val_rmse_target_1': 0.9914559125900269, 'val_mae_target_1': 0.7196727395057678, 'val_r2_target_1': -12.308409690856934, 'val_rmse_target_2': 0.7734108567237854, 'val_mae_target_2': 0.6916981935501099, 'val_r2_target_2': -1.4070394039154053, 'val_rmse_target_3': 1.0641800165176392, 'val_mae_target_3': 0.7792010307312012, 'val_r2_target_3': -34.507938385009766}",COMPLETE
143,0.3524165561905614,2026-01-29 16:09:46.962436,2026-01-29 16:10:52.165165,0 days 00:01:05.202729,16,False,0.12481143368964098,0.1972048996891769,0.1278537114416329,0.00021377858955233626,16,3,attention,8,128,0.0005464839655753153,"{'val_rmse_mean': 0.9518169164657593, 'val_mae_mean': 0.694226861000061, 'val_r2_mean': -26.552902221679688, 'val_rmse_target_0': 1.0042698383331299, 'val_mae_target_0': 0.6373487114906311, 'val_r2_target_0': -32.787471771240234, 'val_rmse_target_1': 0.9678961634635925, 'val_mae_target_1': 0.6831997632980347, 'val_r2_target_1': -15.366556167602539, 'val_rmse_target_2': 0.7814335823059082, 'val_mae_target_2': 0.7011187672615051, 'val_r2_target_2': -1.390321969985962, 'val_rmse_target_3': 1.0536680221557617, 'val_mae_target_3': 0.7552403211593628, 'val_r2_target_3': -56.66725158691406}",COMPLETE
144,0.35011576598993055,2026-01-29 16:10:52.243664,2026-01-29 16:11:55.672610,0 days 00:01:03.428946,16,False,0.15306891097178943,0.17200134015647295,0.11032723572240473,0.00020005706640075023,16,3,attention,8,128,0.00035668718544828884,"{'val_rmse_mean': 0.9485602378845215, 'val_mae_mean': 0.6811625361442566, 'val_r2_mean': -23.1134033203125, 'val_rmse_target_0': 1.0090442895889282, 'val_mae_target_0': 0.6410266757011414, 'val_r2_target_0': -31.068115234375, 'val_rmse_target_1': 0.9540448188781738, 'val_mae_target_1': 0.6604754328727722, 'val_r2_target_1': -14.439777374267578, 'val_rmse_target_2': 0.7982221841812134, 'val_mae_target_2': 0.6874566674232483, 'val_r2_target_2': -2.6134798526763916, 'val_rmse_target_3': 1.032929539680481, 'val_mae_target_3': 0.7356913089752197, 'val_r2_target_3': -44.33223342895508}",COMPLETE
145,0.3456466729166331,2026-01-29 16:11:55.753821,2026-01-29 16:13:00.723456,0 days 00:01:04.969635,16,False,0.1082182057285756,0.1768816811455082,0.11268126740091393,0.00020270542185070207,16,3,attention,8,128,0.0004592406904358582,"{'val_rmse_mean': 0.9421396851539612, 'val_mae_mean': 0.6857420206069946, 'val_r2_mean': -24.262203216552734, 'val_rmse_target_0': 0.9826749563217163, 'val_mae_target_0': 0.6343352198600769, 'val_r2_target_0': -35.21608352661133, 'val_rmse_target_1': 0.961148738861084, 'val_mae_target_1': 0.6674158573150635, 'val_r2_target_1': -15.183465957641602, 'val_rmse_target_2': 0.7578694224357605, 'val_mae_target_2': 0.6722273826599121, 'val_r2_target_2': -2.05192494392395, 'val_rmse_target_3': 1.0668656826019287, 'val_mae_target_3': 0.7689895033836365, 'val_r2_target_3': -44.597347259521484}",COMPLETE
146,0.36297451125250924,2026-01-29 16:13:00.804184,2026-01-29 16:14:05.800710,0 days 00:01:04.996526,16,False,0.10920984537953671,0.16801816128943226,0.10310091649683135,0.0001999860135195155,16,3,attention,8,128,0.0004725245666120904,"{'val_rmse_mean': 0.9717625975608826, 'val_mae_mean': 0.7060927152633667, 'val_r2_mean': -22.028640747070312, 'val_rmse_target_0': 1.017391562461853, 'val_mae_target_0': 0.6315910816192627, 'val_r2_target_0': -36.352073669433594, 'val_rmse_target_1': 0.9852864742279053, 'val_mae_target_1': 0.6947384476661682, 'val_r2_target_1': -15.657094955444336, 'val_rmse_target_2': 0.8029960989952087, 'val_mae_target_2': 0.7145959138870239, 'val_r2_target_2': -2.0171029567718506, 'val_rmse_target_3': 1.081376314163208, 'val_mae_target_3': 0.7834454774856567, 'val_r2_target_3': -34.08829116821289}",COMPLETE
147,0.36230477856265175,2026-01-29 16:14:05.882639,2026-01-29 16:15:09.082522,0 days 00:01:03.199883,16,False,0.10008126143161562,0.1777473389645539,0.1103086086640444,0.00019055678001081422,16,3,attention,8,128,0.00034714766290719785,"{'val_rmse_mean': 0.9696156978607178, 'val_mae_mean': 0.7056946158409119, 'val_r2_mean': -21.370899200439453, 'val_rmse_target_0': 1.0158876180648804, 'val_mae_target_0': 0.663266658782959, 'val_r2_target_0': -21.968046188354492, 'val_rmse_target_1': 1.0013134479522705, 'val_mae_target_1': 0.69568932056427, 'val_r2_target_1': -21.58098793029785, 'val_rmse_target_2': 0.8000048398971558, 'val_mae_target_2': 0.6969072818756104, 'val_r2_target_2': -2.62028169631958, 'val_rmse_target_3': 1.0612568855285645, 'val_mae_target_3': 0.7669150829315186, 'val_r2_target_3': -39.314273834228516}",COMPLETE
148,0.3983602261653653,2026-01-29 16:15:09.161664,2026-01-29 16:16:08.771785,0 days 00:00:59.610121,16,False,0.12039941155211142,0.13215210044526818,0.12102904350737437,0.0004913227323226808,16,2,attention,8,128,0.0007415034771866618,"{'val_rmse_mean': 0.9937405586242676, 'val_mae_mean': 0.7485311031341553, 'val_r2_mean': -4.80477237701416, 'val_rmse_target_0': 1.0049948692321777, 'val_mae_target_0': 0.6591155529022217, 'val_r2_target_0': -5.67653751373291, 'val_rmse_target_1': 1.0805493593215942, 'val_mae_target_1': 0.8097249269485474, 'val_r2_target_1': -2.8405985832214355, 'val_rmse_target_2': 0.7948994636535645, 'val_mae_target_2': 0.6837815046310425, 'val_r2_target_2': -0.21757042407989502, 'val_rmse_target_3': 1.094518780708313, 'val_mae_target_3': 0.8415023684501648, 'val_r2_target_3': -10.484381675720215}",COMPLETE
149,0.3591904553274314,2026-01-29 16:16:08.849889,2026-01-29 16:17:09.170594,0 days 00:01:00.320705,16,False,0.11415894283569708,0.17102003400657054,0.10932912149874568,0.0002293132906710484,16,2,attention,8,128,0.00045959546042094094,"{'val_rmse_mean': 0.9594399929046631, 'val_mae_mean': 0.708648681640625, 'val_r2_mean': -18.3958797454834, 'val_rmse_target_0': 1.0128859281539917, 'val_mae_target_0': 0.6472603678703308, 'val_r2_target_0': -31.898597717285156, 'val_rmse_target_1': 1.0031760931015015, 'val_mae_target_1': 0.7219743132591248, 'val_r2_target_1': -11.169477462768555, 'val_rmse_target_2': 0.775553286075592, 'val_mae_target_2': 0.6930758953094482, 'val_r2_target_2': -1.3188321590423584, 'val_rmse_target_3': 1.0461448431015015, 'val_mae_target_3': 0.7722840905189514, 'val_r2_target_3': -29.196617126464844}",COMPLETE
150,0.34856668425103027,2026-01-29 16:17:09.251365,2026-01-29 16:18:11.834545,0 days 00:01:02.583180,16,False,0.1384796838151234,0.18319062659431193,0.11782789659705344,0.00020562028481043327,16,3,attention,8,128,0.00037566699611822646,"{'val_rmse_mean': 0.9505376815795898, 'val_mae_mean': 0.6832393407821655, 'val_r2_mean': -30.402889251708984, 'val_rmse_target_0': 0.9968662858009338, 'val_mae_target_0': 0.6401218771934509, 'val_r2_target_0': -59.123252868652344, 'val_rmse_target_1': 0.9788746237754822, 'val_mae_target_1': 0.6765735745429993, 'val_r2_target_1': -16.96170425415039, 'val_rmse_target_2': 0.7667526006698608, 'val_mae_target_2': 0.6530671715736389, 'val_r2_target_2': -1.897200107574463, 'val_rmse_target_3': 1.059657096862793, 'val_mae_target_3': 0.763194739818573, 'val_r2_target_3': -43.629417419433594}",COMPLETE
151,0.35924812475288354,2026-01-29 16:18:11.916087,2026-01-29 16:19:15.570008,0 days 00:01:03.653921,16,False,0.10724018608873137,0.15719861890441159,0.12287996205551212,0.00020648720331389552,16,3,attention,8,128,0.00038519610367622177,"{'val_rmse_mean': 0.958301842212677, 'val_mae_mean': 0.7049826383590698, 'val_r2_mean': -24.311094284057617, 'val_rmse_target_0': 1.015236258506775, 'val_mae_target_0': 0.6444306373596191, 'val_r2_target_0': -43.04683303833008, 'val_rmse_target_1': 0.9724043607711792, 'val_mae_target_1': 0.7001239657402039, 'val_r2_target_1': -11.438304901123047, 'val_rmse_target_2': 0.8069218993186951, 'val_mae_target_2': 0.7227975130081177, 'val_r2_target_2': -2.042633533477783, 'val_rmse_target_3': 1.038644790649414, 'val_mae_target_3': 0.7525783777236938, 'val_r2_target_3': -40.71660614013672}",COMPLETE
152,0.3578499250665859,2026-01-29 16:19:15.648875,2026-01-29 16:20:18.601506,0 days 00:01:02.952631,16,False,0.1354937337712058,0.22573327104429136,0.10686418652100968,0.0001965195390384522,16,3,attention,8,128,0.00030632672503351,"{'val_rmse_mean': 0.9589441418647766, 'val_mae_mean': 0.6990563869476318, 'val_r2_mean': -23.86426544189453, 'val_rmse_target_0': 0.9801703095436096, 'val_mae_target_0': 0.6201979517936707, 'val_r2_target_0': -43.272972106933594, 'val_rmse_target_1': 0.989175021648407, 'val_mae_target_1': 0.6961167454719543, 'val_r2_target_1': -16.74435043334961, 'val_rmse_target_2': 0.7950060963630676, 'val_mae_target_2': 0.6993266940116882, 'val_r2_target_2': -1.7293288707733154, 'val_rmse_target_3': 1.071425199508667, 'val_mae_target_3': 0.7805840373039246, 'val_r2_target_3': -33.71041488647461}",COMPLETE
153,0.3583478777220956,2026-01-29 16:20:18.681922,2026-01-29 16:21:16.364749,0 days 00:00:57.682827,16,False,0.1388123960448528,0.18322058056590945,0.12020061788075653,0.0001815662654594495,16,2,attention,8,128,0.0003920060402277502,"{'val_rmse_mean': 0.9609345197677612, 'val_mae_mean': 0.7013546228408813, 'val_r2_mean': -34.04839324951172, 'val_rmse_target_0': 0.9816417694091797, 'val_mae_target_0': 0.6224221587181091, 'val_r2_target_0': -54.68015670776367, 'val_rmse_target_1': 0.9877316355705261, 'val_mae_target_1': 0.6948493123054504, 'val_r2_target_1': -21.790733337402344, 'val_rmse_target_2': 0.8202449679374695, 'val_mae_target_2': 0.7215182185173035, 'val_r2_target_2': -3.694031238555908, 'val_rmse_target_3': 1.05411958694458, 'val_mae_target_3': 0.7666286826133728, 'val_r2_target_3': -56.02864456176758}",COMPLETE
154,0.3582927606723927,2026-01-29 16:21:16.444080,2026-01-29 16:22:14.252814,0 days 00:00:57.808734,16,False,0.12529047958189157,0.17193026274535717,0.10040321891175984,0.00024416216776024235,16,2,attention,8,128,0.0005434260600414317,"{'val_rmse_mean': 0.9549441337585449, 'val_mae_mean': 0.7072466015815735, 'val_r2_mean': -14.306666374206543, 'val_rmse_target_0': 1.0025228261947632, 'val_mae_target_0': 0.6513634920120239, 'val_r2_target_0': -19.875537872314453, 'val_rmse_target_1': 0.9651994705200195, 'val_mae_target_1': 0.7067391276359558, 'val_r2_target_1': -9.535778045654297, 'val_rmse_target_2': 0.7731196284294128, 'val_mae_target_2': 0.6767783164978027, 'val_r2_target_2': -1.1054863929748535, 'val_rmse_target_3': 1.0789345502853394, 'val_mae_target_3': 0.7941054701805115, 'val_r2_target_3': -26.70986557006836}",COMPLETE
155,0.3552942633352898,2026-01-29 16:22:14.334456,2026-01-29 16:23:17.358997,0 days 00:01:03.024541,16,False,0.15119390336717564,0.15963456981689672,0.11497928572918102,0.00018966492430098883,16,3,attention,16,128,0.00030702019804845597,"{'val_rmse_mean': 0.9581089615821838, 'val_mae_mean': 0.6918537616729736, 'val_r2_mean': -31.036460876464844, 'val_rmse_target_0': 0.9961479902267456, 'val_mae_target_0': 0.6185995936393738, 'val_r2_target_0': -53.3599853515625, 'val_rmse_target_1': 0.9719282388687134, 'val_mae_target_1': 0.6621291637420654, 'val_r2_target_1': -19.26714515686035, 'val_rmse_target_2': 0.814262866973877, 'val_mae_target_2': 0.7242707014083862, 'val_r2_target_2': -3.0293822288513184, 'val_rmse_target_3': 1.0500967502593994, 'val_mae_target_3': 0.7624154090881348, 'val_r2_target_3': -48.489315032958984}",COMPLETE
156,0.39218139800208585,2026-01-29 16:23:17.438028,2026-01-29 16:24:22.072137,0 days 00:01:04.634109,16,False,0.12849374644011535,0.17708741310533624,0.12583079183388834,0.00022216212411555063,16,3,attention,8,512,0.0001873791747932356,"{'val_rmse_mean': 0.9906864166259766, 'val_mae_mean': 0.742723822593689, 'val_r2_mean': -6.271939277648926, 'val_rmse_target_0': 1.008730411529541, 'val_mae_target_0': 0.6890172362327576, 'val_r2_target_0': -6.79028844833374, 'val_rmse_target_1': 1.0458451509475708, 'val_mae_target_1': 0.7864564061164856, 'val_r2_target_1': -3.2604804039001465, 'val_rmse_target_2': 0.7750006318092346, 'val_mae_target_2': 0.6524094939231873, 'val_r2_target_2': -0.14056432247161865, 'val_rmse_target_3': 1.1331696510314941, 'val_mae_target_3': 0.8430119752883911, 'val_r2_target_3': -14.896422386169434}",COMPLETE
157,0.3493798456534191,2026-01-29 16:24:22.148068,2026-01-29 16:25:17.984240,0 days 00:00:55.836172,16,False,0.14310155468389174,0.16315421573110575,0.1352087162993414,0.00020521265374390713,16,2,attention,8,128,0.0010625929624490397,"{'val_rmse_mean': 0.9484635591506958, 'val_mae_mean': 0.6870572566986084, 'val_r2_mean': -26.234424591064453, 'val_rmse_target_0': 1.0081098079681396, 'val_mae_target_0': 0.6268025636672974, 'val_r2_target_0': -49.5230598449707, 'val_rmse_target_1': 0.9553591012954712, 'val_mae_target_1': 0.6789528727531433, 'val_r2_target_1': -12.66480541229248, 'val_rmse_target_2': 0.7760180830955505, 'val_mae_target_2': 0.6804630160331726, 'val_r2_target_2': -1.8217742443084717, 'val_rmse_target_3': 1.0543674230575562, 'val_mae_target_3': 0.7620104551315308, 'val_r2_target_3': -40.92805480957031}",COMPLETE
158,0.3534284112630067,2026-01-29 16:25:18.060148,2026-01-29 16:26:19.080673,0 days 00:01:01.020525,16,False,0.14345392192152534,0.14253624264697112,0.13372891683351165,0.00020603628725662847,16,2,attention,8,128,0.0006118797883669989,"{'val_rmse_mean': 0.9538472890853882, 'val_mae_mean': 0.6913350820541382, 'val_r2_mean': -22.7913875579834, 'val_rmse_target_0': 1.0030865669250488, 'val_mae_target_0': 0.647619366645813, 'val_r2_target_0': -30.450424194335938, 'val_rmse_target_1': 0.9742915630340576, 'val_mae_target_1': 0.669270932674408, 'val_r2_target_1': -13.073492050170898, 'val_rmse_target_2': 0.7814450860023499, 'val_mae_target_2': 0.691373884677887, 'val_r2_target_2': -2.2317004203796387, 'val_rmse_target_3': 1.0565661191940308, 'val_mae_target_3': 0.7570762038230896, 'val_r2_target_3': -45.409942626953125}",COMPLETE
159,0.3534482060069287,2026-01-29 16:26:19.155699,2026-01-29 16:27:23.320015,0 days 00:01:04.164316,16,False,0.16262968700824076,0.16500061491272228,0.14534608414214767,0.0002563972699359384,16,3,attention,8,128,0.0011389675933455173,"{'val_rmse_mean': 0.9533780813217163, 'val_mae_mean': 0.7030138373374939, 'val_r2_mean': -14.34249496459961, 'val_rmse_target_0': 1.0110054016113281, 'val_mae_target_0': 0.6568976044654846, 'val_r2_target_0': -22.014755249023438, 'val_rmse_target_1': 0.9709869623184204, 'val_mae_target_1': 0.701111912727356, 'val_r2_target_1': -10.346298217773438, 'val_rmse_target_2': 0.7779595255851746, 'val_mae_target_2': 0.6832000017166138, 'val_r2_target_2': -1.3130064010620117, 'val_rmse_target_3': 1.053560495376587, 'val_mae_target_3': 0.7708457112312317, 'val_r2_target_3': -23.6959228515625}",COMPLETE
160,0.3594549851561034,2026-01-29 16:27:23.395971,2026-01-29 16:28:22.557504,0 days 00:00:59.161533,16,False,0.11666811940565844,0.1014207461576254,0.10746554336017447,0.00023337974027741646,16,2,attention,8,128,0.00047310069270311596,"{'val_rmse_mean': 0.9620258808135986, 'val_mae_mean': 0.7018688321113586, 'val_r2_mean': -17.348405838012695, 'val_rmse_target_0': 1.016723871231079, 'val_mae_target_0': 0.6529392004013062, 'val_r2_target_0': -21.154329299926758, 'val_rmse_target_1': 0.9896485805511475, 'val_mae_target_1': 0.6946450471878052, 'val_r2_target_1': -11.584136009216309, 'val_rmse_target_2': 0.7676092386245728, 'val_mae_target_2': 0.6886417865753174, 'val_r2_target_2': -1.2005975246429443, 'val_rmse_target_3': 1.0741219520568848, 'val_mae_target_3': 0.7712492942810059, 'val_r2_target_3': -35.45456314086914}",COMPLETE
161,0.35769459756988065,2026-01-29 16:28:22.632826,2026-01-29 16:29:21.084845,0 days 00:00:58.452019,16,False,0.14961733102206756,0.1518507898999273,0.11308322769148428,0.00016371213172615493,16,2,attention,8,128,0.0003720031203030687,"{'val_rmse_mean': 0.9642183184623718, 'val_mae_mean': 0.700318455696106, 'val_r2_mean': -28.693927764892578, 'val_rmse_target_0': 1.0188281536102295, 'val_mae_target_0': 0.655237078666687, 'val_r2_target_0': -32.49483108520508, 'val_rmse_target_1': 0.9808284044265747, 'val_mae_target_1': 0.6856174468994141, 'val_r2_target_1': -20.33189582824707, 'val_rmse_target_2': 0.8005810976028442, 'val_mae_target_2': 0.6958587169647217, 'val_r2_target_2': -2.7705209255218506, 'val_rmse_target_3': 1.0566356182098389, 'val_mae_target_3': 0.7645607590675354, 'val_r2_target_3': -59.178466796875}",COMPLETE
162,0.35282420367002487,2026-01-29 16:29:21.159944,2026-01-29 16:30:19.938036,0 days 00:00:58.778092,16,False,0.13522844692448438,0.1936629072847722,0.12989459764330236,0.00021153211657086427,16,2,attention,8,128,0.00025660100673754956,"{'val_rmse_mean': 0.9506882429122925, 'val_mae_mean': 0.6912992000579834, 'val_r2_mean': -19.84149742126465, 'val_rmse_target_0': 1.0031334161758423, 'val_mae_target_0': 0.6205021739006042, 'val_r2_target_0': -32.63557434082031, 'val_rmse_target_1': 0.9469529986381531, 'val_mae_target_1': 0.6721866130828857, 'val_r2_target_1': -13.468217849731445, 'val_rmse_target_2': 0.7905017733573914, 'val_mae_target_2': 0.7029213309288025, 'val_r2_target_2': -1.7330482006072998, 'val_rmse_target_3': 1.0621647834777832, 'val_mae_target_3': 0.7695865631103516, 'val_r2_target_3': -31.52914810180664}",COMPLETE
163,0.3549726866875534,2026-01-29 16:30:20.013544,2026-01-29 16:31:13.900429,0 days 00:00:53.886885,16,False,0.21985381244177785,0.18153948459300917,0.11886299965410063,0.00018256283386865665,16,2,mean,8,128,0.0008077847322314917,"{'val_rmse_mean': 0.9579851627349854, 'val_mae_mean': 0.6984797716140747, 'val_r2_mean': -22.317157745361328, 'val_rmse_target_0': 1.0229485034942627, 'val_mae_target_0': 0.6520496010780334, 'val_r2_target_0': -26.593965530395508, 'val_rmse_target_1': 0.9796509742736816, 'val_mae_target_1': 0.6937064528465271, 'val_r2_target_1': -14.194754600524902, 'val_rmse_target_2': 0.790838897228241, 'val_mae_target_2': 0.7007392644882202, 'val_r2_target_2': -3.2138590812683105, 'val_rmse_target_3': 1.0385020971298218, 'val_mae_target_3': 0.7474237084388733, 'val_r2_target_3': -45.26603698730469}",COMPLETE
164,0.3502208597406193,2026-01-29 16:31:13.977386,2026-01-29 16:32:12.628850,0 days 00:00:58.651464,16,False,0.10196259273211705,0.16151824107474524,0.14139096859516073,0.00020178902850041493,16,2,attention,8,128,0.0009274615921023296,"{'val_rmse_mean': 0.9473757147789001, 'val_mae_mean': 0.6879726648330688, 'val_r2_mean': -21.00652313232422, 'val_rmse_target_0': 1.0219048261642456, 'val_mae_target_0': 0.6531556248664856, 'val_r2_target_0': -33.147281646728516, 'val_rmse_target_1': 0.9509429931640625, 'val_mae_target_1': 0.6624031662940979, 'val_r2_target_1': -11.45610523223877, 'val_rmse_target_2': 0.7714460492134094, 'val_mae_target_2': 0.6789547801017761, 'val_r2_target_2': -1.946674108505249, 'val_rmse_target_3': 1.0452089309692383, 'val_mae_target_3': 0.7573772072792053, 'val_r2_target_3': -37.47602844238281}",COMPLETE
165,0.35103389262049284,2026-01-29 16:32:12.703617,2026-01-29 16:33:12.971908,0 days 00:01:00.268291,16,False,0.09532553116879243,0.15313572418076615,0.13799932380075497,0.00019901537418679546,16,2,attention,8,128,0.0006519082172929488,"{'val_rmse_mean': 0.9505224823951721, 'val_mae_mean': 0.6830689907073975, 'val_r2_mean': -23.292137145996094, 'val_rmse_target_0': 1.0257080793380737, 'val_mae_target_0': 0.6457969546318054, 'val_r2_target_0': -34.525882720947266, 'val_rmse_target_1': 0.9619836807250977, 'val_mae_target_1': 0.6635556221008301, 'val_r2_target_1': -12.915070533752441, 'val_rmse_target_2': 0.7865419983863831, 'val_mae_target_2': 0.6783899664878845, 'val_r2_target_2': -2.276794195175171, 'val_rmse_target_3': 1.0278561115264893, 'val_mae_target_3': 0.7445334196090698, 'val_r2_target_3': -43.4507942199707}",COMPLETE
166,0.34828256677698205,2026-01-29 16:33:13.047979,2026-01-29 16:34:11.535065,0 days 00:00:58.487086,16,False,0.08388639145990287,0.1458749476312459,0.13405164588093563,0.00020140039076272677,16,2,attention,8,128,0.0008589126635316211,"{'val_rmse_mean': 0.9487376809120178, 'val_mae_mean': 0.6842291355133057, 'val_r2_mean': -27.5118350982666, 'val_rmse_target_0': 1.0163494348526, 'val_mae_target_0': 0.6446094512939453, 'val_r2_target_0': -35.30491638183594, 'val_rmse_target_1': 0.9605537056922913, 'val_mae_target_1': 0.6626594066619873, 'val_r2_target_1': -15.110980987548828, 'val_rmse_target_2': 0.7878806591033936, 'val_mae_target_2': 0.7010276913642883, 'val_r2_target_2': -2.3633811473846436, 'val_rmse_target_3': 1.0301668643951416, 'val_mae_target_3': 0.7286201119422913, 'val_r2_target_3': -57.268062591552734}",COMPLETE
167,0.36239072031996866,2026-01-29 16:34:11.610240,2026-01-29 16:35:10.812254,0 days 00:00:59.202014,16,False,0.07250696564340964,0.15182569005450566,0.13805452121385775,0.0001951561663157126,16,2,attention,8,128,0.0009562768207505157,"{'val_rmse_mean': 0.9681293964385986, 'val_mae_mean': 0.7082120180130005, 'val_r2_mean': -22.55461883544922, 'val_rmse_target_0': 1.0265491008758545, 'val_mae_target_0': 0.6652518510818481, 'val_r2_target_0': -27.77088737487793, 'val_rmse_target_1': 0.9749789237976074, 'val_mae_target_1': 0.6927879452705383, 'val_r2_target_1': -12.976507186889648, 'val_rmse_target_2': 0.8167024850845337, 'val_mae_target_2': 0.7120875120162964, 'val_r2_target_2': -2.346627712249756, 'val_rmse_target_3': 1.054287075996399, 'val_mae_target_3': 0.7627204656600952, 'val_r2_target_3': -47.124454498291016}",COMPLETE
168,0.36247340051664245,2026-01-29 16:35:10.888190,2026-01-29 16:36:10.657483,0 days 00:00:59.769293,16,False,0.08558120413237755,0.16233335297821072,0.1344863234820204,0.00020102028004110166,16,2,attention,8,128,0.0011077364048067138,"{'val_rmse_mean': 0.9668389558792114, 'val_mae_mean': 0.7051258087158203, 'val_r2_mean': -25.257080078125, 'val_rmse_target_0': 1.0040440559387207, 'val_mae_target_0': 0.639296293258667, 'val_r2_target_0': -52.02275466918945, 'val_rmse_target_1': 1.0013436079025269, 'val_mae_target_1': 0.7008534669876099, 'val_r2_target_1': -15.096578598022461, 'val_rmse_target_2': 0.8113316893577576, 'val_mae_target_2': 0.7192264199256897, 'val_r2_target_2': -2.4697306156158447, 'val_rmse_target_3': 1.0506361722946167, 'val_mae_target_3': 0.7611271142959595, 'val_r2_target_3': -31.43927001953125}",COMPLETE
169,0.3522620299072177,2026-01-29 16:36:10.732460,2026-01-29 16:37:08.975625,0 days 00:00:58.243165,16,False,0.09334102199466884,0.14409686489449855,0.15001031745144663,0.00022223171592093121,16,2,attention,8,128,0.000717311732441263,"{'val_rmse_mean': 0.9541417360305786, 'val_mae_mean': 0.6922643184661865, 'val_r2_mean': -22.767440795898438, 'val_rmse_target_0': 1.0169507265090942, 'val_mae_target_0': 0.636322557926178, 'val_r2_target_0': -42.20903015136719, 'val_rmse_target_1': 0.9876835346221924, 'val_mae_target_1': 0.6965569257736206, 'val_r2_target_1': -11.869356155395508, 'val_rmse_target_2': 0.7516562342643738, 'val_mae_target_2': 0.6606066226959229, 'val_r2_target_2': -1.6125736236572266, 'val_rmse_target_3': 1.0602761507034302, 'val_mae_target_3': 0.7755710482597351, 'val_r2_target_3': -35.378814697265625}",COMPLETE
170,0.36020931711903326,2026-01-29 16:37:09.051277,2026-01-29 16:38:07.803934,0 days 00:00:58.752657,16,False,0.08007665493933531,0.1770207740174241,0.12387630485823332,0.00020285516869314595,16,2,attention,8,128,0.0008915355413482642,"{'val_rmse_mean': 0.9635683298110962, 'val_mae_mean': 0.7088840007781982, 'val_r2_mean': -19.67190933227539, 'val_rmse_target_0': 1.032557725906372, 'val_mae_target_0': 0.6583855748176575, 'val_r2_target_0': -32.08163070678711, 'val_rmse_target_1': 0.9734636545181274, 'val_mae_target_1': 0.6957331299781799, 'val_r2_target_1': -10.798307418823242, 'val_rmse_target_2': 0.780065655708313, 'val_mae_target_2': 0.7022967338562012, 'val_r2_target_2': -2.0038437843322754, 'val_rmse_target_3': 1.0681862831115723, 'val_mae_target_3': 0.7791203856468201, 'val_r2_target_3': -33.80385971069336}",COMPLETE
171,0.3602441610009582,2026-01-29 16:38:07.879144,2026-01-29 16:39:04.793539,0 days 00:00:56.914395,16,False,0.10283226253468888,0.15518736004281686,0.14257405683904067,0.00017230300223454475,16,2,attention,8,128,0.0009161174232009604,"{'val_rmse_mean': 0.9701033234596252, 'val_mae_mean': 0.6937646269798279, 'val_r2_mean': -36.729156494140625, 'val_rmse_target_0': 1.0122315883636475, 'val_mae_target_0': 0.634498119354248, 'val_r2_target_0': -59.50080871582031, 'val_rmse_target_1': 0.9915048480033875, 'val_mae_target_1': 0.6845515370368958, 'val_r2_target_1': -17.13098907470703, 'val_rmse_target_2': 0.8382096886634827, 'val_mae_target_2': 0.7180014848709106, 'val_r2_target_2': -4.703222274780273, 'val_rmse_target_3': 1.0384671688079834, 'val_mae_target_3': 0.7380072474479675, 'val_r2_target_3': -65.58161926269531}",COMPLETE
172,0.354017140964667,2026-01-29 16:39:04.870830,2026-01-29 16:40:02.566848,0 days 00:00:57.696018,16,False,0.09003212222897639,0.14703415887215407,0.1358693251011885,0.00018997605698434927,16,2,attention,8,128,0.0006376062538467333,"{'val_rmse_mean': 0.9567896723747253, 'val_mae_mean': 0.6920261383056641, 'val_r2_mean': -24.07179069519043, 'val_rmse_target_0': 1.0117141008377075, 'val_mae_target_0': 0.6502552628517151, 'val_r2_target_0': -39.738853454589844, 'val_rmse_target_1': 0.9649195671081543, 'val_mae_target_1': 0.6830469965934753, 'val_r2_target_1': -13.901934623718262, 'val_rmse_target_2': 0.8001830577850342, 'val_mae_target_2': 0.6906857490539551, 'val_r2_target_2': -2.3866260051727295, 'val_rmse_target_3': 1.0503418445587158, 'val_mae_target_3': 0.7441165447235107, 'val_r2_target_3': -40.25975036621094}",COMPLETE
173,0.3536353830110144,2026-01-29 16:40:02.641719,2026-01-29 16:40:57.487902,0 days 00:00:54.846183,16,False,0.09909609531939653,0.16462944982858238,0.1310233180362493,0.00022791037917409255,16,2,attention,8,64,0.0013548854682104892,"{'val_rmse_mean': 0.960546612739563, 'val_mae_mean': 0.6868865489959717, 'val_r2_mean': -32.587406158447266, 'val_rmse_target_0': 1.0197607278823853, 'val_mae_target_0': 0.6456056237220764, 'val_r2_target_0': -40.052513122558594, 'val_rmse_target_1': 0.975766658782959, 'val_mae_target_1': 0.6469544172286987, 'val_r2_target_1': -31.164901733398438, 'val_rmse_target_2': 0.8192357420921326, 'val_mae_target_2': 0.7139281034469604, 'val_r2_target_2': -4.5917768478393555, 'val_rmse_target_3': 1.0274232625961304, 'val_mae_target_3': 0.7410579919815063, 'val_r2_target_3': -54.54043197631836}",COMPLETE
174,0.3596547030740314,2026-01-29 16:40:57.564013,2026-01-29 16:41:55.634115,0 days 00:00:58.070102,16,False,0.09530325136539838,0.16819324456196208,0.10531203773682178,0.00024394760481655578,16,2,attention,8,128,0.0002213497813177755,"{'val_rmse_mean': 0.9583926200866699, 'val_mae_mean': 0.7036544680595398, 'val_r2_mean': -14.93094253540039, 'val_rmse_target_0': 0.996924102306366, 'val_mae_target_0': 0.6401177048683167, 'val_r2_target_0': -23.03174591064453, 'val_rmse_target_1': 0.9785453081130981, 'val_mae_target_1': 0.6976913809776306, 'val_r2_target_1': -9.571154594421387, 'val_rmse_target_2': 0.7817479372024536, 'val_mae_target_2': 0.6974053382873535, 'val_r2_target_2': -1.5432865619659424, 'val_rmse_target_3': 1.0763529539108276, 'val_mae_target_3': 0.7794034481048584, 'val_r2_target_3': -25.577590942382812}",COMPLETE
175,0.3588299715408572,2026-01-29 16:41:55.709557,2026-01-29 16:42:55.225181,0 days 00:00:59.515624,16,False,0.06711209115917355,0.23395645421790132,0.12648853989874873,0.00017871964504345692,16,2,attention,8,128,0.0007656460319142233,"{'val_rmse_mean': 0.9608016014099121, 'val_mae_mean': 0.6983343362808228, 'val_r2_mean': -27.494287490844727, 'val_rmse_target_0': 1.0104398727416992, 'val_mae_target_0': 0.6450221538543701, 'val_r2_target_0': -37.20233154296875, 'val_rmse_target_1': 0.9702361226081848, 'val_mae_target_1': 0.6776702404022217, 'val_r2_target_1': -14.160901069641113, 'val_rmse_target_2': 0.8238127827644348, 'val_mae_target_2': 0.7200995087623596, 'val_r2_target_2': -3.376647472381592, 'val_rmse_target_3': 1.0387176275253296, 'val_mae_target_3': 0.7505456209182739, 'val_r2_target_3': -55.23727798461914}",COMPLETE
176,0.35162873372987463,2026-01-29 16:42:55.300945,2026-01-29 16:43:52.130514,0 days 00:00:56.829569,16,False,0.10713927515716837,0.18537011993161173,0.11435066479030434,0.00020515501066709386,16,2,attention,8,128,0.0010328322742505925,"{'val_rmse_mean': 0.9503466486930847, 'val_mae_mean': 0.692245602607727, 'val_r2_mean': -23.974124908447266, 'val_rmse_target_0': 1.009032964706421, 'val_mae_target_0': 0.6421631574630737, 'val_r2_target_0': -36.950191497802734, 'val_rmse_target_1': 0.9651128053665161, 'val_mae_target_1': 0.6718091368675232, 'val_r2_target_1': -14.953782081604004, 'val_rmse_target_2': 0.7917729616165161, 'val_mae_target_2': 0.7032257914543152, 'val_r2_target_2': -1.9165828227996826, 'val_rmse_target_3': 1.0354678630828857, 'val_mae_target_3': 0.7517844438552856, 'val_r2_target_3': -42.07594680786133}",COMPLETE
177,0.3573432430900909,2026-01-29 16:43:52.206570,2026-01-29 16:44:51.107333,0 days 00:00:58.900763,16,False,0.14275141221751314,0.1509818498326504,0.11118881502039045,0.0002146853132349733,16,2,attention,8,128,0.0004220990354942889,"{'val_rmse_mean': 0.9610151052474976, 'val_mae_mean': 0.6960227489471436, 'val_r2_mean': -18.053436279296875, 'val_rmse_target_0': 0.9989040493965149, 'val_mae_target_0': 0.6298184990882874, 'val_r2_target_0': -27.79287338256836, 'val_rmse_target_1': 1.0005253553390503, 'val_mae_target_1': 0.6918399333953857, 'val_r2_target_1': -10.293648719787598, 'val_rmse_target_2': 0.790399968624115, 'val_mae_target_2': 0.704226016998291, 'val_r2_target_2': -1.315068006515503, 'val_rmse_target_3': 1.05423104763031, 'val_mae_target_3': 0.7582066655158997, 'val_r2_target_3': -32.812164306640625}",COMPLETE
178,0.35676265728694423,2026-01-29 16:44:51.181840,2026-01-29 16:45:50.762612,0 days 00:00:59.580772,16,False,0.10874336824538408,0.1300009165532799,0.15427950003433222,0.00016408112907895394,16,2,attention,16,128,0.0019020927630569512,"{'val_rmse_mean': 0.9623245596885681, 'val_mae_mean': 0.6981901526451111, 'val_r2_mean': -27.924758911132812, 'val_rmse_target_0': 1.0015358924865723, 'val_mae_target_0': 0.6383529901504517, 'val_r2_target_0': -34.64110565185547, 'val_rmse_target_1': 0.9972752928733826, 'val_mae_target_1': 0.6875575184822083, 'val_r2_target_1': -17.510507583618164, 'val_rmse_target_2': 0.8115436434745789, 'val_mae_target_2': 0.7139986753463745, 'val_r2_target_2': -4.482222557067871, 'val_rmse_target_3': 1.0389432907104492, 'val_mae_target_3': 0.7528511881828308, 'val_r2_target_3': -55.06520080566406}",COMPLETE
179,0.35408661721481216,2026-01-29 16:45:50.841761,2026-01-29 16:46:48.645714,0 days 00:00:57.803953,16,False,0.08352168155889203,0.16013231154284865,0.12079566807502,0.0001545825282551069,16,2,attention,8,128,0.00034623725672097916,"{'val_rmse_mean': 0.9643187522888184, 'val_mae_mean': 0.6909793019294739, 'val_r2_mean': -28.267333984375, 'val_rmse_target_0': 1.0077507495880127, 'val_mae_target_0': 0.6336477994918823, 'val_r2_target_0': -38.89733123779297, 'val_rmse_target_1': 0.9763539433479309, 'val_mae_target_1': 0.6730844974517822, 'val_r2_target_1': -20.314069747924805, 'val_rmse_target_2': 0.8200981020927429, 'val_mae_target_2': 0.6931204199790955, 'val_r2_target_2': -4.239041328430176, 'val_rmse_target_3': 1.0530723333358765, 'val_mae_target_3': 0.7640644907951355, 'val_r2_target_3': -49.61890411376953}",COMPLETE
180,0.35528946792085964,2026-01-29 16:46:48.720881,2026-01-29 16:47:46.837718,0 days 00:00:58.116837,16,False,0.12919544968553615,0.17037358154103158,0.2737781079835015,0.0001959278597293481,16,2,attention,8,128,0.00029436926536289393,"{'val_rmse_mean': 0.9566609263420105, 'val_mae_mean': 0.6956416368484497, 'val_r2_mean': -25.31810760498047, 'val_rmse_target_0': 1.0092780590057373, 'val_mae_target_0': 0.637142539024353, 'val_r2_target_0': -35.60078048706055, 'val_rmse_target_1': 0.9827393293380737, 'val_mae_target_1': 0.6954693794250488, 'val_r2_target_1': -16.18500328063965, 'val_rmse_target_2': 0.7826552391052246, 'val_mae_target_2': 0.6932969689369202, 'val_r2_target_2': -1.9483792781829834, 'val_rmse_target_3': 1.051971197128296, 'val_mae_target_3': 0.7566574811935425, 'val_r2_target_3': -47.53828430175781}",COMPLETE
181,0.3562868676251835,2026-01-29 16:47:46.911888,2026-01-29 16:48:51.761834,0 days 00:01:04.849946,16,False,0.156235415000563,0.1379656866486176,0.14032423288751053,0.00021484608612229716,16,3,attention,8,128,0.0005274968982815869,"{'val_rmse_mean': 0.9560147523880005, 'val_mae_mean': 0.6966726779937744, 'val_r2_mean': -22.013938903808594, 'val_rmse_target_0': 1.012616515159607, 'val_mae_target_0': 0.6347002983093262, 'val_r2_target_0': -30.242984771728516, 'val_rmse_target_1': 0.986896276473999, 'val_mae_target_1': 0.6897987723350525, 'val_r2_target_1': -11.16964340209961, 'val_rmse_target_2': 0.7856868505477905, 'val_mae_target_2': 0.695581316947937, 'val_r2_target_2': -1.1975030899047852, 'val_rmse_target_3': 1.038859486579895, 'val_mae_target_3': 0.7666102647781372, 'val_r2_target_3': -45.44561767578125}",COMPLETE
182,0.35046110412588827,2026-01-29 16:48:51.836995,2026-01-29 16:49:55.408653,0 days 00:01:03.571658,16,False,0.09672231304349517,0.24995146674151578,0.14297125489102477,0.00021905521495510497,16,3,attention,8,128,0.000604179341228604,"{'val_rmse_mean': 0.9470502138137817, 'val_mae_mean': 0.7015150785446167, 'val_r2_mean': -19.799175262451172, 'val_rmse_target_0': 0.9930830597877502, 'val_mae_target_0': 0.6415980458259583, 'val_r2_target_0': -32.82379150390625, 'val_rmse_target_1': 0.9695302844047546, 'val_mae_target_1': 0.6841296553611755, 'val_r2_target_1': -14.353500366210938, 'val_rmse_target_2': 0.7627924084663391, 'val_mae_target_2': 0.6854336857795715, 'val_r2_target_2': -1.7225232124328613, 'val_rmse_target_3': 1.0627951622009277, 'val_mae_target_3': 0.7948989868164062, 'val_r2_target_3': -30.296886444091797}",COMPLETE
183,0.3499273442559772,2026-01-29 16:49:55.486066,2026-01-29 16:50:59.617860,0 days 00:01:04.131794,16,False,0.09610056391583172,0.24960181718831645,0.14973712501797298,0.00023444552415425113,16,3,attention,8,128,0.0005948345224771362,"{'val_rmse_mean': 0.9492101669311523, 'val_mae_mean': 0.691530704498291, 'val_r2_mean': -28.71500015258789, 'val_rmse_target_0': 1.0100560188293457, 'val_mae_target_0': 0.6409252285957336, 'val_r2_target_0': -63.54203796386719, 'val_rmse_target_1': 0.976758599281311, 'val_mae_target_1': 0.6707207560539246, 'val_r2_target_1': -11.759481430053711, 'val_rmse_target_2': 0.7586715221405029, 'val_mae_target_2': 0.6810292601585388, 'val_r2_target_2': -1.4404754638671875, 'val_rmse_target_3': 1.0513544082641602, 'val_mae_target_3': 0.7734473943710327, 'val_r2_target_3': -38.11800765991211}",COMPLETE
184,0.3557087836994065,2026-01-29 16:50:59.692737,2026-01-29 16:52:03.949821,0 days 00:01:04.257084,16,False,0.09533867731439223,0.25175950650410367,0.15885723355115886,0.00023397895169074515,16,3,attention,8,128,0.0006612716155146846,"{'val_rmse_mean': 0.9574251174926758, 'val_mae_mean': 0.6984015703201294, 'val_r2_mean': -18.126663208007812, 'val_rmse_target_0': 1.0118720531463623, 'val_mae_target_0': 0.636386513710022, 'val_r2_target_0': -29.491470336914062, 'val_rmse_target_1': 0.9732599854469299, 'val_mae_target_1': 0.700380802154541, 'val_r2_target_1': -9.089874267578125, 'val_rmse_target_2': 0.7748550176620483, 'val_mae_target_2': 0.6728442907333374, 'val_r2_target_2': -1.8761253356933594, 'val_rmse_target_3': 1.0697134733200073, 'val_mae_target_3': 0.7839945554733276, 'val_r2_target_3': -32.04917907714844}",COMPLETE
185,0.35578944230521165,2026-01-29 16:52:04.028164,2026-01-29 16:53:07.879101,0 days 00:01:03.850937,16,False,0.07793065122978901,0.26034188578958656,0.14900883232388965,0.00022289508110680462,16,3,attention,8,128,0.0005687579983569877,"{'val_rmse_mean': 0.9555336833000183, 'val_mae_mean': 0.7031657695770264, 'val_r2_mean': -22.795940399169922, 'val_rmse_target_0': 1.0049599409103394, 'val_mae_target_0': 0.6476573348045349, 'val_r2_target_0': -42.2883186340332, 'val_rmse_target_1': 0.9684998989105225, 'val_mae_target_1': 0.6911224126815796, 'val_r2_target_1': -15.306343078613281, 'val_rmse_target_2': 0.775556206703186, 'val_mae_target_2': 0.6917479038238525, 'val_r2_target_2': -1.8171424865722656, 'val_rmse_target_3': 1.0731186866760254, 'val_mae_target_3': 0.7821354866027832, 'val_r2_target_3': -31.771953582763672}",COMPLETE
186,0.35734489035827144,2026-01-29 16:53:07.954308,2026-01-29 16:54:12.568293,0 days 00:01:04.613985,16,False,0.08815188461597215,0.2419545292986496,0.14387929703273014,0.00024818654547538346,16,3,attention,8,128,0.0008331720292174773,"{'val_rmse_mean': 0.9532024264335632, 'val_mae_mean': 0.7016043663024902, 'val_r2_mean': -17.39738655090332, 'val_rmse_target_0': 0.9857537150382996, 'val_mae_target_0': 0.6444271206855774, 'val_r2_target_0': -28.32044792175293, 'val_rmse_target_1': 0.9843215942382812, 'val_mae_target_1': 0.7074887752532959, 'val_r2_target_1': -10.782395362854004, 'val_rmse_target_2': 0.780827522277832, 'val_mae_target_2': 0.6802904605865479, 'val_r2_target_2': -1.2565300464630127, 'val_rmse_target_3': 1.0619068145751953, 'val_mae_target_3': 0.7742111086845398, 'val_r2_target_3': -29.23016929626465}",COMPLETE
187,0.3595989528629515,2026-01-29 16:54:12.644573,2026-01-29 16:55:14.988010,0 days 00:01:02.343437,16,False,0.10192084301902207,0.2232103911046763,0.1325080818273009,0.00023359719002529806,16,3,mean,8,128,0.0004510252370538418,"{'val_rmse_mean': 0.959662675857544, 'val_mae_mean': 0.7033295631408691, 'val_r2_mean': -18.95519256591797, 'val_rmse_target_0': 1.0242611169815063, 'val_mae_target_0': 0.6734057664871216, 'val_r2_target_0': -20.389137268066406, 'val_rmse_target_1': 0.9944904446601868, 'val_mae_target_1': 0.7010387182235718, 'val_r2_target_1': -10.990518569946289, 'val_rmse_target_2': 0.7700276970863342, 'val_mae_target_2': 0.6876567006111145, 'val_r2_target_2': -1.143867015838623, 'val_rmse_target_3': 1.049871563911438, 'val_mae_target_3': 0.7512170076370239, 'val_r2_target_3': -43.29723358154297}",COMPLETE
188,0.363471413238181,2026-01-29 16:55:15.064303,2026-01-29 16:56:18.996655,0 days 00:01:03.932352,16,False,0.11355449365610387,0.2545101718234717,0.1369817840895966,0.00020570283404342278,16,3,attention,8,128,0.0006950053943694823,"{'val_rmse_mean': 0.9727353453636169, 'val_mae_mean': 0.7047079205513, 'val_r2_mean': -22.568256378173828, 'val_rmse_target_0': 1.0228205919265747, 'val_mae_target_0': 0.6447433829307556, 'val_r2_target_0': -38.397605895996094, 'val_rmse_target_1': 1.0012269020080566, 'val_mae_target_1': 0.6770580410957336, 'val_r2_target_1': -16.65743637084961, 'val_rmse_target_2': 0.8014397621154785, 'val_mae_target_2': 0.7225737571716309, 'val_r2_target_2': -1.836456298828125, 'val_rmse_target_3': 1.0654542446136475, 'val_mae_target_3': 0.7744565606117249, 'val_r2_target_3': -33.38153076171875}",COMPLETE
189,0.355151639699384,2026-01-29 16:56:19.071718,2026-01-29 16:57:22.627798,0 days 00:01:03.556080,16,False,0.030696416892248474,0.2036332000480374,0.1475525224349571,0.0002192143402545843,16,3,attention,8,128,0.0006049624241165597,"{'val_rmse_mean': 0.9562081098556519, 'val_mae_mean': 0.6943526268005371, 'val_r2_mean': -22.41252899169922, 'val_rmse_target_0': 0.9972793459892273, 'val_mae_target_0': 0.6304218769073486, 'val_r2_target_0': -39.63078689575195, 'val_rmse_target_1': 0.9671773910522461, 'val_mae_target_1': 0.6673225164413452, 'val_r2_target_1': -15.36819839477539, 'val_rmse_target_2': 0.8056002259254456, 'val_mae_target_2': 0.7120266556739807, 'val_r2_target_2': -1.353259563446045, 'val_rmse_target_3': 1.0547754764556885, 'val_mae_target_3': 0.7676393985748291, 'val_r2_target_3': -33.297874450683594}",COMPLETE
190,0.3730623792443011,2026-01-29 16:57:22.703596,2026-01-29 16:58:26.635927,0 days 00:01:03.932331,16,False,0.0953593177814866,0.23353185613350458,0.12508948654575922,0.00018994655827238663,16,3,attention,8,512,0.00033464299975709895,"{'val_rmse_mean': 0.9645853042602539, 'val_mae_mean': 0.7196624279022217, 'val_r2_mean': -8.359809875488281, 'val_rmse_target_0': 0.9952495694160461, 'val_mae_target_0': 0.6572391986846924, 'val_r2_target_0': -11.503364562988281, 'val_rmse_target_1': 1.0016121864318848, 'val_mae_target_1': 0.74634850025177, 'val_r2_target_1': -4.784712791442871, 'val_rmse_target_2': 0.7628529071807861, 'val_mae_target_2': 0.6465818881988525, 'val_r2_target_2': -0.0466008186340332, 'val_rmse_target_3': 1.098626732826233, 'val_mae_target_3': 0.8284801244735718, 'val_r2_target_3': -17.10455894470215}",COMPLETE
191,0.35696613057344045,2026-01-29 16:58:26.711780,2026-01-29 16:59:31.924606,0 days 00:01:05.212826,16,False,0.11872608568871287,0.17372060527679514,0.15347176061892628,0.00019985433028966648,16,3,attention,8,256,0.002279213529140319,"{'val_rmse_mean': 0.9502872228622437, 'val_mae_mean': 0.7059171199798584, 'val_r2_mean': -12.174954414367676, 'val_rmse_target_0': 1.00385582447052, 'val_mae_target_0': 0.6569008231163025, 'val_r2_target_0': -18.273761749267578, 'val_rmse_target_1': 0.9854825139045715, 'val_mae_target_1': 0.7084931135177612, 'val_r2_target_1': -8.235054969787598, 'val_rmse_target_2': 0.7425495982170105, 'val_mae_target_2': 0.6559182405471802, 'val_r2_target_2': -0.43118274211883545, 'val_rmse_target_3': 1.0692609548568726, 'val_mae_target_3': 0.8023563623428345, 'val_r2_target_3': -21.75982093811035}",COMPLETE
192,0.35027972070707214,2026-01-29 16:59:31.999688,2026-01-29 17:00:30.770049,0 days 00:00:58.770361,16,False,0.10173574531959087,0.22622140883904848,0.1394935639730364,0.000144551330242705,16,2,attention,8,128,0.0003971918373678316,"{'val_rmse_mean': 0.9507941007614136, 'val_mae_mean': 0.6845790147781372, 'val_r2_mean': -28.031404495239258, 'val_rmse_target_0': 1.0003584623336792, 'val_mae_target_0': 0.6415000557899475, 'val_r2_target_0': -47.124507904052734, 'val_rmse_target_1': 0.9723962545394897, 'val_mae_target_1': 0.660055935382843, 'val_r2_target_1': -21.75594711303711, 'val_rmse_target_2': 0.8006529211997986, 'val_mae_target_2': 0.6923506259918213, 'val_r2_target_2': -4.025842189788818, 'val_rmse_target_3': 1.029768705368042, 'val_mae_target_3': 0.744409441947937, 'val_r2_target_3': -39.21932601928711}",COMPLETE
193,0.3560277451933534,2026-01-29 17:00:30.844702,2026-01-29 17:01:30.213000,0 days 00:00:59.368298,16,False,0.09205932626420218,0.21566665201242768,0.140573759598886,0.00014107579015463245,16,2,attention,8,128,0.0004681840281895163,"{'val_rmse_mean': 0.9603807926177979, 'val_mae_mean': 0.6842303276062012, 'val_r2_mean': -46.17264938354492, 'val_rmse_target_0': 0.9960644841194153, 'val_mae_target_0': 0.6323027610778809, 'val_r2_target_0': -71.47293090820312, 'val_rmse_target_1': 1.0097521543502808, 'val_mae_target_1': 0.6814385652542114, 'val_r2_target_1': -42.472957611083984, 'val_rmse_target_2': 0.8013778924942017, 'val_mae_target_2': 0.6899843811988831, 'val_r2_target_2': -4.345001220703125, 'val_rmse_target_3': 1.0343284606933594, 'val_mae_target_3': 0.7331955432891846, 'val_r2_target_3': -66.39971160888672}",COMPLETE
194,0.35327903705614583,2026-01-29 17:01:30.289139,2026-01-29 17:02:30.545082,0 days 00:01:00.255943,16,False,0.11136371650441551,0.2661632625567982,0.13098844382039063,0.00013240230263200298,16,2,attention,8,128,0.00037776043326752563,"{'val_rmse_mean': 0.9572677612304688, 'val_mae_mean': 0.6812577843666077, 'val_r2_mean': -63.79437255859375, 'val_rmse_target_0': 1.0087555646896362, 'val_mae_target_0': 0.626614511013031, 'val_r2_target_0': -118.76820373535156, 'val_rmse_target_1': 0.9633724689483643, 'val_mae_target_1': 0.6584641933441162, 'val_r2_target_1': -20.951967239379883, 'val_rmse_target_2': 0.8231489062309265, 'val_mae_target_2': 0.70890212059021, 'val_r2_target_2': -5.493525981903076, 'val_rmse_target_3': 1.0337941646575928, 'val_mae_target_3': 0.7310501933097839, 'val_r2_target_3': -109.96379089355469}",COMPLETE
195,0.36375010165351407,2026-01-29 17:02:30.620173,2026-01-29 17:03:35.021579,0 days 00:01:04.401406,16,False,0.10347356054015228,0.22920793440110965,0.10029598253393485,0.00014672570533159606,16,3,attention,8,128,0.00025605009806495564,"{'val_rmse_mean': 0.9753028154373169, 'val_mae_mean': 0.7060107588768005, 'val_r2_mean': -34.986839294433594, 'val_rmse_target_0': 1.0224097967147827, 'val_mae_target_0': 0.6473773717880249, 'val_r2_target_0': -68.38504791259766, 'val_rmse_target_1': 0.9953628778457642, 'val_mae_target_1': 0.7060039639472961, 'val_r2_target_1': -20.670923233032227, 'val_rmse_target_2': 0.8376069664955139, 'val_mae_target_2': 0.7312760353088379, 'val_r2_target_2': -5.570422649383545, 'val_rmse_target_3': 1.0458317995071411, 'val_mae_target_3': 0.7393856048583984, 'val_r2_target_3': -45.320987701416016}",COMPLETE
196,0.3493562213800572,2026-01-29 17:03:35.097162,2026-01-29 17:04:36.316203,0 days 00:01:01.219041,16,False,0.0986239994605193,0.24075924073080973,0.2639348269904425,0.00026888192805704083,16,2,attention,8,128,0.0004140710750785556,"{'val_rmse_mean': 0.9429057240486145, 'val_mae_mean': 0.6872918605804443, 'val_r2_mean': -17.030061721801758, 'val_rmse_target_0': 0.9928807020187378, 'val_mae_target_0': 0.6327625513076782, 'val_r2_target_0': -23.98597526550293, 'val_rmse_target_1': 0.977857768535614, 'val_mae_target_1': 0.692846417427063, 'val_r2_target_1': -10.565563201904297, 'val_rmse_target_2': 0.7335068583488464, 'val_mae_target_2': 0.6400905847549438, 'val_r2_target_2': -0.9579658508300781, 'val_rmse_target_3': 1.0673775672912598, 'val_mae_target_3': 0.7834678292274475, 'val_r2_target_3': -32.610740661621094}",COMPLETE
197,0.3516291959418191,2026-01-29 17:04:36.391005,2026-01-29 17:05:23.883728,0 days 00:00:47.492723,16,False,0.10680090654760747,0.2248404110728279,0.26523137936050795,0.00023788815344512798,32,1,attention,8,128,0.00039047987831116983,"{'val_rmse_mean': 0.9483269453048706, 'val_mae_mean': 0.701007604598999, 'val_r2_mean': -19.45623016357422, 'val_rmse_target_0': 1.0010693073272705, 'val_mae_target_0': 0.6493499279022217, 'val_r2_target_0': -33.038330078125, 'val_rmse_target_1': 0.961488664150238, 'val_mae_target_1': 0.6892386674880981, 'val_r2_target_1': -9.832385063171387, 'val_rmse_target_2': 0.7767353653907776, 'val_mae_target_2': 0.692841112613678, 'val_r2_target_2': -1.2931022644042969, 'val_rmse_target_3': 1.0540143251419067, 'val_mae_target_3': 0.772600531578064, 'val_r2_target_3': -33.66109848022461}",COMPLETE
198,0.35931067168712616,2026-01-29 17:05:23.960422,2026-01-29 17:06:27.111088,0 days 00:01:03.150666,16,False,0.12482335698189594,0.24162524732556634,0.25323500742232435,0.00027766205218779437,16,3,attention,8,128,0.0003155324428428968,"{'val_rmse_mean': 0.9584493637084961, 'val_mae_mean': 0.7052278518676758, 'val_r2_mean': -16.367881774902344, 'val_rmse_target_0': 1.0009874105453491, 'val_mae_target_0': 0.6507140398025513, 'val_r2_target_0': -23.549320220947266, 'val_rmse_target_1': 1.010380744934082, 'val_mae_target_1': 0.7229695916175842, 'val_r2_target_1': -9.249242782592773, 'val_rmse_target_2': 0.7705933451652527, 'val_mae_target_2': 0.677862286567688, 'val_r2_target_2': -1.0058128833770752, 'val_rmse_target_3': 1.0518356561660767, 'val_mae_target_3': 0.7693652510643005, 'val_r2_target_3': -31.667144775390625}",COMPLETE
199,0.36009074478513664,2026-01-29 17:06:27.186483,2026-01-29 17:07:25.486688,0 days 00:00:58.300205,16,False,0.1376258994687563,0.2472206942321852,0.2823520099250909,0.00025764628536341887,16,2,attention,8,128,0.00045685251645866077,"{'val_rmse_mean': 0.9630699157714844, 'val_mae_mean': 0.6966085433959961, 'val_r2_mean': -19.839763641357422, 'val_rmse_target_0': 1.0282766819000244, 'val_mae_target_0': 0.6516933441162109, 'val_r2_target_0': -23.76826286315918, 'val_rmse_target_1': 0.9781736731529236, 'val_mae_target_1': 0.6837403774261475, 'val_r2_target_1': -11.25133228302002, 'val_rmse_target_2': 0.7937995195388794, 'val_mae_target_2': 0.6963546872138977, 'val_r2_target_2': -1.7379035949707031, 'val_rmse_target_3': 1.0520296096801758, 'val_mae_target_3': 0.754645824432373, 'val_r2_target_3': -42.601558685302734}",COMPLETE
