number,value,datetime_start,datetime_complete,duration,params_batch_size,params_bidirectional,params_dropout_lstm,params_dropout_path,params_dropout_reg,params_lr,params_lstm_hidden_dim,params_lstm_layers,params_path_aggregation,params_path_dim,params_regressor_dim,params_weight_decay,user_attrs_val_metrics,state
0,0.373575191254969,2026-02-01 18:13:15.141017,2026-02-01 18:13:58.965662,0 days 00:00:43.824645,16,False,0.12090754676988918,0.2867290561422264,0.37008546289147487,0.0003149025626110718,16,2,static,8,128,1.49492337944244e-05,"{'val_rmse_mean': 0.9412840008735657, 'val_mae_mean': 0.72417151927948, 'val_r2_mean': -16.11726188659668, 'val_rmse_target_0': 1.0227367877960205, 'val_mae_target_0': 0.649289071559906, 'val_r2_target_0': -39.80606460571289, 'val_rmse_target_1': 0.9665604829788208, 'val_mae_target_1': 0.6726572513580322, 'val_r2_target_1': -12.676756858825684, 'val_rmse_target_2': 0.9227039813995361, 'val_mae_target_2': 0.7728641629219055, 'val_r2_target_2': -4.850175857543945, 'val_rmse_target_3': 0.9379158020019531, 'val_mae_target_3': 0.6845710277557373, 'val_r2_target_3': -6.7394843101501465, 'val_rmse_target_4': 0.890127956867218, 'val_mae_target_4': 0.7289955615997314, 'val_r2_target_4': -3.7121639251708984, 'val_rmse_target_5': 0.7898637652397156, 'val_mae_target_5': 0.6143208146095276, 'val_r2_target_5': -1.7183988094329834, 'val_rmse_target_6': 0.7905952334403992, 'val_mae_target_6': 0.7120851874351501, 'val_r2_target_6': -1.6967735290527344, 'val_rmse_target_7': 0.9152913689613342, 'val_mae_target_7': 0.7459965348243713, 'val_r2_target_7': -5.126522064208984, 'val_rmse_target_8': 1.1079131364822388, 'val_mae_target_8': 0.9365430474281311, 'val_r2_target_8': -38.9818000793457, 'val_rmse_target_9': 0.8753930926322937, 'val_mae_target_9': 0.6717168092727661, 'val_r2_target_9': -8.44118881225586, 'val_rmse_target_10': 0.9909576177597046, 'val_mae_target_10': 0.780764102935791, 'val_r2_target_10': -11.360337257385254, 'val_rmse_target_11': 1.0536091327667236, 'val_mae_target_11': 0.7573114037513733, 'val_r2_target_11': -51.738224029541016, 'val_rmse_target_12': 1.0211557149887085, 'val_mae_target_12': 0.7148292660713196, 'val_r2_target_12': -33.531436920166016, 'val_rmse_target_13': 0.8931532502174377, 'val_mae_target_13': 0.696456789970398, 'val_r2_target_13': -5.262331962585449}",COMPLETE
1,0.3668638473307645,2026-02-01 18:13:59.042705,2026-02-01 18:14:42.527663,0 days 00:00:43.484958,16,False,0.19618067930098046,0.3205981295972909,0.38810039637676047,0.00020615875986791597,32,2,static,16,512,0.000513350576368737,"{'val_rmse_mean': 0.9237361550331116, 'val_mae_mean': 0.717535138130188, 'val_r2_mean': -8.34055233001709, 'val_rmse_target_0': 1.014803409576416, 'val_mae_target_0': 0.6494125723838806, 'val_r2_target_0': -14.720922470092773, 'val_rmse_target_1': 0.9642703533172607, 'val_mae_target_1': 0.6955333352088928, 'val_r2_target_1': -5.557548522949219, 'val_rmse_target_2': 0.9063735604286194, 'val_mae_target_2': 0.7639552354812622, 'val_r2_target_2': -2.7275211811065674, 'val_rmse_target_3': 0.923555850982666, 'val_mae_target_3': 0.6997039914131165, 'val_r2_target_3': -3.3751730918884277, 'val_rmse_target_4': 0.8452538847923279, 'val_mae_target_4': 0.6871175169944763, 'val_r2_target_4': -1.2951936721801758, 'val_rmse_target_5': 0.7359357476234436, 'val_mae_target_5': 0.5834466218948364, 'val_r2_target_5': -0.17578506469726562, 'val_rmse_target_6': 0.7456868290901184, 'val_mae_target_6': 0.649886965751648, 'val_r2_target_6': -0.24629449844360352, 'val_rmse_target_7': 0.9319568872451782, 'val_mae_target_7': 0.7514609098434448, 'val_r2_target_7': -2.291076421737671, 'val_rmse_target_8': 1.1246217489242554, 'val_mae_target_8': 0.948781430721283, 'val_r2_target_8': -37.353759765625, 'val_rmse_target_9': 0.8060022592544556, 'val_mae_target_9': 0.6047943830490112, 'val_r2_target_9': -1.7729966640472412, 'val_rmse_target_10': 1.0014046430587769, 'val_mae_target_10': 0.8259559273719788, 'val_r2_target_10': -5.621922969818115, 'val_rmse_target_11': 1.0642086267471313, 'val_mae_target_11': 0.7869238257408142, 'val_r2_target_11': -26.113933563232422, 'val_rmse_target_12': 1.0094623565673828, 'val_mae_target_12': 0.7275766730308533, 'val_r2_target_12': -13.897530555725098, 'val_rmse_target_13': 0.8587693572044373, 'val_mae_target_13': 0.6709434986114502, 'val_r2_target_13': -1.6180708408355713}",COMPLETE
2,0.4019086040832378,2026-02-01 18:14:42.606415,2026-02-01 18:15:24.838710,0 days 00:00:42.232295,16,False,0.29263113946090946,0.3346659627816111,0.26277738636139086,5.521233769981352e-05,16,2,static,8,256,2.3579264565291765e-05,"{'val_rmse_mean': 0.984978199005127, 'val_mae_mean': 0.7611938118934631, 'val_r2_mean': -46.04081344604492, 'val_rmse_target_0': 1.0495084524154663, 'val_mae_target_0': 0.6783203482627869, 'val_r2_target_0': -83.81607055664062, 'val_rmse_target_1': 0.979727029800415, 'val_mae_target_1': 0.6690931916236877, 'val_r2_target_1': -64.43548583984375, 'val_rmse_target_2': 0.9811363220214844, 'val_mae_target_2': 0.8104456663131714, 'val_r2_target_2': -44.457183837890625, 'val_rmse_target_3': 0.9946843981742859, 'val_mae_target_3': 0.746816873550415, 'val_r2_target_3': -25.78754234313965, 'val_rmse_target_4': 0.9317237734794617, 'val_mae_target_4': 0.7757948637008667, 'val_r2_target_4': -37.877967834472656, 'val_rmse_target_5': 0.9534759521484375, 'val_mae_target_5': 0.7727581262588501, 'val_r2_target_5': -22.708316802978516, 'val_rmse_target_6': 0.9333491325378418, 'val_mae_target_6': 0.8132976293563843, 'val_r2_target_6': -24.26113510131836, 'val_rmse_target_7': 0.9701551198959351, 'val_mae_target_7': 0.8062968254089355, 'val_r2_target_7': -55.61161804199219, 'val_rmse_target_8': 1.051011323928833, 'val_mae_target_8': 0.8620479702949524, 'val_r2_target_8': -49.52750015258789, 'val_rmse_target_9': 0.9341934323310852, 'val_mae_target_9': 0.7174222469329834, 'val_r2_target_9': -29.94269371032715, 'val_rmse_target_10': 0.9999644756317139, 'val_mae_target_10': 0.777299165725708, 'val_r2_target_10': -52.39662551879883, 'val_rmse_target_11': 1.016526460647583, 'val_mae_target_11': 0.7033841013908386, 'val_r2_target_11': -57.78860092163086, 'val_rmse_target_12': 0.9933981895446777, 'val_mae_target_12': 0.7226446866989136, 'val_r2_target_12': -38.054996490478516, 'val_rmse_target_13': 1.0008403062820435, 'val_mae_target_13': 0.8010914325714111, 'val_r2_target_13': -57.90570831298828}",COMPLETE
3,0.37475862712771807,2026-02-01 18:15:24.912797,2026-02-01 18:16:08.800964,0 days 00:00:43.888167,16,False,0.1405344336685298,0.3219904391531263,0.3288519733844885,0.0001591241601896739,32,2,static,8,512,0.00042081616388832567,"{'val_rmse_mean': 0.9392074346542358, 'val_mae_mean': 0.7297636866569519, 'val_r2_mean': -11.542057991027832, 'val_rmse_target_0': 1.0292882919311523, 'val_mae_target_0': 0.6758540272712708, 'val_r2_target_0': -21.057592391967773, 'val_rmse_target_1': 0.9561111330986023, 'val_mae_target_1': 0.6963910460472107, 'val_r2_target_1': -6.717266082763672, 'val_rmse_target_2': 0.9467212557792664, 'val_mae_target_2': 0.7970511317253113, 'val_r2_target_2': -3.025942325592041, 'val_rmse_target_3': 0.9471569061279297, 'val_mae_target_3': 0.731024980545044, 'val_r2_target_3': -4.633818626403809, 'val_rmse_target_4': 0.876994252204895, 'val_mae_target_4': 0.6975134611129761, 'val_r2_target_4': -1.8669350147247314, 'val_rmse_target_5': 0.7581243515014648, 'val_mae_target_5': 0.5971167087554932, 'val_r2_target_5': -0.40133392810821533, 'val_rmse_target_6': 0.7539312839508057, 'val_mae_target_6': 0.6620134711265564, 'val_r2_target_6': -0.43501174449920654, 'val_rmse_target_7': 0.9242779612541199, 'val_mae_target_7': 0.7518694400787354, 'val_r2_target_7': -2.5162951946258545, 'val_rmse_target_8': 1.0976653099060059, 'val_mae_target_8': 0.922831118106842, 'val_r2_target_8': -58.822845458984375, 'val_rmse_target_9': 0.8350356221199036, 'val_mae_target_9': 0.6324523687362671, 'val_r2_target_9': -2.37784481048584, 'val_rmse_target_10': 1.008861780166626, 'val_mae_target_10': 0.8056262731552124, 'val_r2_target_10': -8.764280319213867, 'val_rmse_target_11': 1.0798989534378052, 'val_mae_target_11': 0.7941214442253113, 'val_r2_target_11': -28.505895614624023, 'val_rmse_target_12': 1.028254747390747, 'val_mae_target_12': 0.7399806380271912, 'val_r2_target_12': -20.110315322875977, 'val_rmse_target_13': 0.9065824151039124, 'val_mae_target_13': 0.712846040725708, 'val_r2_target_13': -2.353419542312622}",COMPLETE
4,0.36680696683901326,2026-02-01 18:16:08.874921,2026-02-01 18:16:52.135037,0 days 00:00:43.260116,16,False,0.17164307924959915,0.23747864289394616,0.26979036602224626,0.00029760890767285874,32,2,static,8,512,0.000549528882425187,"{'val_rmse_mean': 0.9207614660263062, 'val_mae_mean': 0.7174306511878967, 'val_r2_mean': -5.6019287109375, 'val_rmse_target_0': 1.0080643892288208, 'val_mae_target_0': 0.6605475544929504, 'val_r2_target_0': -8.018954277038574, 'val_rmse_target_1': 0.9881176948547363, 'val_mae_target_1': 0.7296729683876038, 'val_r2_target_1': -3.9511823654174805, 'val_rmse_target_2': 0.8442723751068115, 'val_mae_target_2': 0.7295594811439514, 'val_r2_target_2': -1.070859670639038, 'val_rmse_target_3': 0.8871899843215942, 'val_mae_target_3': 0.7018008828163147, 'val_r2_target_3': -1.7959034442901611, 'val_rmse_target_4': 0.7863402962684631, 'val_mae_target_4': 0.6113238334655762, 'val_r2_target_4': -0.3866429328918457, 'val_rmse_target_5': 0.7428115010261536, 'val_mae_target_5': 0.6033610105514526, 'val_r2_target_5': -0.019724607467651367, 'val_rmse_target_6': 0.7455922961235046, 'val_mae_target_6': 0.62422776222229, 'val_r2_target_6': 0.00021642446517944336, 'val_rmse_target_7': 0.9226219654083252, 'val_mae_target_7': 0.7201628684997559, 'val_r2_target_7': -1.2959880828857422, 'val_rmse_target_8': 1.1458953619003296, 'val_mae_target_8': 0.9595494866371155, 'val_r2_target_8': -24.260906219482422, 'val_rmse_target_9': 0.8261798620223999, 'val_mae_target_9': 0.6573822498321533, 'val_r2_target_9': -0.8417307138442993, 'val_rmse_target_10': 0.984622061252594, 'val_mae_target_10': 0.8107231259346008, 'val_r2_target_10': -3.508699417114258, 'val_rmse_target_11': 1.092856764793396, 'val_mae_target_11': 0.8059017062187195, 'val_r2_target_11': -17.567039489746094, 'val_rmse_target_12': 1.028918743133545, 'val_mae_target_12': 0.7340726256370544, 'val_r2_target_12': -14.728070259094238, 'val_rmse_target_13': 0.887177586555481, 'val_mae_target_13': 0.6957436203956604, 'val_r2_target_13': -0.981514573097229}",COMPLETE
5,0.38763488994704354,2026-02-01 18:16:52.209789,2026-02-01 18:17:36.082993,0 days 00:00:43.873204,16,False,0.24723107967796454,0.33333453961191106,0.2021273442119883,6.278830851861164e-05,16,2,static,16,512,0.0016331531430670118,"{'val_rmse_mean': 0.9633101224899292, 'val_mae_mean': 0.7371751070022583, 'val_r2_mean': -42.4072265625, 'val_rmse_target_0': 1.0290582180023193, 'val_mae_target_0': 0.6411815881729126, 'val_r2_target_0': -116.64408874511719, 'val_rmse_target_1': 0.9810648560523987, 'val_mae_target_1': 0.666658878326416, 'val_r2_target_1': -43.846134185791016, 'val_rmse_target_2': 0.9598606824874878, 'val_mae_target_2': 0.8037323355674744, 'val_r2_target_2': -18.428325653076172, 'val_rmse_target_3': 0.9605374336242676, 'val_mae_target_3': 0.7169620990753174, 'val_r2_target_3': -22.251075744628906, 'val_rmse_target_4': 0.9252338409423828, 'val_mae_target_4': 0.7565343379974365, 'val_r2_target_4': -14.446683883666992, 'val_rmse_target_5': 0.8650290369987488, 'val_mae_target_5': 0.6818604469299316, 'val_r2_target_5': -8.843833923339844, 'val_rmse_target_6': 0.8407473564147949, 'val_mae_target_6': 0.7334414124488831, 'val_r2_target_6': -7.944033622741699, 'val_rmse_target_7': 0.9367325305938721, 'val_mae_target_7': 0.7611415386199951, 'val_r2_target_7': -21.642919540405273, 'val_rmse_target_8': 1.0866107940673828, 'val_mae_target_8': 0.9142693877220154, 'val_r2_target_8': -101.09614562988281, 'val_rmse_target_9': 0.9136623740196228, 'val_mae_target_9': 0.6852982640266418, 'val_r2_target_9': -21.425928115844727, 'val_rmse_target_10': 1.0046814680099487, 'val_mae_target_10': 0.786212682723999, 'val_r2_target_10': -32.872108459472656, 'val_rmse_target_11': 1.0422371625900269, 'val_mae_target_11': 0.7354084253311157, 'val_r2_target_11': -94.63584899902344, 'val_rmse_target_12': 1.0135490894317627, 'val_mae_target_12': 0.7075515985488892, 'val_r2_target_12': -64.92366790771484, 'val_rmse_target_13': 0.9273362755775452, 'val_mae_target_13': 0.7301982641220093, 'val_r2_target_13': -24.70040512084961}",COMPLETE
6,0.3868507367593271,2026-02-01 18:17:36.159892,2026-02-01 18:18:20.030269,0 days 00:00:43.870377,16,False,0.27022117071129126,0.32290642187089674,0.393350628298296,5.388125131322094e-05,8,2,static,8,512,0.00037923425391289087,"{'val_rmse_mean': 0.9631968140602112, 'val_mae_mean': 0.7434564232826233, 'val_r2_mean': -38.852176666259766, 'val_rmse_target_0': 1.0355674028396606, 'val_mae_target_0': 0.6468258500099182, 'val_r2_target_0': -104.3621597290039, 'val_rmse_target_1': 0.9488641619682312, 'val_mae_target_1': 0.6629399061203003, 'val_r2_target_1': -29.638811111450195, 'val_rmse_target_2': 0.9561198949813843, 'val_mae_target_2': 0.7962338328361511, 'val_r2_target_2': -26.11166763305664, 'val_rmse_target_3': 0.9616797566413879, 'val_mae_target_3': 0.7247859239578247, 'val_r2_target_3': -24.47372055053711, 'val_rmse_target_4': 0.9264761805534363, 'val_mae_target_4': 0.7682380676269531, 'val_r2_target_4': -13.272480964660645, 'val_rmse_target_5': 0.8960791230201721, 'val_mae_target_5': 0.7171775102615356, 'val_r2_target_5': -13.561635971069336, 'val_rmse_target_6': 0.8336449861526489, 'val_mae_target_6': 0.7308758497238159, 'val_r2_target_6': -6.504638195037842, 'val_rmse_target_7': 0.9255930781364441, 'val_mae_target_7': 0.7707898020744324, 'val_r2_target_7': -20.76443099975586, 'val_rmse_target_8': 1.0818333625793457, 'val_mae_target_8': 0.9043927788734436, 'val_r2_target_8': -99.5752182006836, 'val_rmse_target_9': 0.9203998446464539, 'val_mae_target_9': 0.7073047161102295, 'val_r2_target_9': -20.42479705810547, 'val_rmse_target_10': 0.9982323050498962, 'val_mae_target_10': 0.7822429537773132, 'val_r2_target_10': -29.11774444580078, 'val_rmse_target_11': 1.0591102838516235, 'val_mae_target_11': 0.7639304399490356, 'val_r2_target_11': -69.67562103271484, 'val_rmse_target_12': 1.0033479928970337, 'val_mae_target_12': 0.7042861580848694, 'val_r2_target_12': -69.52786254882812, 'val_rmse_target_13': 0.9378074407577515, 'val_mae_target_13': 0.7283665537834167, 'val_r2_target_13': -16.9196834564209}",COMPLETE
7,0.37765923032054194,2026-02-01 18:18:20.104984,2026-02-01 18:19:05.111488,0 days 00:00:45.006504,16,False,0.17643795805718193,0.20214487529100789,0.20253130952662834,9.68808305789358e-05,16,2,static,8,512,0.00027817603346240503,"{'val_rmse_mean': 0.9466261267662048, 'val_mae_mean': 0.728571891784668, 'val_r2_mean': -16.015981674194336, 'val_rmse_target_0': 1.0541162490844727, 'val_mae_target_0': 0.6893032789230347, 'val_r2_target_0': -25.552263259887695, 'val_rmse_target_1': 0.9410711526870728, 'val_mae_target_1': 0.6538979411125183, 'val_r2_target_1': -12.021462440490723, 'val_rmse_target_2': 0.9581277966499329, 'val_mae_target_2': 0.8138911724090576, 'val_r2_target_2': -6.523216247558594, 'val_rmse_target_3': 0.9549176692962646, 'val_mae_target_3': 0.7062351107597351, 'val_r2_target_3': -8.36821174621582, 'val_rmse_target_4': 0.8961454033851624, 'val_mae_target_4': 0.7290584444999695, 'val_r2_target_4': -4.463864326477051, 'val_rmse_target_5': 0.7859756350517273, 'val_mae_target_5': 0.5923678278923035, 'val_r2_target_5': -1.7953286170959473, 'val_rmse_target_6': 0.7510807514190674, 'val_mae_target_6': 0.6626852750778198, 'val_r2_target_6': -1.4304144382476807, 'val_rmse_target_7': 0.9092506170272827, 'val_mae_target_7': 0.7496517300605774, 'val_r2_target_7': -5.105735778808594, 'val_rmse_target_8': 1.0965466499328613, 'val_mae_target_8': 0.9105467796325684, 'val_r2_target_8': -68.85404968261719, 'val_rmse_target_9': 0.8775138854980469, 'val_mae_target_9': 0.6647659540176392, 'val_r2_target_9': -6.694041728973389, 'val_rmse_target_10': 1.0045183897018433, 'val_mae_target_10': 0.799848198890686, 'val_r2_target_10': -11.997638702392578, 'val_rmse_target_11': 1.053075909614563, 'val_mae_target_11': 0.7626623511314392, 'val_r2_target_11': -41.17802810668945, 'val_rmse_target_12': 1.0543861389160156, 'val_mae_target_12': 0.7409665584564209, 'val_r2_target_12': -24.6575870513916, 'val_rmse_target_13': 0.9160391688346863, 'val_mae_target_13': 0.7241261005401611, 'val_r2_target_13': -5.58186149597168}",COMPLETE
8,0.3757273218146077,2026-02-01 18:19:05.183059,2026-02-01 18:19:49.025248,0 days 00:00:43.842189,16,False,0.13308221318653624,0.21204596214223315,0.2972420982585898,0.00029871541314226813,32,2,static,16,128,0.00015238527899665702,"{'val_rmse_mean': 0.9442300796508789, 'val_mae_mean': 0.7228534817695618, 'val_r2_mean': -13.23210334777832, 'val_rmse_target_0': 0.9868461489677429, 'val_mae_target_0': 0.6191065907478333, 'val_r2_target_0': -23.810955047607422, 'val_rmse_target_1': 0.9451649188995361, 'val_mae_target_1': 0.6469399929046631, 'val_r2_target_1': -12.265469551086426, 'val_rmse_target_2': 0.906218409538269, 'val_mae_target_2': 0.760365903377533, 'val_r2_target_2': -3.60858154296875, 'val_rmse_target_3': 0.9332465529441833, 'val_mae_target_3': 0.6827097535133362, 'val_r2_target_3': -4.779667377471924, 'val_rmse_target_4': 0.8673557639122009, 'val_mae_target_4': 0.7055955529212952, 'val_r2_target_4': -2.648480176925659, 'val_rmse_target_5': 0.8070055842399597, 'val_mae_target_5': 0.6080144047737122, 'val_r2_target_5': -1.540400743484497, 'val_rmse_target_6': 0.8322328329086304, 'val_mae_target_6': 0.7326442003250122, 'val_r2_target_6': -1.6729753017425537, 'val_rmse_target_7': 0.9344587326049805, 'val_mae_target_7': 0.7686641216278076, 'val_r2_target_7': -6.409341335296631, 'val_rmse_target_8': 1.1025640964508057, 'val_mae_target_8': 0.9162757396697998, 'val_r2_target_8': -43.97512435913086, 'val_rmse_target_9': 0.8773586750030518, 'val_mae_target_9': 0.6779244542121887, 'val_r2_target_9': -5.323045253753662, 'val_rmse_target_10': 0.9980925917625427, 'val_mae_target_10': 0.7976020574569702, 'val_r2_target_10': -9.844202041625977, 'val_rmse_target_11': 1.0769233703613281, 'val_mae_target_11': 0.7775943875312805, 'val_r2_target_11': -42.88098907470703, 'val_rmse_target_12': 1.041881799697876, 'val_mae_target_12': 0.7238647937774658, 'val_r2_target_12': -20.976961135864258, 'val_rmse_target_13': 0.9098720550537109, 'val_mae_target_13': 0.7026458382606506, 'val_r2_target_13': -5.513269424438477}",COMPLETE
9,0.36323346804689477,2026-02-01 18:19:49.097264,2026-02-01 18:20:32.477597,0 days 00:00:43.380333,16,False,0.2792831819133802,0.28771580553913206,0.22014854363509384,0.00036400937627884304,8,2,static,16,512,1.766298686588784e-05,"{'val_rmse_mean': 0.9158994555473328, 'val_mae_mean': 0.7112245559692383, 'val_r2_mean': -3.9350600242614746, 'val_rmse_target_0': 0.9785902500152588, 'val_mae_target_0': 0.6324776411056519, 'val_r2_target_0': -5.853636264801025, 'val_rmse_target_1': 1.0203897953033447, 'val_mae_target_1': 0.7679517269134521, 'val_r2_target_1': -2.635110378265381, 'val_rmse_target_2': 0.8149731755256653, 'val_mae_target_2': 0.686438798904419, 'val_r2_target_2': -0.6722657680511475, 'val_rmse_target_3': 0.8994605541229248, 'val_mae_target_3': 0.7071665525436401, 'val_r2_target_3': -1.3929479122161865, 'val_rmse_target_4': 0.7748507261276245, 'val_mae_target_4': 0.6137025356292725, 'val_r2_target_4': -0.19895219802856445, 'val_rmse_target_5': 0.7366755604743958, 'val_mae_target_5': 0.5856550931930542, 'val_r2_target_5': 0.05588054656982422, 'val_rmse_target_6': 0.7724247574806213, 'val_mae_target_6': 0.6416192054748535, 'val_r2_target_6': 0.05039477348327637, 'val_rmse_target_7': 0.8905438780784607, 'val_mae_target_7': 0.6806029677391052, 'val_r2_target_7': -0.8816771507263184, 'val_rmse_target_8': 1.1689079999923706, 'val_mae_target_8': 0.9788388609886169, 'val_r2_target_8': -18.679908752441406, 'val_rmse_target_9': 0.8035579919815063, 'val_mae_target_9': 0.6256073713302612, 'val_r2_target_9': -0.5588825941085815, 'val_rmse_target_10': 0.9646360278129578, 'val_mae_target_10': 0.7910066246986389, 'val_r2_target_10': -2.640981674194336, 'val_rmse_target_11': 1.1316354274749756, 'val_mae_target_11': 0.8398939967155457, 'val_r2_target_11': -11.685318946838379, 'val_rmse_target_12': 1.015249490737915, 'val_mae_target_12': 0.7351764440536499, 'val_r2_target_12': -9.346750259399414, 'val_rmse_target_13': 0.850696325302124, 'val_mae_target_13': 0.6710063815116882, 'val_r2_target_13': -0.6506843566894531}",COMPLETE
10,0.3596154307877576,2026-02-01 18:20:32.550037,2026-02-01 18:21:16.219339,0 days 00:00:43.669302,16,False,0.23371526483561894,0.3981967769637214,0.2450917928498627,0.0004978428966624133,8,2,static,16,256,5.162087961294184e-05,"{'val_rmse_mean': 0.910113513469696, 'val_mae_mean': 0.7109214663505554, 'val_r2_mean': -4.169583320617676, 'val_rmse_target_0': 0.9881103038787842, 'val_mae_target_0': 0.6282573938369751, 'val_r2_target_0': -6.568983554840088, 'val_rmse_target_1': 1.0300054550170898, 'val_mae_target_1': 0.7546595931053162, 'val_r2_target_1': -3.502615451812744, 'val_rmse_target_2': 0.7555341720581055, 'val_mae_target_2': 0.6137385964393616, 'val_r2_target_2': -0.433107852935791, 'val_rmse_target_3': 0.9265804290771484, 'val_mae_target_3': 0.7303988337516785, 'val_r2_target_3': -1.8280386924743652, 'val_rmse_target_4': 0.8000815510749817, 'val_mae_target_4': 0.6627932190895081, 'val_r2_target_4': -0.3658033609390259, 'val_rmse_target_5': 0.7375019788742065, 'val_mae_target_5': 0.598864734172821, 'val_r2_target_5': -0.09099459648132324, 'val_rmse_target_6': 0.7828569412231445, 'val_mae_target_6': 0.6603331565856934, 'val_r2_target_6': -0.1601707935333252, 'val_rmse_target_7': 0.8888766169548035, 'val_mae_target_7': 0.6846976280212402, 'val_r2_target_7': -1.012589931488037, 'val_rmse_target_8': 1.143012523651123, 'val_mae_target_8': 0.9740957617759705, 'val_r2_target_8': -18.775053024291992, 'val_rmse_target_9': 0.7870070934295654, 'val_mae_target_9': 0.6290344595909119, 'val_r2_target_9': -0.4697587490081787, 'val_rmse_target_10': 0.9786112308502197, 'val_mae_target_10': 0.8280802369117737, 'val_r2_target_10': -2.050736427307129, 'val_rmse_target_11': 1.0987486839294434, 'val_mae_target_11': 0.808761477470398, 'val_r2_target_11': -15.553678512573242, 'val_rmse_target_12': 0.9815167188644409, 'val_mae_target_12': 0.722598135471344, 'val_r2_target_12': -6.453087329864502, 'val_rmse_target_13': 0.8431456685066223, 'val_mae_target_13': 0.6565873026847839, 'val_r2_target_13': -1.1095521450042725}",COMPLETE
11,0.3643187935705538,2026-02-01 18:21:16.299399,2026-02-01 18:21:57.310265,0 days 00:00:41.010866,16,False,0.2358066486692775,0.3978817209979591,0.2392394813838727,0.0004966477658955769,8,2,static,16,256,5.5360677525143524e-05,"{'val_rmse_mean': 0.9177669286727905, 'val_mae_mean': 0.7133930325508118, 'val_r2_mean': -4.184996128082275, 'val_rmse_target_0': 0.978630006313324, 'val_mae_target_0': 0.6504945158958435, 'val_r2_target_0': -5.552431106567383, 'val_rmse_target_1': 1.0143476724624634, 'val_mae_target_1': 0.7629114985466003, 'val_r2_target_1': -3.2431588172912598, 'val_rmse_target_2': 0.7187860608100891, 'val_mae_target_2': 0.5817214846611023, 'val_r2_target_2': -0.20170044898986816, 'val_rmse_target_3': 0.9127278923988342, 'val_mae_target_3': 0.7302027344703674, 'val_r2_target_3': -1.3209948539733887, 'val_rmse_target_4': 0.7849864363670349, 'val_mae_target_4': 0.622918426990509, 'val_r2_target_4': -0.09652972221374512, 'val_rmse_target_5': 0.7854787111282349, 'val_mae_target_5': 0.6405014991760254, 'val_r2_target_5': -0.050946950912475586, 'val_rmse_target_6': 0.8358139395713806, 'val_mae_target_6': 0.6905306577682495, 'val_r2_target_6': -0.11044120788574219, 'val_rmse_target_7': 0.8686304688453674, 'val_mae_target_7': 0.6511454582214355, 'val_r2_target_7': -0.921424150466919, 'val_rmse_target_8': 1.156506896018982, 'val_mae_target_8': 0.9726772904396057, 'val_r2_target_8': -22.37559700012207, 'val_rmse_target_9': 0.8197017908096313, 'val_mae_target_9': 0.6446671485900879, 'val_r2_target_9': -0.6356066465377808, 'val_rmse_target_10': 0.9867845177650452, 'val_mae_target_10': 0.8342541456222534, 'val_r2_target_10': -2.82818865776062, 'val_rmse_target_11': 1.1461095809936523, 'val_mae_target_11': 0.8458020091056824, 'val_r2_target_11': -11.98046588897705, 'val_rmse_target_12': 1.0220729112625122, 'val_mae_target_12': 0.7286398410797119, 'val_r2_target_12': -8.488595962524414, 'val_rmse_target_13': 0.8181594014167786, 'val_mae_target_13': 0.6310359239578247, 'val_r2_target_13': -0.7838499546051025}",COMPLETE
12,0.36507939243758164,2026-02-01 18:21:57.381053,2026-02-01 18:22:41.546435,0 days 00:00:44.165382,16,False,0.2359386651081272,0.39589091229427986,0.23728268903562222,0.00048498850349934286,8,2,static,16,256,6.236650622285832e-05,"{'val_rmse_mean': 0.922164261341095, 'val_mae_mean': 0.7170876264572144, 'val_r2_mean': -5.337427616119385, 'val_rmse_target_0': 1.0122188329696655, 'val_mae_target_0': 0.653461754322052, 'val_r2_target_0': -6.430472373962402, 'val_rmse_target_1': 1.0175834894180298, 'val_mae_target_1': 0.75388103723526, 'val_r2_target_1': -3.707535743713379, 'val_rmse_target_2': 0.7601290941238403, 'val_mae_target_2': 0.6340068578720093, 'val_r2_target_2': -0.3215668201446533, 'val_rmse_target_3': 0.9420768022537231, 'val_mae_target_3': 0.7353042960166931, 'val_r2_target_3': -1.9362146854400635, 'val_rmse_target_4': 0.8099799752235413, 'val_mae_target_4': 0.6366015672683716, 'val_r2_target_4': -0.3629850149154663, 'val_rmse_target_5': 0.7812082767486572, 'val_mae_target_5': 0.6235283017158508, 'val_r2_target_5': -0.05716872215270996, 'val_rmse_target_6': 0.7741338014602661, 'val_mae_target_6': 0.6553669571876526, 'val_r2_target_6': -0.08010637760162354, 'val_rmse_target_7': 0.911212682723999, 'val_mae_target_7': 0.7097039818763733, 'val_r2_target_7': -1.16566801071167, 'val_rmse_target_8': 1.1168951988220215, 'val_mae_target_8': 0.9284523725509644, 'val_r2_target_8': -32.414432525634766, 'val_rmse_target_9': 0.8258843421936035, 'val_mae_target_9': 0.6508557796478271, 'val_r2_target_9': -0.804656982421875, 'val_rmse_target_10': 0.9658005237579346, 'val_mae_target_10': 0.787416398525238, 'val_r2_target_10': -2.6666672229766846, 'val_rmse_target_11': 1.1152905225753784, 'val_mae_target_11': 0.8411237001419067, 'val_r2_target_11': -15.925609588623047, 'val_rmse_target_12': 1.0075613260269165, 'val_mae_target_12': 0.7218549251556396, 'val_r2_target_12': -7.855554580688477, 'val_rmse_target_13': 0.8703237771987915, 'val_mae_target_13': 0.7076687216758728, 'val_r2_target_13': -0.9953546524047852}",COMPLETE
13,0.36753957801394993,2026-02-01 18:22:41.617775,2026-02-01 18:23:24.529132,0 days 00:00:42.911357,16,False,0.29300855922948105,0.2749826524961391,0.23236540702326378,0.0003789024227631267,8,2,static,16,256,1.0394588186590614e-05,"{'val_rmse_mean': 0.9240065813064575, 'val_mae_mean': 0.7188660502433777, 'val_r2_mean': -6.076892852783203, 'val_rmse_target_0': 0.9998827576637268, 'val_mae_target_0': 0.6471118330955505, 'val_r2_target_0': -7.868715286254883, 'val_rmse_target_1': 1.010303258895874, 'val_mae_target_1': 0.7473876476287842, 'val_r2_target_1': -4.260564804077148, 'val_rmse_target_2': 0.8149922490119934, 'val_mae_target_2': 0.6871604919433594, 'val_r2_target_2': -0.8248348236083984, 'val_rmse_target_3': 0.8794928789138794, 'val_mae_target_3': 0.6960802674293518, 'val_r2_target_3': -1.6274051666259766, 'val_rmse_target_4': 0.7859679460525513, 'val_mae_target_4': 0.6267648339271545, 'val_r2_target_4': -0.3260141611099243, 'val_rmse_target_5': 0.7578150033950806, 'val_mae_target_5': 0.6163399815559387, 'val_r2_target_5': -0.011725306510925293, 'val_rmse_target_6': 0.7890899777412415, 'val_mae_target_6': 0.6766984462738037, 'val_r2_target_6': -0.16038453578948975, 'val_rmse_target_7': 0.9105556607246399, 'val_mae_target_7': 0.6980427503585815, 'val_r2_target_7': -1.4409427642822266, 'val_rmse_target_8': 1.1287373304367065, 'val_mae_target_8': 0.957838773727417, 'val_r2_target_8': -34.22626876831055, 'val_rmse_target_9': 0.8083268404006958, 'val_mae_target_9': 0.6303775310516357, 'val_r2_target_9': -0.7645320892333984, 'val_rmse_target_10': 1.0284785032272339, 'val_mae_target_10': 0.8287445902824402, 'val_r2_target_10': -4.144454479217529, 'val_rmse_target_11': 1.1096242666244507, 'val_mae_target_11': 0.8156382441520691, 'val_r2_target_11': -18.928237915039062, 'val_rmse_target_12': 1.0447803735733032, 'val_mae_target_12': 0.7554275393486023, 'val_r2_target_12': -9.528949737548828, 'val_rmse_target_13': 0.8680450320243835, 'val_mae_target_13': 0.6805121898651123, 'val_r2_target_13': -0.9634613990783691}",COMPLETE
14,0.37319069217752526,2026-02-01 18:23:24.600061,2026-02-01 18:24:07.326216,0 days 00:00:42.726155,16,False,0.26395187245852714,0.3648841424686544,0.2950120349983635,0.00019550537060231872,8,2,static,16,256,6.146101886747941e-05,"{'val_rmse_mean': 0.9390071630477905, 'val_mae_mean': 0.7238499522209167, 'val_r2_mean': -18.964860916137695, 'val_rmse_target_0': 1.0104916095733643, 'val_mae_target_0': 0.6218667030334473, 'val_r2_target_0': -57.991676330566406, 'val_rmse_target_1': 0.9631800055503845, 'val_mae_target_1': 0.6704570651054382, 'val_r2_target_1': -15.89227294921875, 'val_rmse_target_2': 0.9265502095222473, 'val_mae_target_2': 0.7850838899612427, 'val_r2_target_2': -6.461483955383301, 'val_rmse_target_3': 0.946479856967926, 'val_mae_target_3': 0.7187171578407288, 'val_r2_target_3': -6.606260776519775, 'val_rmse_target_4': 0.8724499940872192, 'val_mae_target_4': 0.7239589095115662, 'val_r2_target_4': -4.127985954284668, 'val_rmse_target_5': 0.7950882911682129, 'val_mae_target_5': 0.6162405610084534, 'val_r2_target_5': -1.5338683128356934, 'val_rmse_target_6': 0.7726384401321411, 'val_mae_target_6': 0.6897465586662292, 'val_r2_target_6': -1.3456089496612549, 'val_rmse_target_7': 0.9064962863922119, 'val_mae_target_7': 0.7425238490104675, 'val_r2_target_7': -5.220005989074707, 'val_rmse_target_8': 1.1050056219100952, 'val_mae_target_8': 0.9221360683441162, 'val_r2_target_8': -68.3991470336914, 'val_rmse_target_9': 0.8622695803642273, 'val_mae_target_9': 0.6663726568222046, 'val_r2_target_9': -5.558858394622803, 'val_rmse_target_10': 1.0123127698898315, 'val_mae_target_10': 0.803948163986206, 'val_r2_target_10': -18.547325134277344, 'val_rmse_target_11': 1.0648460388183594, 'val_mae_target_11': 0.7632895112037659, 'val_r2_target_11': -42.74403762817383, 'val_rmse_target_12': 1.0239250659942627, 'val_mae_target_12': 0.7185922265052795, 'val_r2_target_12': -26.115583419799805, 'val_rmse_target_13': 0.8843668699264526, 'val_mae_target_13': 0.6909657120704651, 'val_r2_target_13': -4.96395206451416}",COMPLETE
15,0.4014814054524457,2026-02-01 18:24:07.398074,2026-02-01 18:24:50.915669,0 days 00:00:43.517595,16,False,0.2163103634349333,0.25819400207982,0.2661705861451703,0.00010636596775810675,8,2,static,16,128,3.272901852873586e-05,"{'val_rmse_mean': 0.9852505326271057, 'val_mae_mean': 0.7591995596885681, 'val_r2_mean': -69.89491271972656, 'val_rmse_target_0': 1.0170280933380127, 'val_mae_target_0': 0.6481518745422363, 'val_r2_target_0': -88.81942749023438, 'val_rmse_target_1': 0.9640846848487854, 'val_mae_target_1': 0.6549019813537598, 'val_r2_target_1': -41.89468765258789, 'val_rmse_target_2': 1.008194088935852, 'val_mae_target_2': 0.833122968673706, 'val_r2_target_2': -57.684730529785156, 'val_rmse_target_3': 0.9758660197257996, 'val_mae_target_3': 0.7377820611000061, 'val_r2_target_3': -78.27455139160156, 'val_rmse_target_4': 1.0020033121109009, 'val_mae_target_4': 0.8229973912239075, 'val_r2_target_4': -53.37565231323242, 'val_rmse_target_5': 0.9364323019981384, 'val_mae_target_5': 0.7573431730270386, 'val_r2_target_5': -25.954986572265625, 'val_rmse_target_6': 0.9481431841850281, 'val_mae_target_6': 0.7964023947715759, 'val_r2_target_6': -35.32759475708008, 'val_rmse_target_7': 0.9580829739570618, 'val_mae_target_7': 0.7999657392501831, 'val_r2_target_7': -83.14965057373047, 'val_rmse_target_8': 1.0453791618347168, 'val_mae_target_8': 0.8619949221611023, 'val_r2_target_8': -152.5279998779297, 'val_rmse_target_9': 0.9382110238075256, 'val_mae_target_9': 0.7260075211524963, 'val_r2_target_9': -53.39305114746094, 'val_rmse_target_10': 1.0220297574996948, 'val_mae_target_10': 0.8018562197685242, 'val_r2_target_10': -48.43323516845703, 'val_rmse_target_11': 1.0291146039962769, 'val_mae_target_11': 0.7200667262077332, 'val_r2_target_11': -104.96675109863281, 'val_rmse_target_12': 1.027151346206665, 'val_mae_target_12': 0.7375912070274353, 'val_r2_target_12': -116.60417938232422, 'val_rmse_target_13': 0.9217873215675354, 'val_mae_target_13': 0.7306103706359863, 'val_r2_target_13': -38.12232208251953}",COMPLETE
16,0.3636660995306792,2026-02-01 18:24:50.995730,2026-02-01 18:25:33.333409,0 days 00:00:42.337679,16,False,0.26888842220713194,0.36605935579664284,0.3380515008129267,0.0004035834065022079,8,2,static,16,256,0.007987434133789526,"{'val_rmse_mean': 0.9197853803634644, 'val_mae_mean': 0.7072433233261108, 'val_r2_mean': -6.864766597747803, 'val_rmse_target_0': 0.9834584593772888, 'val_mae_target_0': 0.6202545762062073, 'val_r2_target_0': -9.805782318115234, 'val_rmse_target_1': 0.9996969103813171, 'val_mae_target_1': 0.7208184599876404, 'val_r2_target_1': -4.871561050415039, 'val_rmse_target_2': 0.873568058013916, 'val_mae_target_2': 0.7230647802352905, 'val_r2_target_2': -1.3215956687927246, 'val_rmse_target_3': 0.9236766695976257, 'val_mae_target_3': 0.6968899965286255, 'val_r2_target_3': -2.136418581008911, 'val_rmse_target_4': 0.8077141642570496, 'val_mae_target_4': 0.6305458545684814, 'val_r2_target_4': -0.5636347532272339, 'val_rmse_target_5': 0.7463675737380981, 'val_mae_target_5': 0.5858973860740662, 'val_r2_target_5': -0.1347823143005371, 'val_rmse_target_6': 0.7712220549583435, 'val_mae_target_6': 0.6557449102401733, 'val_r2_target_6': -0.16315889358520508, 'val_rmse_target_7': 0.8889873027801514, 'val_mae_target_7': 0.7114112973213196, 'val_r2_target_7': -1.67982816696167, 'val_rmse_target_8': 1.1261073350906372, 'val_mae_target_8': 0.9424058198928833, 'val_r2_target_8': -33.73762130737305, 'val_rmse_target_9': 0.8143587708473206, 'val_mae_target_9': 0.6155365109443665, 'val_r2_target_9': -1.0980072021484375, 'val_rmse_target_10': 0.9961172342300415, 'val_mae_target_10': 0.812267541885376, 'val_r2_target_10': -4.363626480102539, 'val_rmse_target_11': 1.0634679794311523, 'val_mae_target_11': 0.7688732147216797, 'val_r2_target_11': -23.419599533081055, 'val_rmse_target_12': 1.015375018119812, 'val_mae_target_12': 0.7372822165489197, 'val_r2_target_12': -11.378692626953125, 'val_rmse_target_13': 0.8668767213821411, 'val_mae_target_13': 0.680414080619812, 'val_r2_target_13': -1.4324164390563965}",COMPLETE
17,0.3670238830425121,2026-02-01 18:25:33.405377,2026-02-01 18:26:15.060331,0 days 00:00:41.654954,16,False,0.21205467900726266,0.2983691387199793,0.22240972210470542,0.00023507603395543422,8,2,static,16,512,0.00011548757541492234,"{'val_rmse_mean': 0.9228662252426147, 'val_mae_mean': 0.7136742472648621, 'val_r2_mean': -6.971975803375244, 'val_rmse_target_0': 1.0186214447021484, 'val_mae_target_0': 0.6654518246650696, 'val_r2_target_0': -11.955023765563965, 'val_rmse_target_1': 0.9891563653945923, 'val_mae_target_1': 0.7138176560401917, 'val_r2_target_1': -4.421815395355225, 'val_rmse_target_2': 0.8382493257522583, 'val_mae_target_2': 0.7113773822784424, 'val_r2_target_2': -1.2268927097320557, 'val_rmse_target_3': 0.8987936973571777, 'val_mae_target_3': 0.6973057389259338, 'val_r2_target_3': -2.60840106010437, 'val_rmse_target_4': 0.7834590673446655, 'val_mae_target_4': 0.6197330951690674, 'val_r2_target_4': -0.5508458614349365, 'val_rmse_target_5': 0.7484383583068848, 'val_mae_target_5': 0.5870005488395691, 'val_r2_target_5': -0.08654236793518066, 'val_rmse_target_6': 0.7598551511764526, 'val_mae_target_6': 0.6568560600280762, 'val_r2_target_6': -0.0522770881652832, 'val_rmse_target_7': 0.9103659987449646, 'val_mae_target_7': 0.7143064141273499, 'val_r2_target_7': -1.605269432067871, 'val_rmse_target_8': 1.1078357696533203, 'val_mae_target_8': 0.9385262727737427, 'val_r2_target_8': -35.01494216918945, 'val_rmse_target_9': 0.8311495184898376, 'val_mae_target_9': 0.6326336860656738, 'val_r2_target_9': -1.3420042991638184, 'val_rmse_target_10': 1.0051237344741821, 'val_mae_target_10': 0.8144994378089905, 'val_r2_target_10': -3.7508134841918945, 'val_rmse_target_11': 1.0946530103683472, 'val_mae_target_11': 0.8086739778518677, 'val_r2_target_11': -17.75922393798828, 'val_rmse_target_12': 1.0245927572250366, 'val_mae_target_12': 0.7151391506195068, 'val_r2_target_12': -15.753799438476562, 'val_rmse_target_13': 0.9098328351974487, 'val_mae_target_13': 0.7161190509796143, 'val_r2_target_13': -1.4798035621643066}",COMPLETE
18,0.3645931554061395,2026-02-01 18:26:15.128962,2026-02-01 18:26:58.729579,0 days 00:00:43.600617,16,False,0.24236330415166604,0.2608937314019095,0.26243895966044506,0.00038655189331050565,8,2,static,16,256,2.6512843211188183e-05,"{'val_rmse_mean': 0.9164160490036011, 'val_mae_mean': 0.7144944071769714, 'val_r2_mean': -5.485574245452881, 'val_rmse_target_0': 1.0232027769088745, 'val_mae_target_0': 0.6808536648750305, 'val_r2_target_0': -7.320437431335449, 'val_rmse_target_1': 1.018476128578186, 'val_mae_target_1': 0.7606724500656128, 'val_r2_target_1': -3.2206802368164062, 'val_rmse_target_2': 0.7770450115203857, 'val_mae_target_2': 0.64618980884552, 'val_r2_target_2': -0.5715413093566895, 'val_rmse_target_3': 0.8863273859024048, 'val_mae_target_3': 0.6831927299499512, 'val_r2_target_3': -1.6104681491851807, 'val_rmse_target_4': 0.7553519606590271, 'val_mae_target_4': 0.6063321232795715, 'val_r2_target_4': -0.2547672986984253, 'val_rmse_target_5': 0.7443621158599854, 'val_mae_target_5': 0.5921893119812012, 'val_r2_target_5': -0.019681572914123535, 'val_rmse_target_6': 0.781159520149231, 'val_mae_target_6': 0.6558043360710144, 'val_r2_target_6': -0.19186758995056152, 'val_rmse_target_7': 0.9198180437088013, 'val_mae_target_7': 0.7345801591873169, 'val_r2_target_7': -1.4678373336791992, 'val_rmse_target_8': 1.1474119424819946, 'val_mae_target_8': 0.9690816402435303, 'val_r2_target_8': -28.780426025390625, 'val_rmse_target_9': 0.804470419883728, 'val_mae_target_9': 0.6311241984367371, 'val_r2_target_9': -0.9563388824462891, 'val_rmse_target_10': 0.9926875829696655, 'val_mae_target_10': 0.7986541986465454, 'val_r2_target_10': -3.4055919647216797, 'val_rmse_target_11': 1.1009083986282349, 'val_mae_target_11': 0.8170192837715149, 'val_r2_target_11': -18.358989715576172, 'val_rmse_target_12': 1.0357463359832764, 'val_mae_target_12': 0.7355666160583496, 'val_r2_target_12': -9.732020378112793, 'val_rmse_target_13': 0.8428569436073303, 'val_mae_target_13': 0.6916623115539551, 'val_r2_target_13': -0.9073843955993652}",COMPLETE
19,0.3993118306001027,2026-02-01 18:26:58.799041,2026-02-01 18:27:39.618243,0 days 00:00:40.819202,16,False,0.2998138040879899,0.35507569009054674,0.22143836690645183,0.00013801145358337082,8,2,static,16,128,0.00014293470432962137,"{'val_rmse_mean': 0.9809386134147644, 'val_mae_mean': 0.7601222991943359, 'val_r2_mean': -62.05416488647461, 'val_rmse_target_0': 1.0140036344528198, 'val_mae_target_0': 0.6418838500976562, 'val_r2_target_0': -173.9246826171875, 'val_rmse_target_1': 1.0066030025482178, 'val_mae_target_1': 0.6986424922943115, 'val_r2_target_1': -52.063743591308594, 'val_rmse_target_2': 0.9717443585395813, 'val_mae_target_2': 0.8033627271652222, 'val_r2_target_2': -41.80820083618164, 'val_rmse_target_3': 0.9680633544921875, 'val_mae_target_3': 0.7229374051094055, 'val_r2_target_3': -40.96807098388672, 'val_rmse_target_4': 0.9798279404640198, 'val_mae_target_4': 0.8143563270568848, 'val_r2_target_4': -27.1276912689209, 'val_rmse_target_5': 0.9173457622528076, 'val_mae_target_5': 0.7514901161193848, 'val_r2_target_5': -17.254573822021484, 'val_rmse_target_6': 0.8836600184440613, 'val_mae_target_6': 0.7580552101135254, 'val_r2_target_6': -16.721786499023438, 'val_rmse_target_7': 0.9485057592391968, 'val_mae_target_7': 0.7879756093025208, 'val_r2_target_7': -36.526588439941406, 'val_rmse_target_8': 1.0637400150299072, 'val_mae_target_8': 0.8824694156646729, 'val_r2_target_8': -135.31396484375, 'val_rmse_target_9': 0.9443722367286682, 'val_mae_target_9': 0.7518525719642639, 'val_r2_target_9': -55.24907302856445, 'val_rmse_target_10': 1.000483512878418, 'val_mae_target_10': 0.7992331981658936, 'val_r2_target_10': -67.48160552978516, 'val_rmse_target_11': 1.0336277484893799, 'val_mae_target_11': 0.7436330318450928, 'val_r2_target_11': -93.26837921142578, 'val_rmse_target_12': 1.0216881036758423, 'val_mae_target_12': 0.7147367000579834, 'val_r2_target_12': -76.29676055908203, 'val_rmse_target_13': 0.979475736618042, 'val_mae_target_13': 0.7710840702056885, 'val_r2_target_13': -34.75313949584961}",COMPLETE
20,0.3679982125759125,2026-02-01 18:27:39.687974,2026-02-01 18:28:22.994712,0 days 00:00:43.306738,16,False,0.26324213247902506,0.23949741580082676,0.28265762419099283,0.00025649577168842944,8,2,static,16,512,0.0011051864951197427,"{'val_rmse_mean': 0.9274183511734009, 'val_mae_mean': 0.7177121043205261, 'val_r2_mean': -6.302574157714844, 'val_rmse_target_0': 1.0161892175674438, 'val_mae_target_0': 0.6656943559646606, 'val_r2_target_0': -9.10254955291748, 'val_rmse_target_1': 0.99394291639328, 'val_mae_target_1': 0.7246434688568115, 'val_r2_target_1': -4.4827446937561035, 'val_rmse_target_2': 0.8409140706062317, 'val_mae_target_2': 0.6884258985519409, 'val_r2_target_2': -1.2421631813049316, 'val_rmse_target_3': 0.9237302541732788, 'val_mae_target_3': 0.7086449861526489, 'val_r2_target_3': -2.0080010890960693, 'val_rmse_target_4': 0.8186617493629456, 'val_mae_target_4': 0.6420771479606628, 'val_r2_target_4': -0.5452392101287842, 'val_rmse_target_5': 0.7655432224273682, 'val_mae_target_5': 0.6235775947570801, 'val_r2_target_5': -0.10929620265960693, 'val_rmse_target_6': 0.7704772353172302, 'val_mae_target_6': 0.6541895866394043, 'val_r2_target_6': -0.10260093212127686, 'val_rmse_target_7': 0.9315940737724304, 'val_mae_target_7': 0.7436016798019409, 'val_r2_target_7': -1.4805562496185303, 'val_rmse_target_8': 1.1337274312973022, 'val_mae_target_8': 0.9675721526145935, 'val_r2_target_8': -29.66201400756836, 'val_rmse_target_9': 0.8243134617805481, 'val_mae_target_9': 0.6410929560661316, 'val_r2_target_9': -1.0644433498382568, 'val_rmse_target_10': 0.9755568504333496, 'val_mae_target_10': 0.779664933681488, 'val_r2_target_10': -4.545248985290527, 'val_rmse_target_11': 1.0968514680862427, 'val_mae_target_11': 0.8004474639892578, 'val_r2_target_11': -19.17879295349121, 'val_rmse_target_12': 1.0101600885391235, 'val_mae_target_12': 0.7149288654327393, 'val_r2_target_12': -13.398794174194336, 'val_rmse_target_13': 0.8821956515312195, 'val_mae_target_13': 0.693409264087677, 'val_r2_target_13': -1.3135969638824463}",COMPLETE
21,0.36244163579410976,2026-02-01 18:28:23.063578,2026-02-01 18:29:07.093709,0 days 00:00:44.030131,16,False,0.27589656668420787,0.37460945049675015,0.3273195067706878,0.00039951707673692476,8,2,static,16,256,0.0028998955990274947,"{'val_rmse_mean': 0.9162363409996033, 'val_mae_mean': 0.7097176909446716, 'val_r2_mean': -5.371126651763916, 'val_rmse_target_0': 0.9770154356956482, 'val_mae_target_0': 0.627899169921875, 'val_r2_target_0': -7.584226608276367, 'val_rmse_target_1': 0.9796485304832458, 'val_mae_target_1': 0.7274383306503296, 'val_r2_target_1': -3.353367328643799, 'val_rmse_target_2': 0.7997974753379822, 'val_mae_target_2': 0.664720892906189, 'val_r2_target_2': -1.0712087154388428, 'val_rmse_target_3': 0.9297531843185425, 'val_mae_target_3': 0.7115128040313721, 'val_r2_target_3': -2.2165796756744385, 'val_rmse_target_4': 0.8077263832092285, 'val_mae_target_4': 0.6410745978355408, 'val_r2_target_4': -0.5335774421691895, 'val_rmse_target_5': 0.7263465523719788, 'val_mae_target_5': 0.5805220603942871, 'val_r2_target_5': -0.014104604721069336, 'val_rmse_target_6': 0.7663741707801819, 'val_mae_target_6': 0.6526683568954468, 'val_r2_target_6': -0.13902819156646729, 'val_rmse_target_7': 0.88526850938797, 'val_mae_target_7': 0.6904804110527039, 'val_r2_target_7': -1.3923461437225342, 'val_rmse_target_8': 1.1419124603271484, 'val_mae_target_8': 0.977483332157135, 'val_r2_target_8': -25.54458999633789, 'val_rmse_target_9': 0.8250554800033569, 'val_mae_target_9': 0.6446314454078674, 'val_r2_target_9': -1.0245542526245117, 'val_rmse_target_10': 0.9768083691596985, 'val_mae_target_10': 0.7993868589401245, 'val_r2_target_10': -3.225857734680176, 'val_rmse_target_11': 1.0977284908294678, 'val_mae_target_11': 0.798227071762085, 'val_r2_target_11': -16.22686767578125, 'val_rmse_target_12': 1.0295159816741943, 'val_mae_target_12': 0.7335525751113892, 'val_r2_target_12': -11.653897285461426, 'val_rmse_target_13': 0.8843573927879333, 'val_mae_target_13': 0.6864489316940308, 'val_r2_target_13': -1.2155673503875732}",COMPLETE
22,0.35764067702823216,2026-02-01 18:29:07.162298,2026-02-01 18:29:49.110786,0 days 00:00:41.948488,16,False,0.2780158809889561,0.38478679715110786,0.3213766324462104,0.0004102458828725423,8,2,static,16,256,0.006444736181713711,"{'val_rmse_mean': 0.9103835821151733, 'val_mae_mean': 0.7033702731132507, 'val_r2_mean': -6.409050941467285, 'val_rmse_target_0': 0.9987649321556091, 'val_mae_target_0': 0.6481109261512756, 'val_r2_target_0': -8.917969703674316, 'val_rmse_target_1': 0.9824256300926208, 'val_mae_target_1': 0.7133333683013916, 'val_r2_target_1': -4.593353271484375, 'val_rmse_target_2': 0.8035237193107605, 'val_mae_target_2': 0.6671777367591858, 'val_r2_target_2': -1.047929048538208, 'val_rmse_target_3': 0.8597235679626465, 'val_mae_target_3': 0.6570366621017456, 'val_r2_target_3': -1.8014779090881348, 'val_rmse_target_4': 0.782740592956543, 'val_mae_target_4': 0.6162646412849426, 'val_r2_target_4': -0.346565842628479, 'val_rmse_target_5': 0.7513458728790283, 'val_mae_target_5': 0.6012572050094604, 'val_r2_target_5': -0.08380722999572754, 'val_rmse_target_6': 0.7728789448738098, 'val_mae_target_6': 0.6654711961746216, 'val_r2_target_6': -0.14385247230529785, 'val_rmse_target_7': 0.9079519510269165, 'val_mae_target_7': 0.7006404399871826, 'val_r2_target_7': -1.4602062702178955, 'val_rmse_target_8': 1.12921142578125, 'val_mae_target_8': 0.9664167761802673, 'val_r2_target_8': -32.19942855834961, 'val_rmse_target_9': 0.804103434085846, 'val_mae_target_9': 0.6229878664016724, 'val_r2_target_9': -1.1013991832733154, 'val_rmse_target_10': 0.9901238083839417, 'val_mae_target_10': 0.804841935634613, 'val_r2_target_10': -3.840534210205078, 'val_rmse_target_11': 1.0659596920013428, 'val_mae_target_11': 0.780163586139679, 'val_r2_target_11': -21.2332763671875, 'val_rmse_target_12': 1.031657338142395, 'val_mae_target_12': 0.7229945063591003, 'val_r2_target_12': -11.973289489746094, 'val_rmse_target_13': 0.8649590015411377, 'val_mae_target_13': 0.6804875731468201, 'val_r2_target_13': -0.9836221933364868}",COMPLETE
23,0.368332842985789,2026-02-01 18:29:49.179754,2026-02-01 18:30:32.489222,0 days 00:00:43.309468,16,False,0.2524551414127888,0.38242627709953997,0.33508360171787827,0.000470848936710171,8,2,static,16,256,0.009197214895271116,"{'val_rmse_mean': 0.9203324913978577, 'val_mae_mean': 0.7142531275749207, 'val_r2_mean': -3.9936130046844482, 'val_rmse_target_0': 1.0107659101486206, 'val_mae_target_0': 0.6537203192710876, 'val_r2_target_0': -5.225549697875977, 'val_rmse_target_1': 1.0369980335235596, 'val_mae_target_1': 0.7449683547019958, 'val_r2_target_1': -2.606196880340576, 'val_rmse_target_2': 0.7898223996162415, 'val_mae_target_2': 0.6570916175842285, 'val_r2_target_2': -0.6165643930435181, 'val_rmse_target_3': 0.8858051300048828, 'val_mae_target_3': 0.6971214413642883, 'val_r2_target_3': -1.8047921657562256, 'val_rmse_target_4': 0.7519844770431519, 'val_mae_target_4': 0.5911561250686646, 'val_r2_target_4': -0.4280388355255127, 'val_rmse_target_5': 0.7532005310058594, 'val_mae_target_5': 0.594267725944519, 'val_r2_target_5': -0.10089623928070068, 'val_rmse_target_6': 0.7852354049682617, 'val_mae_target_6': 0.6737880110740662, 'val_r2_target_6': -0.2010507583618164, 'val_rmse_target_7': 0.8982690572738647, 'val_mae_target_7': 0.6872780323028564, 'val_r2_target_7': -1.134063720703125, 'val_rmse_target_8': 1.1843583583831787, 'val_mae_target_8': 1.0086519718170166, 'val_r2_target_8': -18.465452194213867, 'val_rmse_target_9': 0.7881902456283569, 'val_mae_target_9': 0.6221211552619934, 'val_r2_target_9': -0.5692946910858154, 'val_rmse_target_10': 0.9897348284721375, 'val_mae_target_10': 0.8332362771034241, 'val_r2_target_10': -2.097092628479004, 'val_rmse_target_11': 1.1020269393920898, 'val_mae_target_11': 0.8060675263404846, 'val_r2_target_11': -15.491653442382812, 'val_rmse_target_12': 1.0121639966964722, 'val_mae_target_12': 0.734835147857666, 'val_r2_target_12': -6.346099376678467, 'val_rmse_target_13': 0.8960995674133301, 'val_mae_target_13': 0.6952396035194397, 'val_r2_target_13': -0.8238284587860107}",COMPLETE
24,0.3637886069439076,2026-02-01 18:30:32.558593,2026-02-01 18:31:13.435720,0 days 00:00:40.877127,16,False,0.22066932925646643,0.37889621123930345,0.320808894576938,0.0003407896219179275,8,2,static,16,256,0.005095423228514197,"{'val_rmse_mean': 0.9178346395492554, 'val_mae_mean': 0.7134248614311218, 'val_r2_mean': -6.741737365722656, 'val_rmse_target_0': 1.0309616327285767, 'val_mae_target_0': 0.6565596461296082, 'val_r2_target_0': -11.139322280883789, 'val_rmse_target_1': 0.9662996530532837, 'val_mae_target_1': 0.707901656627655, 'val_r2_target_1': -5.4594807624816895, 'val_rmse_target_2': 0.8372930288314819, 'val_mae_target_2': 0.7218250036239624, 'val_r2_target_2': -1.5767853260040283, 'val_rmse_target_3': 0.9174849390983582, 'val_mae_target_3': 0.6907088756561279, 'val_r2_target_3': -2.960963249206543, 'val_rmse_target_4': 0.7743201851844788, 'val_mae_target_4': 0.636299192905426, 'val_r2_target_4': -0.7172744274139404, 'val_rmse_target_5': 0.7266249060630798, 'val_mae_target_5': 0.5786212682723999, 'val_r2_target_5': -0.13827192783355713, 'val_rmse_target_6': 0.7434248924255371, 'val_mae_target_6': 0.6442047953605652, 'val_r2_target_6': -0.173498272895813, 'val_rmse_target_7': 0.8915368318557739, 'val_mae_target_7': 0.7248980402946472, 'val_r2_target_7': -1.9182677268981934, 'val_rmse_target_8': 1.1534479856491089, 'val_mae_target_8': 0.9705595374107361, 'val_r2_target_8': -28.4447021484375, 'val_rmse_target_9': 0.8156992793083191, 'val_mae_target_9': 0.6210756897926331, 'val_r2_target_9': -1.452061414718628, 'val_rmse_target_10': 0.991081714630127, 'val_mae_target_10': 0.7878236174583435, 'val_r2_target_10': -6.037359714508057, 'val_rmse_target_11': 1.0948859453201294, 'val_mae_target_11': 0.801109790802002, 'val_r2_target_11': -19.796428680419922, 'val_rmse_target_12': 1.0372008085250854, 'val_mae_target_12': 0.755885660648346, 'val_r2_target_12': -13.090792655944824, 'val_rmse_target_13': 0.8694228529930115, 'val_mae_target_13': 0.6904742121696472, 'val_r2_target_13': -1.4791295528411865}",COMPLETE
25,0.36606094737847644,2026-02-01 18:31:13.504673,2026-02-01 18:31:54.296690,0 days 00:00:40.792017,16,False,0.2826955963788737,0.3501931276282396,0.35471300044465975,0.00042007046809626914,8,2,static,16,256,0.003351512254706856,"{'val_rmse_mean': 0.9207830429077148, 'val_mae_mean': 0.7121931910514832, 'val_r2_mean': -5.638681888580322, 'val_rmse_target_0': 1.0170233249664307, 'val_mae_target_0': 0.6461358070373535, 'val_r2_target_0': -9.367203712463379, 'val_rmse_target_1': 1.0015400648117065, 'val_mae_target_1': 0.7364105582237244, 'val_r2_target_1': -3.501461982727051, 'val_rmse_target_2': 0.8002249002456665, 'val_mae_target_2': 0.6793583631515503, 'val_r2_target_2': -1.1213650703430176, 'val_rmse_target_3': 0.899222195148468, 'val_mae_target_3': 0.6891618371009827, 'val_r2_target_3': -2.059037208557129, 'val_rmse_target_4': 0.7820456624031067, 'val_mae_target_4': 0.6254066228866577, 'val_r2_target_4': -0.47412002086639404, 'val_rmse_target_5': 0.7471838593482971, 'val_mae_target_5': 0.5890306830406189, 'val_r2_target_5': -0.08237349987030029, 'val_rmse_target_6': 0.7956904172897339, 'val_mae_target_6': 0.6786248683929443, 'val_r2_target_6': -0.25485026836395264, 'val_rmse_target_7': 0.9276431202888489, 'val_mae_target_7': 0.719343900680542, 'val_r2_target_7': -1.3478810787200928, 'val_rmse_target_8': 1.1471525430679321, 'val_mae_target_8': 0.9796879291534424, 'val_r2_target_8': -27.769386291503906, 'val_rmse_target_9': 0.8195316195487976, 'val_mae_target_9': 0.6173741817474365, 'val_r2_target_9': -1.0677120685577393, 'val_rmse_target_10': 1.0113359689712524, 'val_mae_target_10': 0.8045535087585449, 'val_r2_target_10': -3.1524672508239746, 'val_rmse_target_11': 1.078545331954956, 'val_mae_target_11': 0.8051313757896423, 'val_r2_target_11': -15.750770568847656, 'val_rmse_target_12': 1.0178807973861694, 'val_mae_target_12': 0.7322952747344971, 'val_r2_target_12': -11.903432846069336, 'val_rmse_target_13': 0.8459423780441284, 'val_mae_target_13': 0.668189525604248, 'val_r2_target_13': -1.0894787311553955}",COMPLETE
26,0.3741925866515548,2026-02-01 18:31:54.365978,2026-02-01 18:32:36.232140,0 days 00:00:41.866162,16,False,0.25586843094145967,0.379681864079094,0.31303936543845473,0.0002617768504426723,8,2,static,16,256,0.002481880782259243,"{'val_rmse_mean': 0.9374324679374695, 'val_mae_mean': 0.7230871319770813, 'val_r2_mean': -10.266999244689941, 'val_rmse_target_0': 1.0367268323898315, 'val_mae_target_0': 0.6568665504455566, 'val_r2_target_0': -16.46531105041504, 'val_rmse_target_1': 0.9800854325294495, 'val_mae_target_1': 0.7002970576286316, 'val_r2_target_1': -6.857841968536377, 'val_rmse_target_2': 0.8834821581840515, 'val_mae_target_2': 0.7410942912101746, 'val_r2_target_2': -2.368929147720337, 'val_rmse_target_3': 0.9350094199180603, 'val_mae_target_3': 0.7101941108703613, 'val_r2_target_3': -3.5164794921875, 'val_rmse_target_4': 0.8323870301246643, 'val_mae_target_4': 0.6693167686462402, 'val_r2_target_4': -1.4409785270690918, 'val_rmse_target_5': 0.7615582942962646, 'val_mae_target_5': 0.5958943367004395, 'val_r2_target_5': -0.5029361248016357, 'val_rmse_target_6': 0.7631585001945496, 'val_mae_target_6': 0.6675705313682556, 'val_r2_target_6': -0.5197429656982422, 'val_rmse_target_7': 0.923859715461731, 'val_mae_target_7': 0.7484115958213806, 'val_r2_target_7': -3.0739598274230957, 'val_rmse_target_8': 1.1313199996948242, 'val_mae_target_8': 0.9516838192939758, 'val_r2_target_8': -45.92776107788086, 'val_rmse_target_9': 0.8476962447166443, 'val_mae_target_9': 0.648836612701416, 'val_r2_target_9': -2.3628897666931152, 'val_rmse_target_10': 0.9977030754089355, 'val_mae_target_10': 0.7887113094329834, 'val_r2_target_10': -7.807523727416992, 'val_rmse_target_11': 1.0876282453536987, 'val_mae_target_11': 0.7918383479118347, 'val_r2_target_11': -30.066387176513672, 'val_rmse_target_12': 1.0324465036392212, 'val_mae_target_12': 0.7424622178077698, 'val_r2_target_12': -20.32981300354004, 'val_rmse_target_13': 0.9109928607940674, 'val_mae_target_13': 0.710041344165802, 'val_r2_target_13': -2.49741792678833}",COMPLETE
27,0.3619732680144133,2026-02-01 18:32:36.301227,2026-02-01 18:33:18.569872,0 days 00:00:42.268645,16,False,0.1999173616040806,0.39802524702378583,0.3518729247225078,0.0004193635976032957,8,2,static,16,256,0.0010502791150077324,"{'val_rmse_mean': 0.9170369505882263, 'val_mae_mean': 0.7100111246109009, 'val_r2_mean': -6.8372578620910645, 'val_rmse_target_0': 0.9765414595603943, 'val_mae_target_0': 0.6359413862228394, 'val_r2_target_0': -11.376012802124023, 'val_rmse_target_1': 0.9607333540916443, 'val_mae_target_1': 0.692721426486969, 'val_r2_target_1': -4.671576976776123, 'val_rmse_target_2': 0.8208965063095093, 'val_mae_target_2': 0.6857745051383972, 'val_r2_target_2': -0.7847037315368652, 'val_rmse_target_3': 0.886759877204895, 'val_mae_target_3': 0.6749976277351379, 'val_r2_target_3': -1.6956250667572021, 'val_rmse_target_4': 0.7959723472595215, 'val_mae_target_4': 0.6448487639427185, 'val_r2_target_4': -0.3057671785354614, 'val_rmse_target_5': 0.7661113739013672, 'val_mae_target_5': 0.612844705581665, 'val_r2_target_5': -0.03472471237182617, 'val_rmse_target_6': 0.790882408618927, 'val_mae_target_6': 0.6763866543769836, 'val_r2_target_6': -0.09255504608154297, 'val_rmse_target_7': 0.9052393436431885, 'val_mae_target_7': 0.7104531526565552, 'val_r2_target_7': -1.6133298873901367, 'val_rmse_target_8': 1.1430859565734863, 'val_mae_target_8': 0.9703080058097839, 'val_r2_target_8': -34.23294448852539, 'val_rmse_target_9': 0.8135032057762146, 'val_mae_target_9': 0.6329439878463745, 'val_r2_target_9': -1.3211021423339844, 'val_rmse_target_10': 1.000793218612671, 'val_mae_target_10': 0.8098192811012268, 'val_r2_target_10': -4.214712142944336, 'val_rmse_target_11': 1.0872955322265625, 'val_mae_target_11': 0.8099362254142761, 'val_r2_target_11': -19.49420738220215, 'val_rmse_target_12': 1.0337285995483398, 'val_mae_target_12': 0.7227785587310791, 'val_r2_target_12': -14.712407112121582, 'val_rmse_target_13': 0.8569732904434204, 'val_mae_target_13': 0.6604027152061462, 'val_r2_target_13': -1.17193603515625}",COMPLETE
28,0.3807898069973345,2026-02-01 18:33:18.639173,2026-02-01 18:34:02.973169,0 days 00:00:44.333996,16,False,0.1913351054068842,0.39792195096672156,0.35420719131135736,0.00018115469724176651,16,2,static,16,256,0.0010700273046887422,"{'val_rmse_mean': 0.9530619978904724, 'val_mae_mean': 0.7322388887405396, 'val_r2_mean': -20.946666717529297, 'val_rmse_target_0': 1.0522940158843994, 'val_mae_target_0': 0.6728014945983887, 'val_r2_target_0': -41.67119598388672, 'val_rmse_target_1': 0.9669215083122253, 'val_mae_target_1': 0.6634364724159241, 'val_r2_target_1': -12.674491882324219, 'val_rmse_target_2': 0.9537268877029419, 'val_mae_target_2': 0.7961678504943848, 'val_r2_target_2': -8.812454223632812, 'val_rmse_target_3': 0.9457131624221802, 'val_mae_target_3': 0.7166988849639893, 'val_r2_target_3': -10.702547073364258, 'val_rmse_target_4': 0.8830438256263733, 'val_mae_target_4': 0.7256126403808594, 'val_r2_target_4': -5.234036445617676, 'val_rmse_target_5': 0.8068448901176453, 'val_mae_target_5': 0.6098341345787048, 'val_r2_target_5': -2.783137798309326, 'val_rmse_target_6': 0.787904679775238, 'val_mae_target_6': 0.7015224695205688, 'val_r2_target_6': -2.3781638145446777, 'val_rmse_target_7': 0.9287999272346497, 'val_mae_target_7': 0.7612723708152771, 'val_r2_target_7': -7.278924942016602, 'val_rmse_target_8': 1.0839563608169556, 'val_mae_target_8': 0.9086962938308716, 'val_r2_target_8': -90.42537689208984, 'val_rmse_target_9': 0.9066352844238281, 'val_mae_target_9': 0.686495840549469, 'val_r2_target_9': -8.048868179321289, 'val_rmse_target_10': 1.0076828002929688, 'val_mae_target_10': 0.7992607951164246, 'val_r2_target_10': -18.949472427368164, 'val_rmse_target_11': 1.0699957609176636, 'val_mae_target_11': 0.7721505165100098, 'val_r2_target_11': -45.65386199951172, 'val_rmse_target_12': 1.0348541736602783, 'val_mae_target_12': 0.733206033706665, 'val_r2_target_12': -32.9161376953125, 'val_rmse_target_13': 0.914494514465332, 'val_mae_target_13': 0.7041890025138855, 'val_r2_target_13': -5.7246527671813965}",COMPLETE
29,0.37978368169731563,2026-02-01 18:34:03.042549,2026-02-01 18:34:46.166824,0 days 00:00:43.124275,16,False,0.17859004704656084,0.3888621409674095,0.361848529483114,0.00030914099334650646,32,2,static,8,128,0.0011908399198487154,"{'val_rmse_mean': 0.9496402144432068, 'val_mae_mean': 0.7308989763259888, 'val_r2_mean': -17.547550201416016, 'val_rmse_target_0': 1.0498539209365845, 'val_mae_target_0': 0.6513728499412537, 'val_r2_target_0': -50.065040588378906, 'val_rmse_target_1': 0.9641512036323547, 'val_mae_target_1': 0.6760817170143127, 'val_r2_target_1': -12.392178535461426, 'val_rmse_target_2': 0.9236962199211121, 'val_mae_target_2': 0.7812209725379944, 'val_r2_target_2': -6.008584499359131, 'val_rmse_target_3': 0.9345403909683228, 'val_mae_target_3': 0.7013022899627686, 'val_r2_target_3': -7.0525970458984375, 'val_rmse_target_4': 0.8716886043548584, 'val_mae_target_4': 0.733553409576416, 'val_r2_target_4': -3.4125375747680664, 'val_rmse_target_5': 0.7909390926361084, 'val_mae_target_5': 0.612979531288147, 'val_r2_target_5': -1.938913345336914, 'val_rmse_target_6': 0.7627631425857544, 'val_mae_target_6': 0.6745696663856506, 'val_r2_target_6': -1.6087701320648193, 'val_rmse_target_7': 0.9173398613929749, 'val_mae_target_7': 0.7398005127906799, 'val_r2_target_7': -5.873530864715576, 'val_rmse_target_8': 1.0959492921829224, 'val_mae_target_8': 0.9165419340133667, 'val_r2_target_8': -59.79195785522461, 'val_rmse_target_9': 0.9337146878242493, 'val_mae_target_9': 0.701297402381897, 'val_r2_target_9': -8.908594131469727, 'val_rmse_target_10': 1.025829553604126, 'val_mae_target_10': 0.7980777025222778, 'val_r2_target_10': -14.558300971984863, 'val_rmse_target_11': 1.049414038658142, 'val_mae_target_11': 0.7617715001106262, 'val_r2_target_11': -36.49610900878906, 'val_rmse_target_12': 1.0348800420761108, 'val_mae_target_12': 0.7451499104499817, 'val_r2_target_12': -30.682147979736328, 'val_rmse_target_13': 0.9402034282684326, 'val_mae_target_13': 0.7388664484024048, 'val_r2_target_13': -6.876443862915039}",COMPLETE
30,0.36279397982138173,2026-02-01 18:34:46.236898,2026-02-01 18:35:30.108528,0 days 00:00:43.871630,16,False,0.10253105842202129,0.3482782044643416,0.3781903982064195,0.00044481706355116777,16,2,static,16,256,0.005378334713719607,"{'val_rmse_mean': 0.9174661636352539, 'val_mae_mean': 0.7087281942367554, 'val_r2_mean': -6.017147064208984, 'val_rmse_target_0': 1.002548336982727, 'val_mae_target_0': 0.6387765407562256, 'val_r2_target_0': -7.606499671936035, 'val_rmse_target_1': 0.9783167243003845, 'val_mae_target_1': 0.7114611268043518, 'val_r2_target_1': -4.458159446716309, 'val_rmse_target_2': 0.7745959758758545, 'val_mae_target_2': 0.6452721357345581, 'val_r2_target_2': -0.6312941312789917, 'val_rmse_target_3': 0.8792569041252136, 'val_mae_target_3': 0.6849319934844971, 'val_r2_target_3': -1.7968852519989014, 'val_rmse_target_4': 0.7991924285888672, 'val_mae_target_4': 0.6461353898048401, 'val_r2_target_4': -0.38404178619384766, 'val_rmse_target_5': 0.7655014991760254, 'val_mae_target_5': 0.6187699437141418, 'val_r2_target_5': -0.03802132606506348, 'val_rmse_target_6': 0.7987209558486938, 'val_mae_target_6': 0.6724886894226074, 'val_r2_target_6': -0.18910717964172363, 'val_rmse_target_7': 0.937819242477417, 'val_mae_target_7': 0.7229184508323669, 'val_r2_target_7': -1.4604930877685547, 'val_rmse_target_8': 1.133665919303894, 'val_mae_target_8': 0.9599257707595825, 'val_r2_target_8': -27.175580978393555, 'val_rmse_target_9': 0.775242030620575, 'val_mae_target_9': 0.5953440070152283, 'val_r2_target_9': -0.7193776369094849, 'val_rmse_target_10': 1.0128772258758545, 'val_mae_target_10': 0.8467587232589722, 'val_r2_target_10': -3.279550075531006, 'val_rmse_target_11': 1.0885636806488037, 'val_mae_target_11': 0.7968788743019104, 'val_r2_target_11': -24.419313430786133, 'val_rmse_target_12': 1.0089458227157593, 'val_mae_target_12': 0.6948050856590271, 'val_r2_target_12': -11.096830368041992, 'val_rmse_target_13': 0.8892791867256165, 'val_mae_target_13': 0.6877270340919495, 'val_r2_target_13': -0.9849157333374023}",COMPLETE
31,0.3761115626052574,2026-02-01 18:35:30.177315,2026-02-01 18:36:12.873784,0 days 00:00:42.696469,16,False,0.22929962824860584,0.36816392403236264,0.3105146261511135,0.000343957419042645,8,2,static,16,256,0.0026608714844539574,"{'val_rmse_mean': 0.9365755319595337, 'val_mae_mean': 0.7265604734420776, 'val_r2_mean': -7.455288887023926, 'val_rmse_target_0': 1.0086477994918823, 'val_mae_target_0': 0.6610340476036072, 'val_r2_target_0': -13.181449890136719, 'val_rmse_target_1': 0.9869108200073242, 'val_mae_target_1': 0.7187286615371704, 'val_r2_target_1': -4.401294231414795, 'val_rmse_target_2': 0.8985678553581238, 'val_mae_target_2': 0.7546790242195129, 'val_r2_target_2': -1.7967424392700195, 'val_rmse_target_3': 0.9188119173049927, 'val_mae_target_3': 0.6928820610046387, 'val_r2_target_3': -2.6393237113952637, 'val_rmse_target_4': 0.8290331959724426, 'val_mae_target_4': 0.659826934337616, 'val_r2_target_4': -0.7336044311523438, 'val_rmse_target_5': 0.7415906190872192, 'val_mae_target_5': 0.5933172702789307, 'val_r2_target_5': -0.1471714973449707, 'val_rmse_target_6': 0.7718030214309692, 'val_mae_target_6': 0.6612162590026855, 'val_r2_target_6': -0.3043379783630371, 'val_rmse_target_7': 0.9402211904525757, 'val_mae_target_7': 0.7555861473083496, 'val_r2_target_7': -2.188014507293701, 'val_rmse_target_8': 1.1466656923294067, 'val_mae_target_8': 0.9732875227928162, 'val_r2_target_8': -31.596675872802734, 'val_rmse_target_9': 0.8786519169807434, 'val_mae_target_9': 0.6695271134376526, 'val_r2_target_9': -2.049353837966919, 'val_rmse_target_10': 1.006622314453125, 'val_mae_target_10': 0.8079509735107422, 'val_r2_target_10': -4.611652374267578, 'val_rmse_target_11': 1.0952656269073486, 'val_mae_target_11': 0.806248128414154, 'val_r2_target_11': -21.968591690063477, 'val_rmse_target_12': 1.035577654838562, 'val_mae_target_12': 0.728825032711029, 'val_r2_target_12': -17.33136558532715, 'val_rmse_target_13': 0.8536878824234009, 'val_mae_target_13': 0.6887378692626953, 'val_r2_target_13': -1.4244740009307861}",COMPLETE
32,0.35384681324164075,2026-02-01 18:36:12.942373,2026-02-01 18:36:58.298794,0 days 00:00:45.356421,16,False,0.1587977112628799,0.374587688095073,0.34613431556339874,0.0004330844101927532,8,2,static,16,256,0.00419008924059055,"{'val_rmse_mean': 0.9049870371818542, 'val_mae_mean': 0.6954342126846313, 'val_r2_mean': -6.360251426696777, 'val_rmse_target_0': 0.9804636836051941, 'val_mae_target_0': 0.6231725215911865, 'val_r2_target_0': -8.004186630249023, 'val_rmse_target_1': 1.00868558883667, 'val_mae_target_1': 0.7369229197502136, 'val_r2_target_1': -3.5734968185424805, 'val_rmse_target_2': 0.7842035889625549, 'val_mae_target_2': 0.632927417755127, 'val_r2_target_2': -0.5106743574142456, 'val_rmse_target_3': 0.8919370174407959, 'val_mae_target_3': 0.6799731254577637, 'val_r2_target_3': -1.789273977279663, 'val_rmse_target_4': 0.7614291906356812, 'val_mae_target_4': 0.6068505644798279, 'val_r2_target_4': -0.2555280923843384, 'val_rmse_target_5': 0.727059543132782, 'val_mae_target_5': 0.579738199710846, 'val_r2_target_5': 0.013127386569976807, 'val_rmse_target_6': 0.7771709561347961, 'val_mae_target_6': 0.6551006436347961, 'val_r2_target_6': -0.13033592700958252, 'val_rmse_target_7': 0.8723885416984558, 'val_mae_target_7': 0.6758814454078674, 'val_r2_target_7': -1.4899353981018066, 'val_rmse_target_8': 1.126327633857727, 'val_mae_target_8': 0.9509026408195496, 'val_r2_target_8': -36.70645523071289, 'val_rmse_target_9': 0.7819401621818542, 'val_mae_target_9': 0.6020435094833374, 'val_r2_target_9': -0.8939417600631714, 'val_rmse_target_10': 0.9742475748062134, 'val_mae_target_10': 0.7951455116271973, 'val_r2_target_10': -2.9209976196289062, 'val_rmse_target_11': 1.1083089113235474, 'val_mae_target_11': 0.8047675490379333, 'val_r2_target_11': -18.434755325317383, 'val_rmse_target_12': 1.0210258960723877, 'val_mae_target_12': 0.7209456562995911, 'val_r2_target_12': -13.105101585388184, 'val_rmse_target_13': 0.8546305894851685, 'val_mae_target_13': 0.6717081665992737, 'val_r2_target_13': -1.241960048675537}",COMPLETE
33,0.3617472968719624,2026-02-01 18:36:58.367295,2026-02-01 18:37:40.333881,0 days 00:00:41.966586,16,False,0.15561917612569232,0.38881320012038717,0.346743080191413,0.00043809979392866457,8,2,static,16,256,0.0006717927469349508,"{'val_rmse_mean': 0.9145580530166626, 'val_mae_mean': 0.7089409828186035, 'val_r2_mean': -5.8821797370910645, 'val_rmse_target_0': 1.0097652673721313, 'val_mae_target_0': 0.6260975003242493, 'val_r2_target_0': -7.790282249450684, 'val_rmse_target_1': 0.9832788109779358, 'val_mae_target_1': 0.7233467102050781, 'val_r2_target_1': -4.539495944976807, 'val_rmse_target_2': 0.8276466727256775, 'val_mae_target_2': 0.7003441452980042, 'val_r2_target_2': -0.9245834350585938, 'val_rmse_target_3': 0.903664767742157, 'val_mae_target_3': 0.7091159820556641, 'val_r2_target_3': -1.9791982173919678, 'val_rmse_target_4': 0.7835299372673035, 'val_mae_target_4': 0.618407666683197, 'val_r2_target_4': -0.4113438129425049, 'val_rmse_target_5': 0.727763831615448, 'val_mae_target_5': 0.5772301554679871, 'val_r2_target_5': -0.0277249813079834, 'val_rmse_target_6': 0.7728391885757446, 'val_mae_target_6': 0.6641768217086792, 'val_r2_target_6': -0.1442023515701294, 'val_rmse_target_7': 0.9063789248466492, 'val_mae_target_7': 0.7029759287834167, 'val_r2_target_7': -1.0536293983459473, 'val_rmse_target_8': 1.1284589767456055, 'val_mae_target_8': 0.9566969871520996, 'val_r2_target_8': -28.102216720581055, 'val_rmse_target_9': 0.7983028292655945, 'val_mae_target_9': 0.6159976124763489, 'val_r2_target_9': -0.6544064283370972, 'val_rmse_target_10': 0.996605396270752, 'val_mae_target_10': 0.8194066286087036, 'val_r2_target_10': -2.8988964557647705, 'val_rmse_target_11': 1.0857895612716675, 'val_mae_target_11': 0.7928866744041443, 'val_r2_target_11': -21.700714111328125, 'val_rmse_target_12': 1.0161805152893066, 'val_mae_target_12': 0.7267643809318542, 'val_r2_target_12': -11.140109062194824, 'val_rmse_target_13': 0.8636083006858826, 'val_mae_target_13': 0.6917266845703125, 'val_r2_target_13': -0.9837111234664917}",COMPLETE
34,0.35852140133027677,2026-02-01 18:37:40.404158,2026-02-01 18:38:23.882981,0 days 00:00:43.478823,16,False,0.1476530122417714,0.35709659909676456,0.3429613108773345,0.00048795765039596686,8,2,static,16,256,0.005812223390682233,"{'val_rmse_mean': 0.9087475538253784, 'val_mae_mean': 0.7056560516357422, 'val_r2_mean': -4.8997955322265625, 'val_rmse_target_0': 0.9772724509239197, 'val_mae_target_0': 0.6387617588043213, 'val_r2_target_0': -5.381431579589844, 'val_rmse_target_1': 1.00697660446167, 'val_mae_target_1': 0.7373954653739929, 'val_r2_target_1': -3.1705074310302734, 'val_rmse_target_2': 0.7779406905174255, 'val_mae_target_2': 0.63874351978302, 'val_r2_target_2': -0.5956575870513916, 'val_rmse_target_3': 0.9068297743797302, 'val_mae_target_3': 0.7230618596076965, 'val_r2_target_3': -1.6866247653961182, 'val_rmse_target_4': 0.7948883175849915, 'val_mae_target_4': 0.6236269474029541, 'val_r2_target_4': -0.3495347499847412, 'val_rmse_target_5': 0.76381915807724, 'val_mae_target_5': 0.6039638519287109, 'val_r2_target_5': -0.06720006465911865, 'val_rmse_target_6': 0.7803983092308044, 'val_mae_target_6': 0.6605446338653564, 'val_r2_target_6': -0.10574805736541748, 'val_rmse_target_7': 0.9010447859764099, 'val_mae_target_7': 0.701404869556427, 'val_r2_target_7': -1.3496346473693848, 'val_rmse_target_8': 1.1360974311828613, 'val_mae_target_8': 0.9562947750091553, 'val_r2_target_8': -27.472896575927734, 'val_rmse_target_9': 0.799751341342926, 'val_mae_target_9': 0.5953891277313232, 'val_r2_target_9': -0.6277060508728027, 'val_rmse_target_10': 0.9254952073097229, 'val_mae_target_10': 0.788284420967102, 'val_r2_target_10': -1.884551763534546, 'val_rmse_target_11': 1.1242049932479858, 'val_mae_target_11': 0.8366761207580566, 'val_r2_target_11': -15.756303787231445, 'val_rmse_target_12': 0.99723881483078, 'val_mae_target_12': 0.7131885886192322, 'val_r2_target_12': -9.279145240783691, 'val_rmse_target_13': 0.8305084109306335, 'val_mae_target_13': 0.6618485450744629, 'val_r2_target_13': -0.8701941967010498}",COMPLETE
35,0.36766168419961576,2026-02-01 18:38:23.951630,2026-02-01 18:39:08.341111,0 days 00:00:44.389481,16,False,0.1585017217855993,0.33900767730563575,0.3771662066024948,0.0004948266274476329,8,2,static,8,256,0.005816852128163363,"{'val_rmse_mean': 0.9230345487594604, 'val_mae_mean': 0.7185749411582947, 'val_r2_mean': -5.801408290863037, 'val_rmse_target_0': 1.0182057619094849, 'val_mae_target_0': 0.6565431952476501, 'val_r2_target_0': -8.046058654785156, 'val_rmse_target_1': 1.0017781257629395, 'val_mae_target_1': 0.7382197976112366, 'val_r2_target_1': -4.436245441436768, 'val_rmse_target_2': 0.8461239337921143, 'val_mae_target_2': 0.7134929299354553, 'val_r2_target_2': -1.0566306114196777, 'val_rmse_target_3': 0.8939864039421082, 'val_mae_target_3': 0.7024168968200684, 'val_r2_target_3': -1.8956315517425537, 'val_rmse_target_4': 0.7983891367912292, 'val_mae_target_4': 0.6363806128501892, 'val_r2_target_4': -0.6028426885604858, 'val_rmse_target_5': 0.7579596638679504, 'val_mae_target_5': 0.6146751046180725, 'val_r2_target_5': -0.02013993263244629, 'val_rmse_target_6': 0.7557978630065918, 'val_mae_target_6': 0.63367760181427, 'val_r2_target_6': -0.043410658836364746, 'val_rmse_target_7': 0.9347018599510193, 'val_mae_target_7': 0.731801450252533, 'val_r2_target_7': -1.1736729145050049, 'val_rmse_target_8': 1.13533353805542, 'val_mae_target_8': 0.9629649519920349, 'val_r2_target_8': -25.452251434326172, 'val_rmse_target_9': 0.8254561424255371, 'val_mae_target_9': 0.6580033302307129, 'val_r2_target_9': -0.7877076864242554, 'val_rmse_target_10': 0.9877215623855591, 'val_mae_target_10': 0.8249534368515015, 'val_r2_target_10': -2.8807592391967773, 'val_rmse_target_11': 1.095119833946228, 'val_mae_target_11': 0.8039686679840088, 'val_r2_target_11': -20.229028701782227, 'val_rmse_target_12': 1.0190657377243042, 'val_mae_target_12': 0.7023972272872925, 'val_r2_target_12': -13.614463806152344, 'val_rmse_target_13': 0.8528435826301575, 'val_mae_target_13': 0.6805537939071655, 'val_r2_target_13': -0.9808797836303711}",COMPLETE
36,0.36201863046045657,2026-02-01 18:39:08.411051,2026-02-01 18:39:53.548261,0 days 00:00:45.137210,16,False,0.13716760570652056,0.3589283982615995,0.28562443010582805,0.0002656902241285405,32,2,static,16,256,0.00024054719485752166,"{'val_rmse_mean': 0.9204931259155273, 'val_mae_mean': 0.705604076385498, 'val_r2_mean': -10.480332374572754, 'val_rmse_target_0': 1.007343053817749, 'val_mae_target_0': 0.6516997814178467, 'val_r2_target_0': -15.068334579467773, 'val_rmse_target_1': 0.954800009727478, 'val_mae_target_1': 0.6688938140869141, 'val_r2_target_1': -6.478366374969482, 'val_rmse_target_2': 0.8466417789459229, 'val_mae_target_2': 0.6882349848747253, 'val_r2_target_2': -1.9645180702209473, 'val_rmse_target_3': 0.917877733707428, 'val_mae_target_3': 0.6801373958587646, 'val_r2_target_3': -2.6652674674987793, 'val_rmse_target_4': 0.8262545466423035, 'val_mae_target_4': 0.6786279082298279, 'val_r2_target_4': -0.9599558115005493, 'val_rmse_target_5': 0.7746497988700867, 'val_mae_target_5': 0.6143580675125122, 'val_r2_target_5': -0.4260139465332031, 'val_rmse_target_6': 0.7712298631668091, 'val_mae_target_6': 0.6690072417259216, 'val_r2_target_6': -0.5862315893173218, 'val_rmse_target_7': 0.8809937834739685, 'val_mae_target_7': 0.7041539549827576, 'val_r2_target_7': -2.5765185356140137, 'val_rmse_target_8': 1.104367733001709, 'val_mae_target_8': 0.9279280304908752, 'val_r2_target_8': -53.05952453613281, 'val_rmse_target_9': 0.8467167615890503, 'val_mae_target_9': 0.6340439319610596, 'val_r2_target_9': -2.4396421909332275, 'val_rmse_target_10': 0.9814659357070923, 'val_mae_target_10': 0.7868471741676331, 'val_r2_target_10': -6.5255351066589355, 'val_rmse_target_11': 1.0693109035491943, 'val_mae_target_11': 0.7691466808319092, 'val_r2_target_11': -33.299407958984375, 'val_rmse_target_12': 1.0352518558502197, 'val_mae_target_12': 0.7404256463050842, 'val_r2_target_12': -18.219799041748047, 'val_rmse_target_13': 0.8700003623962402, 'val_mae_target_13': 0.6649524569511414, 'val_r2_target_13': -2.455554246902466}",COMPLETE
37,0.37818192497447684,2026-02-01 18:39:53.617186,2026-02-01 18:40:34.384983,0 days 00:00:40.767797,16,False,0.12061077152872751,0.31450997910365575,0.3677186482432558,0.00031970916390093666,16,2,static,8,256,0.004012613464276026,"{'val_rmse_mean': 0.9424746632575989, 'val_mae_mean': 0.7300569415092468, 'val_r2_mean': -9.85689640045166, 'val_rmse_target_0': 1.042997121810913, 'val_mae_target_0': 0.6713226437568665, 'val_r2_target_0': -17.726011276245117, 'val_rmse_target_1': 0.9680066704750061, 'val_mae_target_1': 0.7040318846702576, 'val_r2_target_1': -5.8588385581970215, 'val_rmse_target_2': 0.9500161409378052, 'val_mae_target_2': 0.796781599521637, 'val_r2_target_2': -2.4970080852508545, 'val_rmse_target_3': 0.9602153301239014, 'val_mae_target_3': 0.7423202991485596, 'val_r2_target_3': -3.1100502014160156, 'val_rmse_target_4': 0.8750581741333008, 'val_mae_target_4': 0.7061353325843811, 'val_r2_target_4': -1.2283945083618164, 'val_rmse_target_5': 0.7489369511604309, 'val_mae_target_5': 0.5901665091514587, 'val_r2_target_5': -0.19632375240325928, 'val_rmse_target_6': 0.7643173336982727, 'val_mae_target_6': 0.6487147212028503, 'val_r2_target_6': -0.2430875301361084, 'val_rmse_target_7': 0.9089601039886475, 'val_mae_target_7': 0.7307565212249756, 'val_r2_target_7': -2.0819811820983887, 'val_rmse_target_8': 1.1206084489822388, 'val_mae_target_8': 0.944543719291687, 'val_r2_target_8': -48.06113815307617, 'val_rmse_target_9': 0.8617040514945984, 'val_mae_target_9': 0.65970379114151, 'val_r2_target_9': -2.330418348312378, 'val_rmse_target_10': 1.0044565200805664, 'val_mae_target_10': 0.8053826093673706, 'val_r2_target_10': -6.754727363586426, 'val_rmse_target_11': 1.069009780883789, 'val_mae_target_11': 0.7750140428543091, 'val_r2_target_11': -25.386720657348633, 'val_rmse_target_12': 1.0200952291488647, 'val_mae_target_12': 0.7263220548629761, 'val_r2_target_12': -20.635591506958008, 'val_rmse_target_13': 0.9002636671066284, 'val_mae_target_13': 0.7196017503738403, 'val_r2_target_13': -1.8862667083740234}",COMPLETE
38,0.37715371008272525,2026-02-01 18:40:34.455201,2026-02-01 18:41:17.590361,0 days 00:00:43.135160,16,False,0.15138789541747455,0.3356735810740411,0.3411696584522239,0.00022993668997205044,32,2,static,16,256,0.0018855916306263188,"{'val_rmse_mean': 0.9411993026733398, 'val_mae_mean': 0.7239746451377869, 'val_r2_mean': -11.759313583374023, 'val_rmse_target_0': 1.0031332969665527, 'val_mae_target_0': 0.6487739682197571, 'val_r2_target_0': -22.10345458984375, 'val_rmse_target_1': 0.9798055291175842, 'val_mae_target_1': 0.6846675872802734, 'val_r2_target_1': -9.660958290100098, 'val_rmse_target_2': 0.867802083492279, 'val_mae_target_2': 0.7112774848937988, 'val_r2_target_2': -3.38850736618042, 'val_rmse_target_3': 0.9352226853370667, 'val_mae_target_3': 0.7038035988807678, 'val_r2_target_3': -5.235243797302246, 'val_rmse_target_4': 0.8609167337417603, 'val_mae_target_4': 0.7010772824287415, 'val_r2_target_4': -2.502199649810791, 'val_rmse_target_5': 0.7700055837631226, 'val_mae_target_5': 0.5810500979423523, 'val_r2_target_5': -0.9204902648925781, 'val_rmse_target_6': 0.7836730480194092, 'val_mae_target_6': 0.6910132169723511, 'val_r2_target_6': -1.0707316398620605, 'val_rmse_target_7': 0.9200902581214905, 'val_mae_target_7': 0.7534477114677429, 'val_r2_target_7': -4.2936577796936035, 'val_rmse_target_8': 1.13963782787323, 'val_mae_target_8': 0.9596328139305115, 'val_r2_target_8': -37.53435516357422, 'val_rmse_target_9': 0.8546056151390076, 'val_mae_target_9': 0.6684197187423706, 'val_r2_target_9': -3.725187301635742, 'val_rmse_target_10': 1.025770902633667, 'val_mae_target_10': 0.8069078922271729, 'val_r2_target_10': -9.642965316772461, 'val_rmse_target_11': 1.0733461380004883, 'val_mae_target_11': 0.784204363822937, 'val_r2_target_11': -38.58238220214844, 'val_rmse_target_12': 1.0570470094680786, 'val_mae_target_12': 0.7370705008506775, 'val_r2_target_12': -22.06733512878418, 'val_rmse_target_13': 0.9057333469390869, 'val_mae_target_13': 0.7042987942695618, 'val_r2_target_13': -3.9029126167297363}",COMPLETE
39,0.404683628016048,2026-02-01 18:41:17.660067,2026-02-01 18:42:00.401818,0 days 00:00:42.741751,16,False,0.18912399383450662,0.37208393549561825,0.31334343889973015,7.556812907389263e-05,8,2,static,8,128,0.008197102050464429,"{'val_rmse_mean': 0.9888943433761597, 'val_mae_mean': 0.7633511424064636, 'val_r2_mean': -68.21959686279297, 'val_rmse_target_0': 1.0368008613586426, 'val_mae_target_0': 0.6828627586364746, 'val_r2_target_0': -165.41690063476562, 'val_rmse_target_1': 0.9959114789962769, 'val_mae_target_1': 0.6848694682121277, 'val_r2_target_1': -52.08079147338867, 'val_rmse_target_2': 0.9999271631240845, 'val_mae_target_2': 0.828436017036438, 'val_r2_target_2': -85.25813293457031, 'val_rmse_target_3': 0.9748306274414062, 'val_mae_target_3': 0.7203726172447205, 'val_r2_target_3': -33.60342025756836, 'val_rmse_target_4': 0.9791145920753479, 'val_mae_target_4': 0.8148703575134277, 'val_r2_target_4': -70.9119873046875, 'val_rmse_target_5': 0.9615228772163391, 'val_mae_target_5': 0.7736119031906128, 'val_r2_target_5': -28.156850814819336, 'val_rmse_target_6': 0.9003064632415771, 'val_mae_target_6': 0.7674388289451599, 'val_r2_target_6': -31.388507843017578, 'val_rmse_target_7': 0.9541170001029968, 'val_mae_target_7': 0.7796996235847473, 'val_r2_target_7': -37.04856491088867, 'val_rmse_target_8': 1.0534796714782715, 'val_mae_target_8': 0.8769381642341614, 'val_r2_target_8': -76.61612701416016, 'val_rmse_target_9': 0.9708716869354248, 'val_mae_target_9': 0.7471430897712708, 'val_r2_target_9': -50.26881790161133, 'val_rmse_target_10': 0.9979745745658875, 'val_mae_target_10': 0.796069860458374, 'val_r2_target_10': -78.08719635009766, 'val_rmse_target_11': 1.0120902061462402, 'val_mae_target_11': 0.7065688371658325, 'val_r2_target_11': -177.9010009765625, 'val_rmse_target_12': 1.026901364326477, 'val_mae_target_12': 0.7244071364402771, 'val_r2_target_12': -32.88392639160156, 'val_rmse_target_13': 0.9806726574897766, 'val_mae_target_13': 0.7836272120475769, 'val_r2_target_13': -35.452125549316406}",COMPLETE
40,0.3638443323197188,2026-02-01 18:42:00.470582,2026-02-01 18:42:42.933910,0 days 00:00:42.463328,16,False,0.12169310551030954,0.3862019056365286,0.25198624891648547,0.0003591283827046597,16,2,static,16,256,0.0016245422059599135,"{'val_rmse_mean': 0.9202627539634705, 'val_mae_mean': 0.7092867493629456, 'val_r2_mean': -6.057445526123047, 'val_rmse_target_0': 1.0013887882232666, 'val_mae_target_0': 0.6521004438400269, 'val_r2_target_0': -8.153388977050781, 'val_rmse_target_1': 0.9828909635543823, 'val_mae_target_1': 0.7054911851882935, 'val_r2_target_1': -4.256500720977783, 'val_rmse_target_2': 0.8199393153190613, 'val_mae_target_2': 0.690444827079773, 'val_r2_target_2': -1.1937432289123535, 'val_rmse_target_3': 0.8984012007713318, 'val_mae_target_3': 0.6931219696998596, 'val_r2_target_3': -2.0151326656341553, 'val_rmse_target_4': 0.7900067567825317, 'val_mae_target_4': 0.6312415599822998, 'val_r2_target_4': -0.6045703887939453, 'val_rmse_target_5': 0.7340109348297119, 'val_mae_target_5': 0.5718904137611389, 'val_r2_target_5': -0.01750504970550537, 'val_rmse_target_6': 0.7627812623977661, 'val_mae_target_6': 0.6572892069816589, 'val_r2_target_6': -0.13806891441345215, 'val_rmse_target_7': 0.9071293473243713, 'val_mae_target_7': 0.720270037651062, 'val_r2_target_7': -1.5886714458465576, 'val_rmse_target_8': 1.1803162097930908, 'val_mae_target_8': 0.984726071357727, 'val_r2_target_8': -25.82380485534668, 'val_rmse_target_9': 0.8321977257728577, 'val_mae_target_9': 0.6242877244949341, 'val_r2_target_9': -1.3008091449737549, 'val_rmse_target_10': 1.0006681680679321, 'val_mae_target_10': 0.8053659796714783, 'val_r2_target_10': -4.433035850524902, 'val_rmse_target_11': 1.095585584640503, 'val_mae_target_11': 0.7957993149757385, 'val_r2_target_11': -20.786752700805664, 'val_rmse_target_12': 1.0401957035064697, 'val_mae_target_12': 0.732695996761322, 'val_r2_target_12': -13.410743713378906, 'val_rmse_target_13': 0.8381660580635071, 'val_mae_target_13': 0.665289580821991, 'val_r2_target_13': -1.0815107822418213}",COMPLETE
41,0.36029157373640275,2026-02-01 18:42:43.005047,2026-02-01 18:43:24.826946,0 days 00:00:41.821899,16,False,0.16404504417440421,0.3888461119854343,0.34607244507995694,0.00045721384180196206,8,2,static,16,256,0.0006477657259910673,"{'val_rmse_mean': 0.9124283194541931, 'val_mae_mean': 0.7045890688896179, 'val_r2_mean': -5.532284736633301, 'val_rmse_target_0': 1.0000334978103638, 'val_mae_target_0': 0.6509989500045776, 'val_r2_target_0': -8.125141143798828, 'val_rmse_target_1': 0.9952079653739929, 'val_mae_target_1': 0.7239819169044495, 'val_r2_target_1': -3.9755568504333496, 'val_rmse_target_2': 0.7660683989524841, 'val_mae_target_2': 0.6345734000205994, 'val_r2_target_2': -0.829814076423645, 'val_rmse_target_3': 0.9105674624443054, 'val_mae_target_3': 0.7095240354537964, 'val_r2_target_3': -2.016063928604126, 'val_rmse_target_4': 0.7889474034309387, 'val_mae_target_4': 0.645034670829773, 'val_r2_target_4': -0.5030579566955566, 'val_rmse_target_5': 0.7233041524887085, 'val_mae_target_5': 0.565909743309021, 'val_r2_target_5': -0.04991936683654785, 'val_rmse_target_6': 0.7478642463684082, 'val_mae_target_6': 0.6277318596839905, 'val_r2_target_6': -0.11562705039978027, 'val_rmse_target_7': 0.9081567525863647, 'val_mae_target_7': 0.6920192837715149, 'val_r2_target_7': -1.2835934162139893, 'val_rmse_target_8': 1.1667346954345703, 'val_mae_target_8': 0.9979920387268066, 'val_r2_target_8': -25.618581771850586, 'val_rmse_target_9': 0.8226457834243774, 'val_mae_target_9': 0.6363610029220581, 'val_r2_target_9': -1.0612916946411133, 'val_rmse_target_10': 0.9795481562614441, 'val_mae_target_10': 0.8036351203918457, 'val_r2_target_10': -3.4103198051452637, 'val_rmse_target_11': 1.0889962911605835, 'val_mae_target_11': 0.8069892525672913, 'val_r2_target_11': -18.6666259765625, 'val_rmse_target_12': 1.0081238746643066, 'val_mae_target_12': 0.6970344185829163, 'val_r2_target_12': -10.93780517578125, 'val_rmse_target_13': 0.8677980899810791, 'val_mae_target_13': 0.6724604368209839, 'val_r2_target_13': -0.858588457107544}",COMPLETE
42,0.36322562396526337,2026-02-01 18:43:24.905700,2026-02-01 18:44:07.111637,0 days 00:00:42.205937,16,False,0.16838471057641674,0.3589679350077157,0.32522106905465414,0.00043584319417244125,8,2,static,16,256,0.0005666754357724021,"{'val_rmse_mean': 0.91777104139328, 'val_mae_mean': 0.7134299278259277, 'val_r2_mean': -5.287367820739746, 'val_rmse_target_0': 1.0051722526550293, 'val_mae_target_0': 0.6314005255699158, 'val_r2_target_0': -8.356810569763184, 'val_rmse_target_1': 1.0217581987380981, 'val_mae_target_1': 0.7431432008743286, 'val_r2_target_1': -3.6206068992614746, 'val_rmse_target_2': 0.758066713809967, 'val_mae_target_2': 0.6371892094612122, 'val_r2_target_2': -0.6059496402740479, 'val_rmse_target_3': 0.9249650835990906, 'val_mae_target_3': 0.7246735095977783, 'val_r2_target_3': -1.6100490093231201, 'val_rmse_target_4': 0.8199581503868103, 'val_mae_target_4': 0.6582816243171692, 'val_r2_target_4': -0.3557741641998291, 'val_rmse_target_5': 0.7443512082099915, 'val_mae_target_5': 0.6032741069793701, 'val_r2_target_5': 0.016085445880889893, 'val_rmse_target_6': 0.785128653049469, 'val_mae_target_6': 0.6688527464866638, 'val_r2_target_6': -0.11376476287841797, 'val_rmse_target_7': 0.9162319302558899, 'val_mae_target_7': 0.7164878845214844, 'val_r2_target_7': -1.1602201461791992, 'val_rmse_target_8': 1.1284780502319336, 'val_mae_target_8': 0.9545860290527344, 'val_r2_target_8': -26.890722274780273, 'val_rmse_target_9': 0.8059952259063721, 'val_mae_target_9': 0.6325147151947021, 'val_r2_target_9': -0.649856448173523, 'val_rmse_target_10': 0.9830449223518372, 'val_mae_target_10': 0.789264440536499, 'val_r2_target_10': -3.4826736450195312, 'val_rmse_target_11': 1.0958242416381836, 'val_mae_target_11': 0.8124774098396301, 'val_r2_target_11': -16.343120574951172, 'val_rmse_target_12': 1.0095664262771606, 'val_mae_target_12': 0.722244143486023, 'val_r2_target_12': -10.056195259094238, 'val_rmse_target_13': 0.8502548336982727, 'val_mae_target_13': 0.6936293244361877, 'val_r2_target_13': -0.7935004234313965}",COMPLETE
43,0.3654366450177299,2026-02-01 18:44:07.180844,2026-02-01 18:44:49.509610,0 days 00:00:42.328766,16,False,0.16393356268672613,0.3876265137589271,0.3848242888327183,0.0004862022978878514,8,2,static,16,256,0.0044182280724530025,"{'val_rmse_mean': 0.9198040962219238, 'val_mae_mean': 0.7143586277961731, 'val_r2_mean': -5.2891926765441895, 'val_rmse_target_0': 1.0059467554092407, 'val_mae_target_0': 0.6342385411262512, 'val_r2_target_0': -8.232377052307129, 'val_rmse_target_1': 1.0354280471801758, 'val_mae_target_1': 0.7544170022010803, 'val_r2_target_1': -4.222604751586914, 'val_rmse_target_2': 0.7890083193778992, 'val_mae_target_2': 0.6583740711212158, 'val_r2_target_2': -0.49964356422424316, 'val_rmse_target_3': 0.887162983417511, 'val_mae_target_3': 0.6965115666389465, 'val_r2_target_3': -1.3858344554901123, 'val_rmse_target_4': 0.7565088272094727, 'val_mae_target_4': 0.598059892654419, 'val_r2_target_4': -0.15984892845153809, 'val_rmse_target_5': 0.7503691911697388, 'val_mae_target_5': 0.6046323180198669, 'val_r2_target_5': 0.05049818754196167, 'val_rmse_target_6': 0.77384352684021, 'val_mae_target_6': 0.6600935459136963, 'val_r2_target_6': -0.09606051445007324, 'val_rmse_target_7': 0.9101325273513794, 'val_mae_target_7': 0.7097758650779724, 'val_r2_target_7': -1.6656806468963623, 'val_rmse_target_8': 1.1535313129425049, 'val_mae_target_8': 0.9785239696502686, 'val_r2_target_8': -25.345928192138672, 'val_rmse_target_9': 0.8162236213684082, 'val_mae_target_9': 0.6307472586631775, 'val_r2_target_9': -1.0446717739105225, 'val_rmse_target_10': 1.0326097011566162, 'val_mae_target_10': 0.846627950668335, 'val_r2_target_10': -3.269486427307129, 'val_rmse_target_11': 1.102603554725647, 'val_mae_target_11': 0.8334457278251648, 'val_r2_target_11': -16.464271545410156, 'val_rmse_target_12': 1.0291526317596436, 'val_mae_target_12': 0.7207773923873901, 'val_r2_target_12': -10.754286766052246, 'val_rmse_target_13': 0.834736168384552, 'val_mae_target_13': 0.6747956275939941, 'val_r2_target_13': -0.9584972858428955}",COMPLETE
44,0.37035267110224124,2026-02-01 18:44:49.578809,2026-02-01 18:45:31.112483,0 days 00:00:41.533674,16,False,0.14584970041056727,0.3697012039811063,0.30319157688279524,0.00028206021480560944,8,2,static,16,256,0.006093981864441869,"{'val_rmse_mean': 0.9326087236404419, 'val_mae_mean': 0.7216218709945679, 'val_r2_mean': -9.703590393066406, 'val_rmse_target_0': 1.0167425870895386, 'val_mae_target_0': 0.6550125479698181, 'val_r2_target_0': -18.684444427490234, 'val_rmse_target_1': 0.961140513420105, 'val_mae_target_1': 0.6773579120635986, 'val_r2_target_1': -7.642490386962891, 'val_rmse_target_2': 0.9010792374610901, 'val_mae_target_2': 0.7653784155845642, 'val_r2_target_2': -2.6137311458587646, 'val_rmse_target_3': 0.9225695133209229, 'val_mae_target_3': 0.7084925174713135, 'val_r2_target_3': -3.450045108795166, 'val_rmse_target_4': 0.8384979963302612, 'val_mae_target_4': 0.6989481449127197, 'val_r2_target_4': -1.365504264831543, 'val_rmse_target_5': 0.7452941536903381, 'val_mae_target_5': 0.5770964622497559, 'val_r2_target_5': -0.37309277057647705, 'val_rmse_target_6': 0.7613449096679688, 'val_mae_target_6': 0.674127459526062, 'val_r2_target_6': -0.4718519449234009, 'val_rmse_target_7': 0.9101384878158569, 'val_mae_target_7': 0.7371264100074768, 'val_r2_target_7': -2.717313528060913, 'val_rmse_target_8': 1.140098214149475, 'val_mae_target_8': 0.9597210884094238, 'val_r2_target_8': -38.33631896972656, 'val_rmse_target_9': 0.8646789193153381, 'val_mae_target_9': 0.6639113426208496, 'val_r2_target_9': -2.520479917526245, 'val_rmse_target_10': 1.0021448135375977, 'val_mae_target_10': 0.7856432795524597, 'val_r2_target_10': -7.316621780395508, 'val_rmse_target_11': 1.0702989101409912, 'val_mae_target_11': 0.7862256169319153, 'val_r2_target_11': -24.967851638793945, 'val_rmse_target_12': 1.0382486581802368, 'val_mae_target_12': 0.7293205261230469, 'val_r2_target_12': -23.078575134277344, 'val_rmse_target_13': 0.8842434883117676, 'val_mae_target_13': 0.6843445301055908, 'val_r2_target_13': -2.3119637966156006}",COMPLETE
45,0.3666383839315838,2026-02-01 18:45:31.182427,2026-02-01 18:46:14.026041,0 days 00:00:42.843614,16,False,0.18014241000301096,0.34427252758427723,0.3629070868002311,0.00032845081454819516,8,2,static,16,256,0.0019373522850919458,"{'val_rmse_mean': 0.9249446988105774, 'val_mae_mean': 0.7138925194740295, 'val_r2_mean': -8.527702331542969, 'val_rmse_target_0': 1.0053528547286987, 'val_mae_target_0': 0.6425703763961792, 'val_r2_target_0': -12.691123962402344, 'val_rmse_target_1': 0.9873059391975403, 'val_mae_target_1': 0.7064582705497742, 'val_r2_target_1': -6.638406753540039, 'val_rmse_target_2': 0.8930509090423584, 'val_mae_target_2': 0.7495051026344299, 'val_r2_target_2': -2.196587324142456, 'val_rmse_target_3': 0.948776125907898, 'val_mae_target_3': 0.7291691899299622, 'val_r2_target_3': -2.789419174194336, 'val_rmse_target_4': 0.8275375366210938, 'val_mae_target_4': 0.6696488261222839, 'val_r2_target_4': -1.0134994983673096, 'val_rmse_target_5': 0.7539311647415161, 'val_mae_target_5': 0.5852307677268982, 'val_r2_target_5': -0.28015410900115967, 'val_rmse_target_6': 0.7748740315437317, 'val_mae_target_6': 0.6661076545715332, 'val_r2_target_6': -0.3695608377456665, 'val_rmse_target_7': 0.8919594287872314, 'val_mae_target_7': 0.7131457924842834, 'val_r2_target_7': -1.7197959423065186, 'val_rmse_target_8': 1.1192699670791626, 'val_mae_target_8': 0.9438087344169617, 'val_r2_target_8': -37.19854736328125, 'val_rmse_target_9': 0.8067988753318787, 'val_mae_target_9': 0.6007899641990662, 'val_r2_target_9': -1.3890435695648193, 'val_rmse_target_10': 0.9766936898231506, 'val_mae_target_10': 0.788145124912262, 'val_r2_target_10': -5.380756855010986, 'val_rmse_target_11': 1.0744476318359375, 'val_mae_target_11': 0.7868834733963013, 'val_r2_target_11': -30.197250366210938, 'val_rmse_target_12': 1.0128445625305176, 'val_mae_target_12': 0.7280622124671936, 'val_r2_target_12': -15.603048324584961, 'val_rmse_target_13': 0.8763814568519592, 'val_mae_target_13': 0.6849700212478638, 'val_r2_target_13': -1.920630693435669}",COMPLETE
46,0.3903075980919379,2026-02-01 18:46:14.095349,2026-02-01 18:46:58.069651,0 days 00:00:43.974302,16,False,0.14455789729464666,0.3789971262275632,0.3993514199024082,0.0001395254182237791,32,2,static,16,256,3.982435968942675e-05,"{'val_rmse_mean': 0.9667819738388062, 'val_mae_mean': 0.7453362345695496, 'val_r2_mean': -27.85556983947754, 'val_rmse_target_0': 1.030750036239624, 'val_mae_target_0': 0.6545191407203674, 'val_r2_target_0': -65.64207458496094, 'val_rmse_target_1': 0.9925814270973206, 'val_mae_target_1': 0.6770748496055603, 'val_r2_target_1': -20.543949127197266, 'val_rmse_target_2': 0.9721758961677551, 'val_mae_target_2': 0.7951244711875916, 'val_r2_target_2': -13.481664657592773, 'val_rmse_target_3': 0.9612157940864563, 'val_mae_target_3': 0.7181195616722107, 'val_r2_target_3': -16.22003173828125, 'val_rmse_target_4': 0.9276978969573975, 'val_mae_target_4': 0.7710661888122559, 'val_r2_target_4': -10.154559135437012, 'val_rmse_target_5': 0.836793065071106, 'val_mae_target_5': 0.6557715535163879, 'val_r2_target_5': -5.138749122619629, 'val_rmse_target_6': 0.8359894156455994, 'val_mae_target_6': 0.7265273332595825, 'val_r2_target_6': -5.177693843841553, 'val_rmse_target_7': 0.9458901882171631, 'val_mae_target_7': 0.7755471467971802, 'val_r2_target_7': -11.974369049072266, 'val_rmse_target_8': 1.0929460525512695, 'val_mae_target_8': 0.9260750412940979, 'val_r2_target_8': -61.47301483154297, 'val_rmse_target_9': 0.9060510396957397, 'val_mae_target_9': 0.6899774074554443, 'val_r2_target_9': -15.140573501586914, 'val_rmse_target_10': 1.0254820585250854, 'val_mae_target_10': 0.8089043498039246, 'val_r2_target_10': -25.564359664916992, 'val_rmse_target_11': 1.046934962272644, 'val_mae_target_11': 0.7567681074142456, 'val_r2_target_11': -65.86412048339844, 'val_rmse_target_12': 1.0412061214447021, 'val_mae_target_12': 0.7478607296943665, 'val_r2_target_12': -61.53606414794922, 'val_rmse_target_13': 0.9192332029342651, 'val_mae_target_13': 0.7313705086708069, 'val_r2_target_13': -12.06674575805664}",COMPLETE
47,0.3672141791493804,2026-02-01 18:46:58.138384,2026-02-01 18:47:41.669032,0 days 00:00:43.530648,16,False,0.12951164086684339,0.32097618576351583,0.3334060085895324,0.00037067471209550163,8,2,static,8,512,0.00022222040257172416,"{'val_rmse_mean': 0.9226478934288025, 'val_mae_mean': 0.7209290862083435, 'val_r2_mean': -4.477707862854004, 'val_rmse_target_0': 0.9804754257202148, 'val_mae_target_0': 0.6197882890701294, 'val_r2_target_0': -6.876287937164307, 'val_rmse_target_1': 1.0007251501083374, 'val_mae_target_1': 0.7539016604423523, 'val_r2_target_1': -2.9124343395233154, 'val_rmse_target_2': 0.834478497505188, 'val_mae_target_2': 0.7199671268463135, 'val_r2_target_2': -1.1439056396484375, 'val_rmse_target_3': 0.8891596794128418, 'val_mae_target_3': 0.6653255224227905, 'val_r2_target_3': -2.2047278881073, 'val_rmse_target_4': 0.799322247505188, 'val_mae_target_4': 0.635924220085144, 'val_r2_target_4': -0.4287682771682739, 'val_rmse_target_5': 0.7530410885810852, 'val_mae_target_5': 0.6248246431350708, 'val_r2_target_5': 0.030309617519378662, 'val_rmse_target_6': 0.7758731245994568, 'val_mae_target_6': 0.6505439281463623, 'val_r2_target_6': -0.035811543464660645, 'val_rmse_target_7': 0.9167217016220093, 'val_mae_target_7': 0.708686113357544, 'val_r2_target_7': -1.0027105808258057, 'val_rmse_target_8': 1.1326775550842285, 'val_mae_target_8': 0.9676684737205505, 'val_r2_target_8': -19.886451721191406, 'val_rmse_target_9': 0.8196219205856323, 'val_mae_target_9': 0.6426597833633423, 'val_r2_target_9': -0.7043200731277466, 'val_rmse_target_10': 0.9665340185165405, 'val_mae_target_10': 0.7994541525840759, 'val_r2_target_10': -2.56101655960083, 'val_rmse_target_11': 1.1401387453079224, 'val_mae_target_11': 0.8560672402381897, 'val_r2_target_11': -13.708674430847168, 'val_rmse_target_12': 1.0299725532531738, 'val_mae_target_12': 0.7273261547088623, 'val_r2_target_12': -10.391067504882812, 'val_rmse_target_13': 0.8783299326896667, 'val_mae_target_13': 0.7208691835403442, 'val_r2_target_13': -0.8620404005050659}",COMPLETE
48,0.36414106300583593,2026-02-01 18:47:41.737413,2026-02-01 18:48:24.242867,0 days 00:00:42.505454,16,False,0.17192797302279664,0.39934763552862373,0.34327486547878616,0.000459900150264842,8,2,static,16,256,0.0001022440872593249,"{'val_rmse_mean': 0.9192385673522949, 'val_mae_mean': 0.7132883071899414, 'val_r2_mean': -5.463484764099121, 'val_rmse_target_0': 0.987873911857605, 'val_mae_target_0': 0.6408806443214417, 'val_r2_target_0': -7.670952796936035, 'val_rmse_target_1': 0.9897600412368774, 'val_mae_target_1': 0.7099704146385193, 'val_r2_target_1': -4.460013389587402, 'val_rmse_target_2': 0.8175710439682007, 'val_mae_target_2': 0.6862622499465942, 'val_r2_target_2': -0.7276341915130615, 'val_rmse_target_3': 0.9069554805755615, 'val_mae_target_3': 0.7212012410163879, 'val_r2_target_3': -1.5889995098114014, 'val_rmse_target_4': 0.7954752445220947, 'val_mae_target_4': 0.6414601802825928, 'val_r2_target_4': -0.298447847366333, 'val_rmse_target_5': 0.7506504058837891, 'val_mae_target_5': 0.5987748503684998, 'val_r2_target_5': -0.03010427951812744, 'val_rmse_target_6': 0.7809766530990601, 'val_mae_target_6': 0.6699290871620178, 'val_r2_target_6': -0.13468289375305176, 'val_rmse_target_7': 0.9149211645126343, 'val_mae_target_7': 0.7156651020050049, 'val_r2_target_7': -1.2059063911437988, 'val_rmse_target_8': 1.1608911752700806, 'val_mae_target_8': 0.9849326610565186, 'val_r2_target_8': -24.856481552124023, 'val_rmse_target_9': 0.8106676340103149, 'val_mae_target_9': 0.6189463138580322, 'val_r2_target_9': -0.9181585311889648, 'val_rmse_target_10': 0.9836084246635437, 'val_mae_target_10': 0.807982861995697, 'val_r2_target_10': -3.5370984077453613, 'val_rmse_target_11': 1.091339349746704, 'val_mae_target_11': 0.7993788719177246, 'val_r2_target_11': -19.722728729248047, 'val_rmse_target_12': 1.0153093338012695, 'val_mae_target_12': 0.719556450843811, 'val_r2_target_12': -10.425874710083008, 'val_rmse_target_13': 0.8633399605751038, 'val_mae_target_13': 0.6710952520370483, 'val_r2_target_13': -0.9116991758346558}",COMPLETE
49,0.36719730882732954,2026-02-01 18:48:24.312248,2026-02-01 18:49:06.219755,0 days 00:00:41.907507,16,False,0.20444661198509465,0.3620994475117333,0.32021190544218076,0.0003935659332425279,8,2,static,16,128,0.009554092677411663,"{'val_rmse_mean': 0.9304521679878235, 'val_mae_mean': 0.7111966013908386, 'val_r2_mean': -10.959755897521973, 'val_rmse_target_0': 1.0255513191223145, 'val_mae_target_0': 0.6508726477622986, 'val_r2_target_0': -17.204439163208008, 'val_rmse_target_1': 0.9703525304794312, 'val_mae_target_1': 0.6678641438484192, 'val_r2_target_1': -9.912565231323242, 'val_rmse_target_2': 0.8550570011138916, 'val_mae_target_2': 0.698924720287323, 'val_r2_target_2': -2.3088886737823486, 'val_rmse_target_3': 0.9062022566795349, 'val_mae_target_3': 0.673908531665802, 'val_r2_target_3': -4.056893348693848, 'val_rmse_target_4': 0.8247120380401611, 'val_mae_target_4': 0.6820046305656433, 'val_r2_target_4': -1.5438404083251953, 'val_rmse_target_5': 0.7701335549354553, 'val_mae_target_5': 0.5853818655014038, 'val_r2_target_5': -0.7470489740371704, 'val_rmse_target_6': 0.7716368436813354, 'val_mae_target_6': 0.6762988567352295, 'val_r2_target_6': -0.7707786560058594, 'val_rmse_target_7': 0.924346923828125, 'val_mae_target_7': 0.735618531703949, 'val_r2_target_7': -4.682560443878174, 'val_rmse_target_8': 1.1041433811187744, 'val_mae_target_8': 0.9388589262962341, 'val_r2_target_8': -51.61091232299805, 'val_rmse_target_9': 0.8255903720855713, 'val_mae_target_9': 0.643997073173523, 'val_r2_target_9': -3.4363975524902344, 'val_rmse_target_10': 1.0123151540756226, 'val_mae_target_10': 0.7992109656333923, 'val_r2_target_10': -8.534904479980469, 'val_rmse_target_11': 1.0853289365768433, 'val_mae_target_11': 0.8008174896240234, 'val_r2_target_11': -25.529497146606445, 'val_rmse_target_12': 1.0375657081604004, 'val_mae_target_12': 0.7221384644508362, 'val_r2_target_12': -19.498525619506836, 'val_rmse_target_13': 0.9133939743041992, 'val_mae_target_13': 0.6808554530143738, 'val_r2_target_13': -3.599329948425293}",COMPLETE
